method,marg_cov,worst_win_cov,width,interval_score
NNS native PI,0.845217041800643,0.561,5.658247904936664,8.673563693193246
NNS block + CP,0.8942926045016077,0.288,8.30644088604347,11.339456828288366
Ridge (recursive) + CP,0.834766881028939,0.124,9.819236038266109,15.188952711334176
Persistence + CP,0.8596061093247588,0.0,11.700845119008003,18.674312892485847
