method,MAE,RMSE,median_AE
NNS block,1.5136011272156582,2.0556925586936883,1.12208606811395
Ridge (recursive),2.6644732816036893,3.2304601906237487,2.4028239883431057
Persistence,2.493290248083914,3.24141533222641,1.9910934283341892
