method,marg_cov,worst_win_cov,cov_lowvol,cov_hivol,cond_cov_gap,width,interval_score
NNS native PI,0.845217041800643,0.561,0.9271704180064309,0.852572347266881,0.14855305466237945,5.658247904936664,8.673563693193246
NNS + split-CP (flat),0.8243569131832797,0.515,0.8993569131832798,0.84983922829582,0.1686495176848875,5.397754711147717,8.734633715776543
NNS + Gaussian (flat),0.8206993569131832,0.516,0.8940514469453376,0.8421221864951768,0.17025723472668813,5.332100605902861,8.772635078222827
NNS + split-CP (per-lead),0.917604501607717,0.649,0.9959807073954984,0.8577170418006432,0.09655948553054661,8.59459297384414,10.505483113927781
Ridge (recursive) + split-CP (per-lead),0.865032154340836,0.553,0.9546623794212218,0.8263665594855306,0.14855305466237945,10.16897349633998,13.853289701795891
Persistence + split-CP (per-lead),0.88725884244373,0.333,0.9810289389067524,0.807395498392283,0.1617684887459807,12.106951264773958,16.439867386859973
