bringing up nodes...
bringing up nodes...

........................................................................ [  4%]
........................................................................ [  8%]
........................................................................ [ 12%]
........................................................................ [ 16%]
........................................................................ [ 20%]
........................................................................ [ 24%]
........................................................................ [ 29%]
........................................................................ [ 33%]
........................................................................ [ 37%]
........................................................................ [ 41%]
........................................................................ [ 45%]
........................................................................ [ 49%]
........................................................................ [ 53%]
........................................................................ [ 58%]
...........ss..s..s.s.s...ss.s...s.s................................F... [ 62%]
...........F.............F..............F.............F....FFF.FFFFFFFFF [ 66%]
FFFFFFFFFFFFFFFFFFFFFFFFFFFF..F.FF.FFFFF.FFF.F.FF...F.F...FFFFFFFFFFFFFF [ 70%]
F.FFF.F..FF.F.FFFFF.FFF..FFF.FFF.FFFFFFF.F.F.FFFFFFFFFFFFFFFF..FFFFFF.FF [ 74%]
.F..FFFFFFFFFF.F.FFFFFFFFFFF.FFF.FFFFFF.FFFFFF.FFF.FFFFFFFFFFFFF.FFFFFFF [ 78%]
F.FFFFFF.FFFFF.FFFFFFF.F.....................................F..F....... [ 83%]
................F.F.....................F....F.................F.F....FF [ 87%]
..FFF.FF..F.FFFF..F...F.F...FF.FF.FF........F........................... [ 91%]
........................................................................ [ 95%]
........................................................................ [ 99%]
......                                                                   [100%]
=================================== FAILURES ===================================
_________ test_nns_reg_univariate_matches_r[None-off-None-random-1000] _________
[gw0] linux -- Python 3.11.15 /opt/hostedtoolcache/Python/3.11.15/x64/bin/python

rng = Generator(PCG64) at 0x7FBB8FF26DC0, size = 1000, relationship = 'random'
order = None, noise = 'off', point_est = None

    @pytest.mark.parity
    @pytest.mark.parametrize("size", SIZES)
    @pytest.mark.parametrize("relationship", RELATIONSHIPS)
    @pytest.mark.parametrize(("order", "noise", "point_est"), CASES)
    def test_nns_reg_univariate_matches_r(
        rng: np.random.Generator,
        size: int,
        relationship: str,
        order: int | str | None,
        noise: str,
        point_est: np.ndarray | None,
    ) -> None:
        x, y = _relationship(relationship, size, rng)
    
        expected = _r_nns_reg(x, y, order=order, noise=noise, point_est=point_est)
        actual = nns_reg(
            x,
            y,
            order=cast(Order, order),
            noise_reduction=cast(NoiseReduction, noise),
            point_est=point_est,
        )
    
>       _assert_reg_matches(actual, expected)

tests/parity/test_regression.py:85: 
_ _ _ _ _ _ _ _ _ _ _ _ _ _ _ _ _ _ _ _ _ _ _ _ _ _ _ _ _ _ _ _ _ _ _ _ _ _ _ _ 
tests/parity/test_regression.py:938: in _assert_reg_matches
    _assert_scalar_or_empty(actual["R2"], expected["R2"], atol)
_ _ _ _ _ _ _ _ _ _ _ _ _ _ _ _ _ _ _ _ _ _ _ _ _ _ _ _ _ _ _ _ _ _ _ _ _ _ _ _ 

actual = 0.004760129326266129, expected = array(-0.00665072), atol = 1e-10

    def _assert_scalar_or_empty(actual: object, expected: object, atol: float) -> None:
        """Compare a scalar metric, treating port ``None`` as R's empty (NULL)."""
        if actual is None:
            assert _array(expected).size == 0
        else:
>           np.testing.assert_allclose(actual, _array(expected), atol=atol)
E           AssertionError: 
E           Not equal to tolerance rtol=1e-07, atol=1e-10
E           
E           Mismatched elements: 1 / 1 (100%)
E           Max absolute difference among violations: 0.01141085
E           Max relative difference among violations: 1.71573175
E            ACTUAL: array(0.00476)
E            DESIRED: array(-0.006651)

tests/parity/test_regression.py:1002: AssertionError
___________ test_nns_reg_univariate_matches_r[1-mean-None-linear-50] ___________
[gw0] linux -- Python 3.11.15 /opt/hostedtoolcache/Python/3.11.15/x64/bin/python

rng = Generator(PCG64) at 0x7FBB8FF27220, size = 50, relationship = 'linear'
order = 1, noise = 'mean', point_est = None

    @pytest.mark.parity
    @pytest.mark.parametrize("size", SIZES)
    @pytest.mark.parametrize("relationship", RELATIONSHIPS)
    @pytest.mark.parametrize(("order", "noise", "point_est"), CASES)
    def test_nns_reg_univariate_matches_r(
        rng: np.random.Generator,
        size: int,
        relationship: str,
        order: int | str | None,
        noise: str,
        point_est: np.ndarray | None,
    ) -> None:
        x, y = _relationship(relationship, size, rng)
    
        expected = _r_nns_reg(x, y, order=order, noise=noise, point_est=point_est)
        actual = nns_reg(
            x,
            y,
            order=cast(Order, order),
            noise_reduction=cast(NoiseReduction, noise),
            point_est=point_est,
        )
    
>       _assert_reg_matches(actual, expected)

tests/parity/test_regression.py:85: 
_ _ _ _ _ _ _ _ _ _ _ _ _ _ _ _ _ _ _ _ _ _ _ _ _ _ _ _ _ _ _ _ _ _ _ _ _ _ _ _ 
tests/parity/test_regression.py:938: in _assert_reg_matches
    _assert_scalar_or_empty(actual["R2"], expected["R2"], atol)
_ _ _ _ _ _ _ _ _ _ _ _ _ _ _ _ _ _ _ _ _ _ _ _ _ _ _ _ _ _ _ _ _ _ _ _ _ _ _ _ 

actual = 0.999693720605179, expected = array(0.99962918), atol = 1e-10

    def _assert_scalar_or_empty(actual: object, expected: object, atol: float) -> None:
        """Compare a scalar metric, treating port ``None`` as R's empty (NULL)."""
        if actual is None:
            assert _array(expected).size == 0
        else:
>           np.testing.assert_allclose(actual, _array(expected), atol=atol)
E           AssertionError: 
E           Not equal to tolerance rtol=1e-07, atol=1e-10
E           
E           Mismatched elements: 1 / 1 (100%)
E           Max absolute difference among violations: 6.45397606e-05
E           Max relative difference among violations: 6.45637021e-05
E            ACTUAL: array(0.999694)
E            DESIRED: array(0.999629)

tests/parity/test_regression.py:1002: AssertionError
__________ test_nns_reg_univariate_matches_r[1-mean-None-linear-200] ___________
[gw0] linux -- Python 3.11.15 /opt/hostedtoolcache/Python/3.11.15/x64/bin/python

rng = Generator(PCG64) at 0x7FBB8FF26960, size = 200, relationship = 'linear'
order = 1, noise = 'mean', point_est = None

    @pytest.mark.parity
    @pytest.mark.parametrize("size", SIZES)
    @pytest.mark.parametrize("relationship", RELATIONSHIPS)
    @pytest.mark.parametrize(("order", "noise", "point_est"), CASES)
    def test_nns_reg_univariate_matches_r(
        rng: np.random.Generator,
        size: int,
        relationship: str,
        order: int | str | None,
        noise: str,
        point_est: np.ndarray | None,
    ) -> None:
        x, y = _relationship(relationship, size, rng)
    
        expected = _r_nns_reg(x, y, order=order, noise=noise, point_est=point_est)
        actual = nns_reg(
            x,
            y,
            order=cast(Order, order),
            noise_reduction=cast(NoiseReduction, noise),
            point_est=point_est,
        )
    
>       _assert_reg_matches(actual, expected)

tests/parity/test_regression.py:85: 
_ _ _ _ _ _ _ _ _ _ _ _ _ _ _ _ _ _ _ _ _ _ _ _ _ _ _ _ _ _ _ _ _ _ _ _ _ _ _ _ 
tests/parity/test_regression.py:938: in _assert_reg_matches
    _assert_scalar_or_empty(actual["R2"], expected["R2"], atol)
_ _ _ _ _ _ _ _ _ _ _ _ _ _ _ _ _ _ _ _ _ _ _ _ _ _ _ _ _ _ _ _ _ _ _ _ _ _ _ _ 

actual = 0.9996861979307006, expected = array(0.99961874), atol = 1e-10

    def _assert_scalar_or_empty(actual: object, expected: object, atol: float) -> None:
        """Compare a scalar metric, treating port ``None`` as R's empty (NULL)."""
        if actual is None:
            assert _array(expected).size == 0
        else:
>           np.testing.assert_allclose(actual, _array(expected), atol=atol)
E           AssertionError: 
E           Not equal to tolerance rtol=1e-07, atol=1e-10
E           
E           Mismatched elements: 1 / 1 (100%)
E           Max absolute difference among violations: 6.74581349e-05
E           Max relative difference among violations: 6.74838638e-05
E            ACTUAL: array(0.999686)
E            DESIRED: array(0.999619)

tests/parity/test_regression.py:1002: AssertionError
_________ test_nns_reg_univariate_matches_r[1-mean-None-quadratic-50] __________
[gw0] linux -- Python 3.11.15 /opt/hostedtoolcache/Python/3.11.15/x64/bin/python

rng = Generator(PCG64) at 0x7FBB8FF27920, size = 50, relationship = 'quadratic'
order = 1, noise = 'mean', point_est = None

    @pytest.mark.parity
    @pytest.mark.parametrize("size", SIZES)
    @pytest.mark.parametrize("relationship", RELATIONSHIPS)
    @pytest.mark.parametrize(("order", "noise", "point_est"), CASES)
    def test_nns_reg_univariate_matches_r(
        rng: np.random.Generator,
        size: int,
        relationship: str,
        order: int | str | None,
        noise: str,
        point_est: np.ndarray | None,
    ) -> None:
        x, y = _relationship(relationship, size, rng)
    
        expected = _r_nns_reg(x, y, order=order, noise=noise, point_est=point_est)
        actual = nns_reg(
            x,
            y,
            order=cast(Order, order),
            noise_reduction=cast(NoiseReduction, noise),
            point_est=point_est,
        )
    
>       _assert_reg_matches(actual, expected)

tests/parity/test_regression.py:85: 
_ _ _ _ _ _ _ _ _ _ _ _ _ _ _ _ _ _ _ _ _ _ _ _ _ _ _ _ _ _ _ _ _ _ _ _ _ _ _ _ 
tests/parity/test_regression.py:938: in _assert_reg_matches
    _assert_scalar_or_empty(actual["R2"], expected["R2"], atol)
_ _ _ _ _ _ _ _ _ _ _ _ _ _ _ _ _ _ _ _ _ _ _ _ _ _ _ _ _ _ _ _ _ _ _ _ _ _ _ _ 

actual = 0.9378751500600243, expected = array(-0.33798135), atol = 1e-10

    def _assert_scalar_or_empty(actual: object, expected: object, atol: float) -> None:
        """Compare a scalar metric, treating port ``None`` as R's empty (NULL)."""
        if actual is None:
            assert _array(expected).size == 0
        else:
>           np.testing.assert_allclose(actual, _array(expected), atol=atol)
E           AssertionError: 
E           Not equal to tolerance rtol=1e-07, atol=1e-10
E           
E           Mismatched elements: 1 / 1 (100%)
E           Max absolute difference among violations: 1.2758565
E           Max relative difference among violations: 3.77493169
E            ACTUAL: array(0.937875)
E            DESIRED: array(-0.337981)

tests/parity/test_regression.py:1002: AssertionError
_________ test_nns_reg_univariate_matches_r[1-mean-None-quadratic-200] _________
[gw0] linux -- Python 3.11.15 /opt/hostedtoolcache/Python/3.11.15/x64/bin/python

rng = Generator(PCG64) at 0x7FBB8FF27CA0, size = 200, relationship = 'quadratic'
order = 1, noise = 'mean', point_est = None

    @pytest.mark.parity
    @pytest.mark.parametrize("size", SIZES)
    @pytest.mark.parametrize("relationship", RELATIONSHIPS)
    @pytest.mark.parametrize(("order", "noise", "point_est"), CASES)
    def test_nns_reg_univariate_matches_r(
        rng: np.random.Generator,
        size: int,
        relationship: str,
        order: int | str | None,
        noise: str,
        point_est: np.ndarray | None,
    ) -> None:
        x, y = _relationship(relationship, size, rng)
    
        expected = _r_nns_reg(x, y, order=order, noise=noise, point_est=point_est)
        actual = nns_reg(
            x,
            y,
            order=cast(Order, order),
            noise_reduction=cast(NoiseReduction, noise),
            point_est=point_est,
        )
    
>       _assert_reg_matches(actual, expected)

tests/parity/test_regression.py:85: 
_ _ _ _ _ _ _ _ _ _ _ _ _ _ _ _ _ _ _ _ _ _ _ _ _ _ _ _ _ _ _ _ _ _ _ _ _ _ _ _ 
tests/parity/test_regression.py:938: in _assert_reg_matches
    _assert_scalar_or_empty(actual["R2"], expected["R2"], atol)
_ _ _ _ _ _ _ _ _ _ _ _ _ _ _ _ _ _ _ _ _ _ _ _ _ _ _ _ _ _ _ _ _ _ _ _ _ _ _ _ 

actual = 0.937523438085952, expected = array(-0.39613243), atol = 1e-10

    def _assert_scalar_or_empty(actual: object, expected: object, atol: float) -> None:
        """Compare a scalar metric, treating port ``None`` as R's empty (NULL)."""
        if actual is None:
            assert _array(expected).size == 0
        else:
>           np.testing.assert_allclose(actual, _array(expected), atol=atol)
E           AssertionError: 
E           Not equal to tolerance rtol=1e-07, atol=1e-10
E           
E           Mismatched elements: 1 / 1 (100%)
E           Max absolute difference among violations: 1.33365587
E           Max relative difference among violations: 3.36669197
E            ACTUAL: array(0.937523)
E            DESIRED: array(-0.396132)

tests/parity/test_regression.py:1002: AssertionError
________ test_nns_reg_univariate_matches_r[1-mean-None-quadratic-1000] _________
[gw0] linux -- Python 3.11.15 /opt/hostedtoolcache/Python/3.11.15/x64/bin/python

rng = Generator(PCG64) at 0x7FBB8D458200, size = 1000
relationship = 'quadratic', order = 1, noise = 'mean', point_est = None

    @pytest.mark.parity
    @pytest.mark.parametrize("size", SIZES)
    @pytest.mark.parametrize("relationship", RELATIONSHIPS)
    @pytest.mark.parametrize(("order", "noise", "point_est"), CASES)
    def test_nns_reg_univariate_matches_r(
        rng: np.random.Generator,
        size: int,
        relationship: str,
        order: int | str | None,
        noise: str,
        point_est: np.ndarray | None,
    ) -> None:
        x, y = _relationship(relationship, size, rng)
    
        expected = _r_nns_reg(x, y, order=order, noise=noise, point_est=point_est)
        actual = nns_reg(
            x,
            y,
            order=cast(Order, order),
            noise_reduction=cast(NoiseReduction, noise),
            point_est=point_est,
        )
    
>       _assert_reg_matches(actual, expected)

tests/parity/test_regression.py:85: 
_ _ _ _ _ _ _ _ _ _ _ _ _ _ _ _ _ _ _ _ _ _ _ _ _ _ _ _ _ _ _ _ _ _ _ _ _ _ _ _ 
tests/parity/test_regression.py:938: in _assert_reg_matches
    _assert_scalar_or_empty(actual["R2"], expected["R2"], atol)
_ _ _ _ _ _ _ _ _ _ _ _ _ _ _ _ _ _ _ _ _ _ _ _ _ _ _ _ _ _ _ _ _ _ _ _ _ _ _ _ 

actual = 0.9375009375009374, expected = array(-0.41251206), atol = 1e-10

    def _assert_scalar_or_empty(actual: object, expected: object, atol: float) -> None:
        """Compare a scalar metric, treating port ``None`` as R's empty (NULL)."""
        if actual is None:
            assert _array(expected).size == 0
        else:
>           np.testing.assert_allclose(actual, _array(expected), atol=atol)
E           AssertionError: 
E           Not equal to tolerance rtol=1e-07, atol=1e-10
E           
E           Mismatched elements: 1 / 1 (100%)
E           Max absolute difference among violations: 1.350013
E           Max relative difference among violations: 3.27266311
E            ACTUAL: array(0.937501)
E            DESIRED: array(-0.412512)

tests/parity/test_regression.py:1002: AssertionError
____________ test_nns_reg_univariate_matches_r[1-mean-None-sin-50] _____________
[gw0] linux -- Python 3.11.15 /opt/hostedtoolcache/Python/3.11.15/x64/bin/python

rng = Generator(PCG64) at 0x7FBB8D458660, size = 50, relationship = 'sin'
order = 1, noise = 'mean', point_est = None

    @pytest.mark.parity
    @pytest.mark.parametrize("size", SIZES)
    @pytest.mark.parametrize("relationship", RELATIONSHIPS)
    @pytest.mark.parametrize(("order", "noise", "point_est"), CASES)
    def test_nns_reg_univariate_matches_r(
        rng: np.random.Generator,
        size: int,
        relationship: str,
        order: int | str | None,
        noise: str,
        point_est: np.ndarray | None,
    ) -> None:
        x, y = _relationship(relationship, size, rng)
    
        expected = _r_nns_reg(x, y, order=order, noise=noise, point_est=point_est)
        actual = nns_reg(
            x,
            y,
            order=cast(Order, order),
            noise_reduction=cast(NoiseReduction, noise),
            point_est=point_est,
        )
    
>       _assert_reg_matches(actual, expected)

tests/parity/test_regression.py:85: 
_ _ _ _ _ _ _ _ _ _ _ _ _ _ _ _ _ _ _ _ _ _ _ _ _ _ _ _ _ _ _ _ _ _ _ _ _ _ _ _ 
tests/parity/test_regression.py:938: in _assert_reg_matches
    _assert_scalar_or_empty(actual["R2"], expected["R2"], atol)
_ _ _ _ _ _ _ _ _ _ _ _ _ _ _ _ _ _ _ _ _ _ _ _ _ _ _ _ _ _ _ _ _ _ _ _ _ _ _ _ 

actual = 0.9523361668629529, expected = array(0.8717489), atol = 1e-10

    def _assert_scalar_or_empty(actual: object, expected: object, atol: float) -> None:
        """Compare a scalar metric, treating port ``None`` as R's empty (NULL)."""
        if actual is None:
            assert _array(expected).size == 0
        else:
>           np.testing.assert_allclose(actual, _array(expected), atol=atol)
E           AssertionError: 
E           Not equal to tolerance rtol=1e-07, atol=1e-10
E           
E           Mismatched elements: 1 / 1 (100%)
E           Max absolute difference among violations: 0.08058727
E           Max relative difference among violations: 0.09244322
E            ACTUAL: array(0.952336)
E            DESIRED: array(0.871749)

tests/parity/test_regression.py:1002: AssertionError
____________ test_nns_reg_univariate_matches_r[1-mean-None-sin-200] ____________
[gw0] linux -- Python 3.11.15 /opt/hostedtoolcache/Python/3.11.15/x64/bin/python

rng = Generator(PCG64) at 0x7FBB8D458D60, size = 200, relationship = 'sin'
order = 1, noise = 'mean', point_est = None

    @pytest.mark.parity
    @pytest.mark.parametrize("size", SIZES)
    @pytest.mark.parametrize("relationship", RELATIONSHIPS)
    @pytest.mark.parametrize(("order", "noise", "point_est"), CASES)
    def test_nns_reg_univariate_matches_r(
        rng: np.random.Generator,
        size: int,
        relationship: str,
        order: int | str | None,
        noise: str,
        point_est: np.ndarray | None,
    ) -> None:
        x, y = _relationship(relationship, size, rng)
    
        expected = _r_nns_reg(x, y, order=order, noise=noise, point_est=point_est)
        actual = nns_reg(
            x,
            y,
            order=cast(Order, order),
            noise_reduction=cast(NoiseReduction, noise),
            point_est=point_est,
        )
    
>       _assert_reg_matches(actual, expected)

tests/parity/test_regression.py:85: 
_ _ _ _ _ _ _ _ _ _ _ _ _ _ _ _ _ _ _ _ _ _ _ _ _ _ _ _ _ _ _ _ _ _ _ _ _ _ _ _ 
tests/parity/test_regression.py:938: in _assert_reg_matches
    _assert_scalar_or_empty(actual["R2"], expected["R2"], atol)
_ _ _ _ _ _ _ _ _ _ _ _ _ _ _ _ _ _ _ _ _ _ _ _ _ _ _ _ _ _ _ _ _ _ _ _ _ _ _ _ 

actual = 0.9554390818885374, expected = array(0.86906653), atol = 1e-10

    def _assert_scalar_or_empty(actual: object, expected: object, atol: float) -> None:
        """Compare a scalar metric, treating port ``None`` as R's empty (NULL)."""
        if actual is None:
            assert _array(expected).size == 0
        else:
>           np.testing.assert_allclose(actual, _array(expected), atol=atol)
E           AssertionError: 
E           Not equal to tolerance rtol=1e-07, atol=1e-10
E           
E           Mismatched elements: 1 / 1 (100%)
E           Max absolute difference among violations: 0.08637255
E           Max relative difference among violations: 0.09938543
E            ACTUAL: array(0.955439)
E            DESIRED: array(0.869067)

tests/parity/test_regression.py:1002: AssertionError
__________ test_nns_reg_mode_noise_reduction_matches_r[1-random-200] ___________
[gw3] linux -- Python 3.11.15 /opt/hostedtoolcache/Python/3.11.15/x64/bin/python

rng = Generator(PCG64) at 0x7F62560CB220, size = 200, relationship = 'random'
order = 1

    @pytest.mark.parity
    @pytest.mark.parametrize("size", SIZES)
    @pytest.mark.parametrize("relationship", MODE_RELATIONSHIPS)
    @pytest.mark.parametrize("order", MODE_ORDERS)
    def test_nns_reg_mode_noise_reduction_matches_r(
        rng: np.random.Generator,
        size: int,
        relationship: str,
        order: int | None,
    ) -> None:
        x, y = _relationship(relationship, size, rng)
    
        expected = _r_nns_reg(x, y, order=order, noise="mode", point_est=None)
        actual = nns_reg(x, y, order=order, noise_reduction="mode")
    
>       _assert_reg_matches(actual, expected)

tests/parity/test_regression.py:220: 
_ _ _ _ _ _ _ _ _ _ _ _ _ _ _ _ _ _ _ _ _ _ _ _ _ _ _ _ _ _ _ _ _ _ _ _ _ _ _ _ 
tests/parity/test_regression.py:938: in _assert_reg_matches
    _assert_scalar_or_empty(actual["R2"], expected["R2"], atol)
_ _ _ _ _ _ _ _ _ _ _ _ _ _ _ _ _ _ _ _ _ _ _ _ _ _ _ _ _ _ _ _ _ _ _ _ _ _ _ _ 

actual = 0.00011338797515582857, expected = array(-0.02667402), atol = 1e-10

    def _assert_scalar_or_empty(actual: object, expected: object, atol: float) -> None:
        """Compare a scalar metric, treating port ``None`` as R's empty (NULL)."""
        if actual is None:
            assert _array(expected).size == 0
        else:
>           np.testing.assert_allclose(actual, _array(expected), atol=atol)
E           AssertionError: 
E           Not equal to tolerance rtol=1e-07, atol=1e-10
E           
E           Mismatched elements: 1 / 1 (100%)
E           Max absolute difference among violations: 0.02678741
E           Max relative difference among violations: 1.00425088
E            ACTUAL: array(0.000113)
E            DESIRED: array(-0.026674)

tests/parity/test_regression.py:1002: AssertionError
___________ test_nns_reg_univariate_matches_r[1-mean-None-sin-1000] ____________
[gw0] linux -- Python 3.11.15 /opt/hostedtoolcache/Python/3.11.15/x64/bin/python

rng = Generator(PCG64) at 0x7FBB8D459460, size = 1000, relationship = 'sin'
order = 1, noise = 'mean', point_est = None

    @pytest.mark.parity
    @pytest.mark.parametrize("size", SIZES)
    @pytest.mark.parametrize("relationship", RELATIONSHIPS)
    @pytest.mark.parametrize(("order", "noise", "point_est"), CASES)
    def test_nns_reg_univariate_matches_r(
        rng: np.random.Generator,
        size: int,
        relationship: str,
        order: int | str | None,
        noise: str,
        point_est: np.ndarray | None,
    ) -> None:
        x, y = _relationship(relationship, size, rng)
    
        expected = _r_nns_reg(x, y, order=order, noise=noise, point_est=point_est)
        actual = nns_reg(
            x,
            y,
            order=cast(Order, order),
            noise_reduction=cast(NoiseReduction, noise),
            point_est=point_est,
        )
    
>       _assert_reg_matches(actual, expected)

tests/parity/test_regression.py:85: 
_ _ _ _ _ _ _ _ _ _ _ _ _ _ _ _ _ _ _ _ _ _ _ _ _ _ _ _ _ _ _ _ _ _ _ _ _ _ _ _ 
tests/parity/test_regression.py:938: in _assert_reg_matches
    _assert_scalar_or_empty(actual["R2"], expected["R2"], atol)
_ _ _ _ _ _ _ _ _ _ _ _ _ _ _ _ _ _ _ _ _ _ _ _ _ _ _ _ _ _ _ _ _ _ _ _ _ _ _ _ 

actual = 0.9562592870507807, expected = array(0.86833756), atol = 1e-10

    def _assert_scalar_or_empty(actual: object, expected: object, atol: float) -> None:
        """Compare a scalar metric, treating port ``None`` as R's empty (NULL)."""
        if actual is None:
            assert _array(expected).size == 0
        else:
>           np.testing.assert_allclose(actual, _array(expected), atol=atol)
E           AssertionError: 
E           Not equal to tolerance rtol=1e-07, atol=1e-10
E           
E           Mismatched elements: 1 / 1 (100%)
E           Max absolute difference among violations: 0.08792172
E           Max relative difference among violations: 0.10125293
E            ACTUAL: array(0.956259)
E            DESIRED: array(0.868338)

tests/parity/test_regression.py:1002: AssertionError
__________ test_nns_reg_mode_noise_reduction_matches_r[1-random-1000] __________
[gw3] linux -- Python 3.11.15 /opt/hostedtoolcache/Python/3.11.15/x64/bin/python

rng = Generator(PCG64) at 0x7F62560CB680, size = 1000, relationship = 'random'
order = 1

    @pytest.mark.parity
    @pytest.mark.parametrize("size", SIZES)
    @pytest.mark.parametrize("relationship", MODE_RELATIONSHIPS)
    @pytest.mark.parametrize("order", MODE_ORDERS)
    def test_nns_reg_mode_noise_reduction_matches_r(
        rng: np.random.Generator,
        size: int,
        relationship: str,
        order: int | None,
    ) -> None:
        x, y = _relationship(relationship, size, rng)
    
        expected = _r_nns_reg(x, y, order=order, noise="mode", point_est=None)
        actual = nns_reg(x, y, order=order, noise_reduction="mode")
    
>       _assert_reg_matches(actual, expected)

tests/parity/test_regression.py:220: 
_ _ _ _ _ _ _ _ _ _ _ _ _ _ _ _ _ _ _ _ _ _ _ _ _ _ _ _ _ _ _ _ _ _ _ _ _ _ _ _ 
tests/parity/test_regression.py:938: in _assert_reg_matches
    _assert_scalar_or_empty(actual["R2"], expected["R2"], atol)
_ _ _ _ _ _ _ _ _ _ _ _ _ _ _ _ _ _ _ _ _ _ _ _ _ _ _ _ _ _ _ _ _ _ _ _ _ _ _ _ 

actual = 0.00011048824527697805, expected = array(-0.14461914), atol = 1e-10

    def _assert_scalar_or_empty(actual: object, expected: object, atol: float) -> None:
        """Compare a scalar metric, treating port ``None`` as R's empty (NULL)."""
        if actual is None:
            assert _array(expected).size == 0
        else:
>           np.testing.assert_allclose(actual, _array(expected), atol=atol)
E           AssertionError: 
E           Not equal to tolerance rtol=1e-07, atol=1e-10
E           
E           Mismatched elements: 1 / 1 (100%)
E           Max absolute difference among violations: 0.14472963
E           Max relative difference among violations: 1.00076399
E            ACTUAL: array(0.00011)
E            DESIRED: array(-0.144619)

tests/parity/test_regression.py:1002: AssertionError
___________ test_nns_reg_univariate_matches_r[1-mean-None-random-50] ___________
[gw0] linux -- Python 3.11.15 /opt/hostedtoolcache/Python/3.11.15/x64/bin/python

rng = Generator(PCG64) at 0x7FBB8D4599A0, size = 50, relationship = 'random'
order = 1, noise = 'mean', point_est = None

    @pytest.mark.parity
    @pytest.mark.parametrize("size", SIZES)
    @pytest.mark.parametrize("relationship", RELATIONSHIPS)
    @pytest.mark.parametrize(("order", "noise", "point_est"), CASES)
    def test_nns_reg_univariate_matches_r(
        rng: np.random.Generator,
        size: int,
        relationship: str,
        order: int | str | None,
        noise: str,
        point_est: np.ndarray | None,
    ) -> None:
        x, y = _relationship(relationship, size, rng)
    
        expected = _r_nns_reg(x, y, order=order, noise=noise, point_est=point_est)
        actual = nns_reg(
            x,
            y,
            order=cast(Order, order),
            noise_reduction=cast(NoiseReduction, noise),
            point_est=point_est,
        )
    
>       _assert_reg_matches(actual, expected)

tests/parity/test_regression.py:85: 
_ _ _ _ _ _ _ _ _ _ _ _ _ _ _ _ _ _ _ _ _ _ _ _ _ _ _ _ _ _ _ _ _ _ _ _ _ _ _ _ 
tests/parity/test_regression.py:938: in _assert_reg_matches
    _assert_scalar_or_empty(actual["R2"], expected["R2"], atol)
_ _ _ _ _ _ _ _ _ _ _ _ _ _ _ _ _ _ _ _ _ _ _ _ _ _ _ _ _ _ _ _ _ _ _ _ _ _ _ _ 

actual = 0.033774378605656, expected = array(-0.05019044), atol = 1e-10

    def _assert_scalar_or_empty(actual: object, expected: object, atol: float) -> None:
        """Compare a scalar metric, treating port ``None`` as R's empty (NULL)."""
        if actual is None:
            assert _array(expected).size == 0
        else:
>           np.testing.assert_allclose(actual, _array(expected), atol=atol)
E           AssertionError: 
E           Not equal to tolerance rtol=1e-07, atol=1e-10
E           
E           Mismatched elements: 1 / 1 (100%)
E           Max absolute difference among violations: 0.08396481
E           Max relative difference among violations: 1.6729246
E            ACTUAL: array(0.033774)
E            DESIRED: array(-0.05019)

tests/parity/test_regression.py:1002: AssertionError
___________ test_nns_reg_mode_noise_reduction_matches_r[2-linear-50] ___________
[gw3] linux -- Python 3.11.15 /opt/hostedtoolcache/Python/3.11.15/x64/bin/python

rng = Generator(PCG64) at 0x7F62560CBD80, size = 50, relationship = 'linear'
order = 2

    @pytest.mark.parity
    @pytest.mark.parametrize("size", SIZES)
    @pytest.mark.parametrize("relationship", MODE_RELATIONSHIPS)
    @pytest.mark.parametrize("order", MODE_ORDERS)
    def test_nns_reg_mode_noise_reduction_matches_r(
        rng: np.random.Generator,
        size: int,
        relationship: str,
        order: int | None,
    ) -> None:
        x, y = _relationship(relationship, size, rng)
    
        expected = _r_nns_reg(x, y, order=order, noise="mode", point_est=None)
        actual = nns_reg(x, y, order=order, noise_reduction="mode")
    
>       _assert_reg_matches(actual, expected)

tests/parity/test_regression.py:220: 
_ _ _ _ _ _ _ _ _ _ _ _ _ _ _ _ _ _ _ _ _ _ _ _ _ _ _ _ _ _ _ _ _ _ _ _ _ _ _ _ 
tests/parity/test_regression.py:938: in _assert_reg_matches
    _assert_scalar_or_empty(actual["R2"], expected["R2"], atol)
_ _ _ _ _ _ _ _ _ _ _ _ _ _ _ _ _ _ _ _ _ _ _ _ _ _ _ _ _ _ _ _ _ _ _ _ _ _ _ _ 

actual = 0.9887197281341086, expected = array(0.97995656), atol = 1e-10

    def _assert_scalar_or_empty(actual: object, expected: object, atol: float) -> None:
        """Compare a scalar metric, treating port ``None`` as R's empty (NULL)."""
        if actual is None:
            assert _array(expected).size == 0
        else:
>           np.testing.assert_allclose(actual, _array(expected), atol=atol)
E           AssertionError: 
E           Not equal to tolerance rtol=1e-07, atol=1e-10
E           
E           Mismatched elements: 1 / 1 (100%)
E           Max absolute difference among violations: 0.00876317
E           Max relative difference among violations: 0.00894241
E            ACTUAL: array(0.98872)
E            DESIRED: array(0.979957)

tests/parity/test_regression.py:1002: AssertionError
__________ test_nns_reg_univariate_matches_r[None-off-None-linear-50] __________
[gw2] linux -- Python 3.11.15 /opt/hostedtoolcache/Python/3.11.15/x64/bin/python

rng = Generator(PCG64) at 0x7F97EE882260, size = 50, relationship = 'linear'
order = None, noise = 'off', point_est = None

    @pytest.mark.parity
    @pytest.mark.parametrize("size", SIZES)
    @pytest.mark.parametrize("relationship", RELATIONSHIPS)
    @pytest.mark.parametrize(("order", "noise", "point_est"), CASES)
    def test_nns_reg_univariate_matches_r(
        rng: np.random.Generator,
        size: int,
        relationship: str,
        order: int | str | None,
        noise: str,
        point_est: np.ndarray | None,
    ) -> None:
        x, y = _relationship(relationship, size, rng)
    
        expected = _r_nns_reg(x, y, order=order, noise=noise, point_est=point_est)
        actual = nns_reg(
            x,
            y,
            order=cast(Order, order),
            noise_reduction=cast(NoiseReduction, noise),
            point_est=point_est,
        )
    
>       _assert_reg_matches(actual, expected)

tests/parity/test_regression.py:85: 
_ _ _ _ _ _ _ _ _ _ _ _ _ _ _ _ _ _ _ _ _ _ _ _ _ _ _ _ _ _ _ _ _ _ _ _ _ _ _ _ 
tests/parity/test_regression.py:938: in _assert_reg_matches
    _assert_scalar_or_empty(actual["R2"], expected["R2"], atol)
_ _ _ _ _ _ _ _ _ _ _ _ _ _ _ _ _ _ _ _ _ _ _ _ _ _ _ _ _ _ _ _ _ _ _ _ _ _ _ _ 

actual = 0.9998047664418673, expected = array(0.99979195), atol = 1e-10

    def _assert_scalar_or_empty(actual: object, expected: object, atol: float) -> None:
        """Compare a scalar metric, treating port ``None`` as R's empty (NULL)."""
        if actual is None:
            assert _array(expected).size == 0
        else:
>           np.testing.assert_allclose(actual, _array(expected), atol=atol)
E           AssertionError: 
E           Not equal to tolerance rtol=1e-07, atol=1e-10
E           
E           Mismatched elements: 1 / 1 (100%)
E           Max absolute difference among violations: 1.28128482e-05
E           Max relative difference among violations: 1.28155144e-05
E            ACTUAL: array(0.999805)
E            DESIRED: array(0.999792)

tests/parity/test_regression.py:1002: AssertionError
_________ test_nns_reg_univariate_matches_r[None-off-None-linear-200] __________
[gw2] linux -- Python 3.11.15 /opt/hostedtoolcache/Python/3.11.15/x64/bin/python

rng = Generator(PCG64) at 0x7F97EE882420, size = 200, relationship = 'linear'
order = None, noise = 'off', point_est = None

    @pytest.mark.parity
    @pytest.mark.parametrize("size", SIZES)
    @pytest.mark.parametrize("relationship", RELATIONSHIPS)
    @pytest.mark.parametrize(("order", "noise", "point_est"), CASES)
    def test_nns_reg_univariate_matches_r(
        rng: np.random.Generator,
        size: int,
        relationship: str,
        order: int | str | None,
        noise: str,
        point_est: np.ndarray | None,
    ) -> None:
        x, y = _relationship(relationship, size, rng)
    
        expected = _r_nns_reg(x, y, order=order, noise=noise, point_est=point_est)
        actual = nns_reg(
            x,
            y,
            order=cast(Order, order),
            noise_reduction=cast(NoiseReduction, noise),
            point_est=point_est,
        )
    
>       _assert_reg_matches(actual, expected)

tests/parity/test_regression.py:85: 
_ _ _ _ _ _ _ _ _ _ _ _ _ _ _ _ _ _ _ _ _ _ _ _ _ _ _ _ _ _ _ _ _ _ _ _ _ _ _ _ 
tests/parity/test_regression.py:938: in _assert_reg_matches
    _assert_scalar_or_empty(actual["R2"], expected["R2"], atol)
_ _ _ _ _ _ _ _ _ _ _ _ _ _ _ _ _ _ _ _ _ _ _ _ _ _ _ _ _ _ _ _ _ _ _ _ _ _ _ _ 

actual = 0.9998256176444481, expected = array(0.99982342), atol = 1e-10

    def _assert_scalar_or_empty(actual: object, expected: object, atol: float) -> None:
        """Compare a scalar metric, treating port ``None`` as R's empty (NULL)."""
        if actual is None:
            assert _array(expected).size == 0
        else:
>           np.testing.assert_allclose(actual, _array(expected), atol=atol)
E           AssertionError: 
E           Not equal to tolerance rtol=1e-07, atol=1e-10
E           
E           Mismatched elements: 1 / 1 (100%)
E           Max absolute difference among violations: 2.19999187e-06
E           Max relative difference among violations: 2.20038042e-06
E            ACTUAL: array(0.999826)
E            DESIRED: array(0.999823)

tests/parity/test_regression.py:1002: AssertionError
__________ test_nns_reg_mode_noise_reduction_matches_r[2-linear-200] ___________
[gw3] linux -- Python 3.11.15 /opt/hostedtoolcache/Python/3.11.15/x64/bin/python

rng = Generator(PCG64) at 0x7F6256158740, size = 200, relationship = 'linear'
order = 2

    @pytest.mark.parity
    @pytest.mark.parametrize("size", SIZES)
    @pytest.mark.parametrize("relationship", MODE_RELATIONSHIPS)
    @pytest.mark.parametrize("order", MODE_ORDERS)
    def test_nns_reg_mode_noise_reduction_matches_r(
        rng: np.random.Generator,
        size: int,
        relationship: str,
        order: int | None,
    ) -> None:
        x, y = _relationship(relationship, size, rng)
    
        expected = _r_nns_reg(x, y, order=order, noise="mode", point_est=None)
        actual = nns_reg(x, y, order=order, noise_reduction="mode")
    
>       _assert_reg_matches(actual, expected)

tests/parity/test_regression.py:220: 
_ _ _ _ _ _ _ _ _ _ _ _ _ _ _ _ _ _ _ _ _ _ _ _ _ _ _ _ _ _ _ _ _ _ _ _ _ _ _ _ 
tests/parity/test_regression.py:938: in _assert_reg_matches
    _assert_scalar_or_empty(actual["R2"], expected["R2"], atol)
_ _ _ _ _ _ _ _ _ _ _ _ _ _ _ _ _ _ _ _ _ _ _ _ _ _ _ _ _ _ _ _ _ _ _ _ _ _ _ _ 

actual = 0.9889408591821373, expected = array(0.97910889), atol = 1e-10

    def _assert_scalar_or_empty(actual: object, expected: object, atol: float) -> None:
        """Compare a scalar metric, treating port ``None`` as R's empty (NULL)."""
        if actual is None:
            assert _array(expected).size == 0
        else:
>           np.testing.assert_allclose(actual, _array(expected), atol=atol)
E           AssertionError: 
E           Not equal to tolerance rtol=1e-07, atol=1e-10
E           
E           Mismatched elements: 1 / 1 (100%)
E           Max absolute difference among violations: 0.00983197
E           Max relative difference among violations: 0.01004175
E            ACTUAL: array(0.988941)
E            DESIRED: array(0.979109)

tests/parity/test_regression.py:1002: AssertionError
__________ test_nns_reg_univariate_matches_r[1-mean-None-random-200] ___________
[gw0] linux -- Python 3.11.15 /opt/hostedtoolcache/Python/3.11.15/x64/bin/python

rng = Generator(PCG64) at 0x7FBB8D459EE0, size = 200, relationship = 'random'
order = 1, noise = 'mean', point_est = None

    @pytest.mark.parity
    @pytest.mark.parametrize("size", SIZES)
    @pytest.mark.parametrize("relationship", RELATIONSHIPS)
    @pytest.mark.parametrize(("order", "noise", "point_est"), CASES)
    def test_nns_reg_univariate_matches_r(
        rng: np.random.Generator,
        size: int,
        relationship: str,
        order: int | str | None,
        noise: str,
        point_est: np.ndarray | None,
    ) -> None:
        x, y = _relationship(relationship, size, rng)
    
        expected = _r_nns_reg(x, y, order=order, noise=noise, point_est=point_est)
        actual = nns_reg(
            x,
            y,
            order=cast(Order, order),
            noise_reduction=cast(NoiseReduction, noise),
            point_est=point_est,
        )
    
>       _assert_reg_matches(actual, expected)

tests/parity/test_regression.py:85: 
_ _ _ _ _ _ _ _ _ _ _ _ _ _ _ _ _ _ _ _ _ _ _ _ _ _ _ _ _ _ _ _ _ _ _ _ _ _ _ _ 
tests/parity/test_regression.py:938: in _assert_reg_matches
    _assert_scalar_or_empty(actual["R2"], expected["R2"], atol)
_ _ _ _ _ _ _ _ _ _ _ _ _ _ _ _ _ _ _ _ _ _ _ _ _ _ _ _ _ _ _ _ _ _ _ _ _ _ _ _ 

actual = 0.0003123275226856681, expected = array(-0.02269992), atol = 1e-10

    def _assert_scalar_or_empty(actual: object, expected: object, atol: float) -> None:
        """Compare a scalar metric, treating port ``None`` as R's empty (NULL)."""
        if actual is None:
            assert _array(expected).size == 0
        else:
>           np.testing.assert_allclose(actual, _array(expected), atol=atol)
E           AssertionError: 
E           Not equal to tolerance rtol=1e-07, atol=1e-10
E           
E           Mismatched elements: 1 / 1 (100%)
E           Max absolute difference among violations: 0.02301225
E           Max relative difference among violations: 1.01375897
E            ACTUAL: array(0.000312)
E            DESIRED: array(-0.0227)

tests/parity/test_regression.py:1002: AssertionError
__________ test_nns_reg_mode_noise_reduction_matches_r[2-linear-1000] __________
[gw3] linux -- Python 3.11.15 /opt/hostedtoolcache/Python/3.11.15/x64/bin/python

rng = Generator(PCG64) at 0x7F62560CBD80, size = 1000, relationship = 'linear'
order = 2

    @pytest.mark.parity
    @pytest.mark.parametrize("size", SIZES)
    @pytest.mark.parametrize("relationship", MODE_RELATIONSHIPS)
    @pytest.mark.parametrize("order", MODE_ORDERS)
    def test_nns_reg_mode_noise_reduction_matches_r(
        rng: np.random.Generator,
        size: int,
        relationship: str,
        order: int | None,
    ) -> None:
        x, y = _relationship(relationship, size, rng)
    
        expected = _r_nns_reg(x, y, order=order, noise="mode", point_est=None)
        actual = nns_reg(x, y, order=order, noise_reduction="mode")
    
>       _assert_reg_matches(actual, expected)

tests/parity/test_regression.py:220: 
_ _ _ _ _ _ _ _ _ _ _ _ _ _ _ _ _ _ _ _ _ _ _ _ _ _ _ _ _ _ _ _ _ _ _ _ _ _ _ _ 
tests/parity/test_regression.py:938: in _assert_reg_matches
    _assert_scalar_or_empty(actual["R2"], expected["R2"], atol)
_ _ _ _ _ _ _ _ _ _ _ _ _ _ _ _ _ _ _ _ _ _ _ _ _ _ _ _ _ _ _ _ _ _ _ _ _ _ _ _ 

actual = 0.9886135682914429, expected = array(0.97933718), atol = 1e-10

    def _assert_scalar_or_empty(actual: object, expected: object, atol: float) -> None:
        """Compare a scalar metric, treating port ``None`` as R's empty (NULL)."""
        if actual is None:
            assert _array(expected).size == 0
        else:
>           np.testing.assert_allclose(actual, _array(expected), atol=atol)
E           AssertionError: 
E           Not equal to tolerance rtol=1e-07, atol=1e-10
E           
E           Mismatched elements: 1 / 1 (100%)
E           Max absolute difference among violations: 0.00927639
E           Max relative difference among violations: 0.00947211
E            ACTUAL: array(0.988614)
E            DESIRED: array(0.979337)

tests/parity/test_regression.py:1002: AssertionError
_________ test_nns_reg_univariate_matches_r[None-off-None-linear-1000] _________
[gw2] linux -- Python 3.11.15 /opt/hostedtoolcache/Python/3.11.15/x64/bin/python

rng = Generator(PCG64) at 0x7F97EE882B20, size = 1000, relationship = 'linear'
order = None, noise = 'off', point_est = None

    @pytest.mark.parity
    @pytest.mark.parametrize("size", SIZES)
    @pytest.mark.parametrize("relationship", RELATIONSHIPS)
    @pytest.mark.parametrize(("order", "noise", "point_est"), CASES)
    def test_nns_reg_univariate_matches_r(
        rng: np.random.Generator,
        size: int,
        relationship: str,
        order: int | str | None,
        noise: str,
        point_est: np.ndarray | None,
    ) -> None:
        x, y = _relationship(relationship, size, rng)
    
        expected = _r_nns_reg(x, y, order=order, noise=noise, point_est=point_est)
        actual = nns_reg(
            x,
            y,
            order=cast(Order, order),
            noise_reduction=cast(NoiseReduction, noise),
            point_est=point_est,
        )
    
>       _assert_reg_matches(actual, expected)

tests/parity/test_regression.py:85: 
_ _ _ _ _ _ _ _ _ _ _ _ _ _ _ _ _ _ _ _ _ _ _ _ _ _ _ _ _ _ _ _ _ _ _ _ _ _ _ _ 
tests/parity/test_regression.py:938: in _assert_reg_matches
    _assert_scalar_or_empty(actual["R2"], expected["R2"], atol)
_ _ _ _ _ _ _ _ _ _ _ _ _ _ _ _ _ _ _ _ _ _ _ _ _ _ _ _ _ _ _ _ _ _ _ _ _ _ _ _ 

actual = 0.9997272233549231, expected = array(0.99972058), atol = 1e-10

    def _assert_scalar_or_empty(actual: object, expected: object, atol: float) -> None:
        """Compare a scalar metric, treating port ``None`` as R's empty (NULL)."""
        if actual is None:
            assert _array(expected).size == 0
        else:
>           np.testing.assert_allclose(actual, _array(expected), atol=atol)
E           AssertionError: 
E           Not equal to tolerance rtol=1e-07, atol=1e-10
E           
E           Mismatched elements: 1 / 1 (100%)
E           Max absolute difference among violations: 6.64445558e-06
E           Max relative difference among violations: 6.6463127e-06
E            ACTUAL: array(0.999727)
E            DESIRED: array(0.999721)

tests/parity/test_regression.py:1002: AssertionError
__________ test_nns_reg_univariate_matches_r[1-mean-None-random-1000] __________
[gw0] linux -- Python 3.11.15 /opt/hostedtoolcache/Python/3.11.15/x64/bin/python

rng = Generator(PCG64) at 0x7FBB8FF27AE0, size = 1000, relationship = 'random'
order = 1, noise = 'mean', point_est = None

    @pytest.mark.parity
    @pytest.mark.parametrize("size", SIZES)
    @pytest.mark.parametrize("relationship", RELATIONSHIPS)
    @pytest.mark.parametrize(("order", "noise", "point_est"), CASES)
    def test_nns_reg_univariate_matches_r(
        rng: np.random.Generator,
        size: int,
        relationship: str,
        order: int | str | None,
        noise: str,
        point_est: np.ndarray | None,
    ) -> None:
        x, y = _relationship(relationship, size, rng)
    
        expected = _r_nns_reg(x, y, order=order, noise=noise, point_est=point_est)
        actual = nns_reg(
            x,
            y,
            order=cast(Order, order),
            noise_reduction=cast(NoiseReduction, noise),
            point_est=point_est,
        )
    
>       _assert_reg_matches(actual, expected)

tests/parity/test_regression.py:85: 
_ _ _ _ _ _ _ _ _ _ _ _ _ _ _ _ _ _ _ _ _ _ _ _ _ _ _ _ _ _ _ _ _ _ _ _ _ _ _ _ 
tests/parity/test_regression.py:938: in _assert_reg_matches
    _assert_scalar_or_empty(actual["R2"], expected["R2"], atol)
_ _ _ _ _ _ _ _ _ _ _ _ _ _ _ _ _ _ _ _ _ _ _ _ _ _ _ _ _ _ _ _ _ _ _ _ _ _ _ _ 

actual = 0.00011552273316901348, expected = array(-0.13825625), atol = 1e-10

    def _assert_scalar_or_empty(actual: object, expected: object, atol: float) -> None:
        """Compare a scalar metric, treating port ``None`` as R's empty (NULL)."""
        if actual is None:
            assert _array(expected).size == 0
        else:
>           np.testing.assert_allclose(actual, _array(expected), atol=atol)
E           AssertionError: 
E           Not equal to tolerance rtol=1e-07, atol=1e-10
E           
E           Mismatched elements: 1 / 1 (100%)
E           Max absolute difference among violations: 0.13837177
E           Max relative difference among violations: 1.00083557
E            ACTUAL: array(0.000116)
E            DESIRED: array(-0.138256)

tests/parity/test_regression.py:1002: AssertionError
_________ test_nns_reg_mode_noise_reduction_matches_r[2-quadratic-50] __________
[gw3] linux -- Python 3.11.15 /opt/hostedtoolcache/Python/3.11.15/x64/bin/python

rng = Generator(PCG64) at 0x7F62560CB680, size = 50, relationship = 'quadratic'
order = 2

    @pytest.mark.parity
    @pytest.mark.parametrize("size", SIZES)
    @pytest.mark.parametrize("relationship", MODE_RELATIONSHIPS)
    @pytest.mark.parametrize("order", MODE_ORDERS)
    def test_nns_reg_mode_noise_reduction_matches_r(
        rng: np.random.Generator,
        size: int,
        relationship: str,
        order: int | None,
    ) -> None:
        x, y = _relationship(relationship, size, rng)
    
        expected = _r_nns_reg(x, y, order=order, noise="mode", point_est=None)
        actual = nns_reg(x, y, order=order, noise_reduction="mode")
    
>       _assert_reg_matches(actual, expected)

tests/parity/test_regression.py:220: 
_ _ _ _ _ _ _ _ _ _ _ _ _ _ _ _ _ _ _ _ _ _ _ _ _ _ _ _ _ _ _ _ _ _ _ _ _ _ _ _ 
tests/parity/test_regression.py:938: in _assert_reg_matches
    _assert_scalar_or_empty(actual["R2"], expected["R2"], atol)
_ _ _ _ _ _ _ _ _ _ _ _ _ _ _ _ _ _ _ _ _ _ _ _ _ _ _ _ _ _ _ _ _ _ _ _ _ _ _ _ 

actual = 0.9540834654472474, expected = array(0.87280826), atol = 1e-10

    def _assert_scalar_or_empty(actual: object, expected: object, atol: float) -> None:
        """Compare a scalar metric, treating port ``None`` as R's empty (NULL)."""
        if actual is None:
            assert _array(expected).size == 0
        else:
>           np.testing.assert_allclose(actual, _array(expected), atol=atol)
E           AssertionError: 
E           Not equal to tolerance rtol=1e-07, atol=1e-10
E           
E           Mismatched elements: 1 / 1 (100%)
E           Max absolute difference among violations: 0.08127521
E           Max relative difference among violations: 0.0931192
E            ACTUAL: array(0.954083)
E            DESIRED: array(0.872808)

tests/parity/test_regression.py:1002: AssertionError
________ test_nns_reg_univariate_matches_r[None-off-None-quadratic-50] _________
[gw2] linux -- Python 3.11.15 /opt/hostedtoolcache/Python/3.11.15/x64/bin/python

rng = Generator(PCG64) at 0x7F97EE8833E0, size = 50, relationship = 'quadratic'
order = None, noise = 'off', point_est = None

    @pytest.mark.parity
    @pytest.mark.parametrize("size", SIZES)
    @pytest.mark.parametrize("relationship", RELATIONSHIPS)
    @pytest.mark.parametrize(("order", "noise", "point_est"), CASES)
    def test_nns_reg_univariate_matches_r(
        rng: np.random.Generator,
        size: int,
        relationship: str,
        order: int | str | None,
        noise: str,
        point_est: np.ndarray | None,
    ) -> None:
        x, y = _relationship(relationship, size, rng)
    
        expected = _r_nns_reg(x, y, order=order, noise=noise, point_est=point_est)
        actual = nns_reg(
            x,
            y,
            order=cast(Order, order),
            noise_reduction=cast(NoiseReduction, noise),
            point_est=point_est,
        )
    
>       _assert_reg_matches(actual, expected)

tests/parity/test_regression.py:85: 
_ _ _ _ _ _ _ _ _ _ _ _ _ _ _ _ _ _ _ _ _ _ _ _ _ _ _ _ _ _ _ _ _ _ _ _ _ _ _ _ 
tests/parity/test_regression.py:938: in _assert_reg_matches
    _assert_scalar_or_empty(actual["R2"], expected["R2"], atol)
_ _ _ _ _ _ _ _ _ _ _ _ _ _ _ _ _ _ _ _ _ _ _ _ _ _ _ _ _ _ _ _ _ _ _ _ _ _ _ _ 

actual = 0.9845873500710444, expected = array(0.98168364), atol = 1e-10

    def _assert_scalar_or_empty(actual: object, expected: object, atol: float) -> None:
        """Compare a scalar metric, treating port ``None`` as R's empty (NULL)."""
        if actual is None:
            assert _array(expected).size == 0
        else:
>           np.testing.assert_allclose(actual, _array(expected), atol=atol)
E           AssertionError: 
E           Not equal to tolerance rtol=1e-07, atol=1e-10
E           
E           Mismatched elements: 1 / 1 (100%)
E           Max absolute difference among violations: 0.00290371
E           Max relative difference among violations: 0.00295788
E            ACTUAL: array(0.984587)
E            DESIRED: array(0.981684)

tests/parity/test_regression.py:1002: AssertionError
_______ test_nns_reg_univariate_matches_r[2-median-point_est2-linear-50] _______
[gw0] linux -- Python 3.11.15 /opt/hostedtoolcache/Python/3.11.15/x64/bin/python

rng = Generator(PCG64) at 0x7FBB8FF27D80, size = 50, relationship = 'linear'
order = 2, noise = 'median', point_est = array([-3.  , -1.  ,  0.25,  3.  ])

    @pytest.mark.parity
    @pytest.mark.parametrize("size", SIZES)
    @pytest.mark.parametrize("relationship", RELATIONSHIPS)
    @pytest.mark.parametrize(("order", "noise", "point_est"), CASES)
    def test_nns_reg_univariate_matches_r(
        rng: np.random.Generator,
        size: int,
        relationship: str,
        order: int | str | None,
        noise: str,
        point_est: np.ndarray | None,
    ) -> None:
        x, y = _relationship(relationship, size, rng)
    
        expected = _r_nns_reg(x, y, order=order, noise=noise, point_est=point_est)
        actual = nns_reg(
            x,
            y,
            order=cast(Order, order),
            noise_reduction=cast(NoiseReduction, noise),
            point_est=point_est,
        )
    
>       _assert_reg_matches(actual, expected)

tests/parity/test_regression.py:85: 
_ _ _ _ _ _ _ _ _ _ _ _ _ _ _ _ _ _ _ _ _ _ _ _ _ _ _ _ _ _ _ _ _ _ _ _ _ _ _ _ 
tests/parity/test_regression.py:938: in _assert_reg_matches
    _assert_scalar_or_empty(actual["R2"], expected["R2"], atol)
_ _ _ _ _ _ _ _ _ _ _ _ _ _ _ _ _ _ _ _ _ _ _ _ _ _ _ _ _ _ _ _ _ _ _ _ _ _ _ _ 

actual = 0.9997086030491225, expected = array(0.99950898), atol = 1e-10

    def _assert_scalar_or_empty(actual: object, expected: object, atol: float) -> None:
        """Compare a scalar metric, treating port ``None`` as R's empty (NULL)."""
        if actual is None:
            assert _array(expected).size == 0
        else:
>           np.testing.assert_allclose(actual, _array(expected), atol=atol)
E           AssertionError: 
E           Not equal to tolerance rtol=1e-07, atol=1e-10
E           
E           Mismatched elements: 1 / 1 (100%)
E           Max absolute difference among violations: 0.00019963
E           Max relative difference among violations: 0.00019973
E            ACTUAL: array(0.999709)
E            DESIRED: array(0.999509)

tests/parity/test_regression.py:1002: AssertionError
_________ test_nns_reg_mode_noise_reduction_matches_r[2-quadratic-200] _________
[gw3] linux -- Python 3.11.15 /opt/hostedtoolcache/Python/3.11.15/x64/bin/python

rng = Generator(PCG64) at 0x7F6256158120, size = 200, relationship = 'quadratic'
order = 2

    @pytest.mark.parity
    @pytest.mark.parametrize("size", SIZES)
    @pytest.mark.parametrize("relationship", MODE_RELATIONSHIPS)
    @pytest.mark.parametrize("order", MODE_ORDERS)
    def test_nns_reg_mode_noise_reduction_matches_r(
        rng: np.random.Generator,
        size: int,
        relationship: str,
        order: int | None,
    ) -> None:
        x, y = _relationship(relationship, size, rng)
    
        expected = _r_nns_reg(x, y, order=order, noise="mode", point_est=None)
        actual = nns_reg(x, y, order=order, noise_reduction="mode")
    
>       _assert_reg_matches(actual, expected)

tests/parity/test_regression.py:220: 
_ _ _ _ _ _ _ _ _ _ _ _ _ _ _ _ _ _ _ _ _ _ _ _ _ _ _ _ _ _ _ _ _ _ _ _ _ _ _ _ 
tests/parity/test_regression.py:938: in _assert_reg_matches
    _assert_scalar_or_empty(actual["R2"], expected["R2"], atol)
_ _ _ _ _ _ _ _ _ _ _ _ _ _ _ _ _ _ _ _ _ _ _ _ _ _ _ _ _ _ _ _ _ _ _ _ _ _ _ _ 

actual = 0.9504719955500353, expected = array(0.86285004), atol = 1e-10

    def _assert_scalar_or_empty(actual: object, expected: object, atol: float) -> None:
        """Compare a scalar metric, treating port ``None`` as R's empty (NULL)."""
        if actual is None:
            assert _array(expected).size == 0
        else:
>           np.testing.assert_allclose(actual, _array(expected), atol=atol)
E           AssertionError: 
E           Not equal to tolerance rtol=1e-07, atol=1e-10
E           
E           Mismatched elements: 1 / 1 (100%)
E           Max absolute difference among violations: 0.08762195
E           Max relative difference among violations: 0.10154945
E            ACTUAL: array(0.950472)
E            DESIRED: array(0.86285)

tests/parity/test_regression.py:1002: AssertionError
______ test_nns_reg_univariate_matches_r[2-median-point_est2-linear-200] _______
[gw0] linux -- Python 3.11.15 /opt/hostedtoolcache/Python/3.11.15/x64/bin/python

rng = Generator(PCG64) at 0x7FBB8FF275A0, size = 200, relationship = 'linear'
order = 2, noise = 'median', point_est = array([-3.  , -1.  ,  0.25,  3.  ])

    @pytest.mark.parity
    @pytest.mark.parametrize("size", SIZES)
    @pytest.mark.parametrize("relationship", RELATIONSHIPS)
    @pytest.mark.parametrize(("order", "noise", "point_est"), CASES)
    def test_nns_reg_univariate_matches_r(
        rng: np.random.Generator,
        size: int,
        relationship: str,
        order: int | str | None,
        noise: str,
        point_est: np.ndarray | None,
    ) -> None:
        x, y = _relationship(relationship, size, rng)
    
        expected = _r_nns_reg(x, y, order=order, noise=noise, point_est=point_est)
        actual = nns_reg(
            x,
            y,
            order=cast(Order, order),
            noise_reduction=cast(NoiseReduction, noise),
            point_est=point_est,
        )
    
>       _assert_reg_matches(actual, expected)

tests/parity/test_regression.py:85: 
_ _ _ _ _ _ _ _ _ _ _ _ _ _ _ _ _ _ _ _ _ _ _ _ _ _ _ _ _ _ _ _ _ _ _ _ _ _ _ _ 
tests/parity/test_regression.py:938: in _assert_reg_matches
    _assert_scalar_or_empty(actual["R2"], expected["R2"], atol)
_ _ _ _ _ _ _ _ _ _ _ _ _ _ _ _ _ _ _ _ _ _ _ _ _ _ _ _ _ _ _ _ _ _ _ _ _ _ _ _ 

actual = 0.9996935874096425, expected = array(0.99943556), atol = 1e-10

    def _assert_scalar_or_empty(actual: object, expected: object, atol: float) -> None:
        """Compare a scalar metric, treating port ``None`` as R's empty (NULL)."""
        if actual is None:
            assert _array(expected).size == 0
        else:
>           np.testing.assert_allclose(actual, _array(expected), atol=atol)
E           AssertionError: 
E           Not equal to tolerance rtol=1e-07, atol=1e-10
E           
E           Mismatched elements: 1 / 1 (100%)
E           Max absolute difference among violations: 0.00025802
E           Max relative difference among violations: 0.00025817
E            ACTUAL: array(0.999694)
E            DESIRED: array(0.999436)

tests/parity/test_regression.py:1002: AssertionError
________ test_nns_reg_mode_noise_reduction_matches_r[2-quadratic-1000] _________
[gw3] linux -- Python 3.11.15 /opt/hostedtoolcache/Python/3.11.15/x64/bin/python

rng = Generator(PCG64) at 0x7F6256158D60, size = 1000
relationship = 'quadratic', order = 2

    @pytest.mark.parity
    @pytest.mark.parametrize("size", SIZES)
    @pytest.mark.parametrize("relationship", MODE_RELATIONSHIPS)
    @pytest.mark.parametrize("order", MODE_ORDERS)
    def test_nns_reg_mode_noise_reduction_matches_r(
        rng: np.random.Generator,
        size: int,
        relationship: str,
        order: int | None,
    ) -> None:
        x, y = _relationship(relationship, size, rng)
    
        expected = _r_nns_reg(x, y, order=order, noise="mode", point_est=None)
        actual = nns_reg(x, y, order=order, noise_reduction="mode")
    
>       _assert_reg_matches(actual, expected)

tests/parity/test_regression.py:220: 
_ _ _ _ _ _ _ _ _ _ _ _ _ _ _ _ _ _ _ _ _ _ _ _ _ _ _ _ _ _ _ _ _ _ _ _ _ _ _ _ 
tests/parity/test_regression.py:938: in _assert_reg_matches
    _assert_scalar_or_empty(actual["R2"], expected["R2"], atol)
_ _ _ _ _ _ _ _ _ _ _ _ _ _ _ _ _ _ _ _ _ _ _ _ _ _ _ _ _ _ _ _ _ _ _ _ _ _ _ _ 

actual = 0.9494713743418088, expected = array(0.86007649), atol = 1e-10

    def _assert_scalar_or_empty(actual: object, expected: object, atol: float) -> None:
        """Compare a scalar metric, treating port ``None`` as R's empty (NULL)."""
        if actual is None:
            assert _array(expected).size == 0
        else:
>           np.testing.assert_allclose(actual, _array(expected), atol=atol)
E           AssertionError: 
E           Not equal to tolerance rtol=1e-07, atol=1e-10
E           
E           Mismatched elements: 1 / 1 (100%)
E           Max absolute difference among violations: 0.08939489
E           Max relative difference among violations: 0.1039383
E            ACTUAL: array(0.949471)
E            DESIRED: array(0.860076)

tests/parity/test_regression.py:1002: AssertionError
____________ test_nns_reg_mode_noise_reduction_matches_r[2-sin-50] _____________
[gw3] linux -- Python 3.11.15 /opt/hostedtoolcache/Python/3.11.15/x64/bin/python

rng = Generator(PCG64) at 0x7F6256159460, size = 50, relationship = 'sin'
order = 2

    @pytest.mark.parity
    @pytest.mark.parametrize("size", SIZES)
    @pytest.mark.parametrize("relationship", MODE_RELATIONSHIPS)
    @pytest.mark.parametrize("order", MODE_ORDERS)
    def test_nns_reg_mode_noise_reduction_matches_r(
        rng: np.random.Generator,
        size: int,
        relationship: str,
        order: int | None,
    ) -> None:
        x, y = _relationship(relationship, size, rng)
    
        expected = _r_nns_reg(x, y, order=order, noise="mode", point_est=None)
        actual = nns_reg(x, y, order=order, noise_reduction="mode")
    
>       _assert_reg_matches(actual, expected)

tests/parity/test_regression.py:220: 
_ _ _ _ _ _ _ _ _ _ _ _ _ _ _ _ _ _ _ _ _ _ _ _ _ _ _ _ _ _ _ _ _ _ _ _ _ _ _ _ 
tests/parity/test_regression.py:938: in _assert_reg_matches
    _assert_scalar_or_empty(actual["R2"], expected["R2"], atol)
_ _ _ _ _ _ _ _ _ _ _ _ _ _ _ _ _ _ _ _ _ _ _ _ _ _ _ _ _ _ _ _ _ _ _ _ _ _ _ _ 

actual = 0.9948301987004172, expected = array(0.99418613), atol = 1e-10

    def _assert_scalar_or_empty(actual: object, expected: object, atol: float) -> None:
        """Compare a scalar metric, treating port ``None`` as R's empty (NULL)."""
        if actual is None:
            assert _array(expected).size == 0
        else:
>           np.testing.assert_allclose(actual, _array(expected), atol=atol)
E           AssertionError: 
E           Not equal to tolerance rtol=1e-07, atol=1e-10
E           
E           Mismatched elements: 1 / 1 (100%)
E           Max absolute difference among violations: 0.00064407
E           Max relative difference among violations: 0.00064783
E            ACTUAL: array(0.99483)
E            DESIRED: array(0.994186)

tests/parity/test_regression.py:1002: AssertionError
______ test_nns_reg_univariate_matches_r[2-median-point_est2-linear-1000] ______
[gw0] linux -- Python 3.11.15 /opt/hostedtoolcache/Python/3.11.15/x64/bin/python

rng = Generator(PCG64) at 0x7FBB8FF26A40, size = 1000, relationship = 'linear'
order = 2, noise = 'median', point_est = array([-3.  , -1.  ,  0.25,  3.  ])

    @pytest.mark.parity
    @pytest.mark.parametrize("size", SIZES)
    @pytest.mark.parametrize("relationship", RELATIONSHIPS)
    @pytest.mark.parametrize(("order", "noise", "point_est"), CASES)
    def test_nns_reg_univariate_matches_r(
        rng: np.random.Generator,
        size: int,
        relationship: str,
        order: int | str | None,
        noise: str,
        point_est: np.ndarray | None,
    ) -> None:
        x, y = _relationship(relationship, size, rng)
    
        expected = _r_nns_reg(x, y, order=order, noise=noise, point_est=point_est)
        actual = nns_reg(
            x,
            y,
            order=cast(Order, order),
            noise_reduction=cast(NoiseReduction, noise),
            point_est=point_est,
        )
    
>       _assert_reg_matches(actual, expected)

tests/parity/test_regression.py:85: 
_ _ _ _ _ _ _ _ _ _ _ _ _ _ _ _ _ _ _ _ _ _ _ _ _ _ _ _ _ _ _ _ _ _ _ _ _ _ _ _ 
tests/parity/test_regression.py:938: in _assert_reg_matches
    _assert_scalar_or_empty(actual["R2"], expected["R2"], atol)
_ _ _ _ _ _ _ _ _ _ _ _ _ _ _ _ _ _ _ _ _ _ _ _ _ _ _ _ _ _ _ _ _ _ _ _ _ _ _ _ 

actual = 0.9996945048306138, expected = array(0.9996941), atol = 1e-10

    def _assert_scalar_or_empty(actual: object, expected: object, atol: float) -> None:
        """Compare a scalar metric, treating port ``None`` as R's empty (NULL)."""
        if actual is None:
            assert _array(expected).size == 0
        else:
>           np.testing.assert_allclose(actual, _array(expected), atol=atol)
E           AssertionError: 
E           Not equal to tolerance rtol=1e-07, atol=1e-10
E           
E           Mismatched elements: 1 / 1 (100%)
E           Max absolute difference among violations: 4.01319941e-07
E           Max relative difference among violations: 4.01442741e-07
E            ACTUAL: array(0.999695)
E            DESIRED: array(0.999694)

tests/parity/test_regression.py:1002: AssertionError
________ test_nns_reg_univariate_matches_r[None-off-None-quadratic-200] ________
[gw2] linux -- Python 3.11.15 /opt/hostedtoolcache/Python/3.11.15/x64/bin/python

rng = Generator(PCG64) at 0x7F97EE883680, size = 200, relationship = 'quadratic'
order = None, noise = 'off', point_est = None

    @pytest.mark.parity
    @pytest.mark.parametrize("size", SIZES)
    @pytest.mark.parametrize("relationship", RELATIONSHIPS)
    @pytest.mark.parametrize(("order", "noise", "point_est"), CASES)
    def test_nns_reg_univariate_matches_r(
        rng: np.random.Generator,
        size: int,
        relationship: str,
        order: int | str | None,
        noise: str,
        point_est: np.ndarray | None,
    ) -> None:
        x, y = _relationship(relationship, size, rng)
    
        expected = _r_nns_reg(x, y, order=order, noise=noise, point_est=point_est)
        actual = nns_reg(
            x,
            y,
            order=cast(Order, order),
            noise_reduction=cast(NoiseReduction, noise),
            point_est=point_est,
        )
    
>       _assert_reg_matches(actual, expected)

tests/parity/test_regression.py:85: 
_ _ _ _ _ _ _ _ _ _ _ _ _ _ _ _ _ _ _ _ _ _ _ _ _ _ _ _ _ _ _ _ _ _ _ _ _ _ _ _ 
tests/parity/test_regression.py:938: in _assert_reg_matches
    _assert_scalar_or_empty(actual["R2"], expected["R2"], atol)
_ _ _ _ _ _ _ _ _ _ _ _ _ _ _ _ _ _ _ _ _ _ _ _ _ _ _ _ _ _ _ _ _ _ _ _ _ _ _ _ 

actual = 0.9998837133209965, expected = array(0.99979493), atol = 1e-10

    def _assert_scalar_or_empty(actual: object, expected: object, atol: float) -> None:
        """Compare a scalar metric, treating port ``None`` as R's empty (NULL)."""
        if actual is None:
            assert _array(expected).size == 0
        else:
>           np.testing.assert_allclose(actual, _array(expected), atol=atol)
E           AssertionError: 
E           Not equal to tolerance rtol=1e-07, atol=1e-10
E           
E           Mismatched elements: 1 / 1 (100%)
E           Max absolute difference among violations: 8.87839104e-05
E           Max relative difference among violations: 8.88021211e-05
E            ACTUAL: array(0.999884)
E            DESIRED: array(0.999795)

tests/parity/test_regression.py:1002: AssertionError
____________ test_nns_reg_mode_noise_reduction_matches_r[2-sin-200] ____________
[gw3] linux -- Python 3.11.15 /opt/hostedtoolcache/Python/3.11.15/x64/bin/python

rng = Generator(PCG64) at 0x7F62561599A0, size = 200, relationship = 'sin'
order = 2

    @pytest.mark.parity
    @pytest.mark.parametrize("size", SIZES)
    @pytest.mark.parametrize("relationship", MODE_RELATIONSHIPS)
    @pytest.mark.parametrize("order", MODE_ORDERS)
    def test_nns_reg_mode_noise_reduction_matches_r(
        rng: np.random.Generator,
        size: int,
        relationship: str,
        order: int | None,
    ) -> None:
        x, y = _relationship(relationship, size, rng)
    
        expected = _r_nns_reg(x, y, order=order, noise="mode", point_est=None)
        actual = nns_reg(x, y, order=order, noise_reduction="mode")
    
>       _assert_reg_matches(actual, expected)

tests/parity/test_regression.py:220: 
_ _ _ _ _ _ _ _ _ _ _ _ _ _ _ _ _ _ _ _ _ _ _ _ _ _ _ _ _ _ _ _ _ _ _ _ _ _ _ _ 
tests/parity/test_regression.py:938: in _assert_reg_matches
    _assert_scalar_or_empty(actual["R2"], expected["R2"], atol)
_ _ _ _ _ _ _ _ _ _ _ _ _ _ _ _ _ _ _ _ _ _ _ _ _ _ _ _ _ _ _ _ _ _ _ _ _ _ _ _ 

actual = 0.994711865850101, expected = array(0.99404429), atol = 1e-10

    def _assert_scalar_or_empty(actual: object, expected: object, atol: float) -> None:
        """Compare a scalar metric, treating port ``None`` as R's empty (NULL)."""
        if actual is None:
            assert _array(expected).size == 0
        else:
>           np.testing.assert_allclose(actual, _array(expected), atol=atol)
E           AssertionError: 
E           Not equal to tolerance rtol=1e-07, atol=1e-10
E           
E           Mismatched elements: 1 / 1 (100%)
E           Max absolute difference among violations: 0.00066757
E           Max relative difference among violations: 0.00067157
E            ACTUAL: array(0.994712)
E            DESIRED: array(0.994044)

tests/parity/test_regression.py:1002: AssertionError
_____ test_nns_reg_univariate_matches_r[2-median-point_est2-quadratic-50] ______
[gw0] linux -- Python 3.11.15 /opt/hostedtoolcache/Python/3.11.15/x64/bin/python

rng = Generator(PCG64) at 0x7FBB8FF267A0, size = 50, relationship = 'quadratic'
order = 2, noise = 'median', point_est = array([-3.  , -1.  ,  0.25,  3.  ])

    @pytest.mark.parity
    @pytest.mark.parametrize("size", SIZES)
    @pytest.mark.parametrize("relationship", RELATIONSHIPS)
    @pytest.mark.parametrize(("order", "noise", "point_est"), CASES)
    def test_nns_reg_univariate_matches_r(
        rng: np.random.Generator,
        size: int,
        relationship: str,
        order: int | str | None,
        noise: str,
        point_est: np.ndarray | None,
    ) -> None:
        x, y = _relationship(relationship, size, rng)
    
        expected = _r_nns_reg(x, y, order=order, noise=noise, point_est=point_est)
        actual = nns_reg(
            x,
            y,
            order=cast(Order, order),
            noise_reduction=cast(NoiseReduction, noise),
            point_est=point_est,
        )
    
>       _assert_reg_matches(actual, expected)

tests/parity/test_regression.py:85: 
_ _ _ _ _ _ _ _ _ _ _ _ _ _ _ _ _ _ _ _ _ _ _ _ _ _ _ _ _ _ _ _ _ _ _ _ _ _ _ _ 
tests/parity/test_regression.py:938: in _assert_reg_matches
    _assert_scalar_or_empty(actual["R2"], expected["R2"], atol)
_ _ _ _ _ _ _ _ _ _ _ _ _ _ _ _ _ _ _ _ _ _ _ _ _ _ _ _ _ _ _ _ _ _ _ _ _ _ _ _ 

actual = 0.9483505678486229, expected = array(0.80255102), atol = 1e-10

    def _assert_scalar_or_empty(actual: object, expected: object, atol: float) -> None:
        """Compare a scalar metric, treating port ``None`` as R's empty (NULL)."""
        if actual is None:
            assert _array(expected).size == 0
        else:
>           np.testing.assert_allclose(actual, _array(expected), atol=atol)
E           AssertionError: 
E           Not equal to tolerance rtol=1e-07, atol=1e-10
E           
E           Mismatched elements: 1 / 1 (100%)
E           Max absolute difference among violations: 0.14579955
E           Max relative difference among violations: 0.18167013
E            ACTUAL: array(0.948351)
E            DESIRED: array(0.802551)

tests/parity/test_regression.py:1002: AssertionError
_______ test_nns_reg_univariate_matches_r[None-off-None-quadratic-1000] ________
[gw2] linux -- Python 3.11.15 /opt/hostedtoolcache/Python/3.11.15/x64/bin/python

rng = Generator(PCG64) at 0x7F97EE883220, size = 1000
relationship = 'quadratic', order = None, noise = 'off', point_est = None

    @pytest.mark.parity
    @pytest.mark.parametrize("size", SIZES)
    @pytest.mark.parametrize("relationship", RELATIONSHIPS)
    @pytest.mark.parametrize(("order", "noise", "point_est"), CASES)
    def test_nns_reg_univariate_matches_r(
        rng: np.random.Generator,
        size: int,
        relationship: str,
        order: int | str | None,
        noise: str,
        point_est: np.ndarray | None,
    ) -> None:
        x, y = _relationship(relationship, size, rng)
    
        expected = _r_nns_reg(x, y, order=order, noise=noise, point_est=point_est)
        actual = nns_reg(
            x,
            y,
            order=cast(Order, order),
            noise_reduction=cast(NoiseReduction, noise),
            point_est=point_est,
        )
    
>       _assert_reg_matches(actual, expected)

tests/parity/test_regression.py:85: 
_ _ _ _ _ _ _ _ _ _ _ _ _ _ _ _ _ _ _ _ _ _ _ _ _ _ _ _ _ _ _ _ _ _ _ _ _ _ _ _ 
tests/parity/test_regression.py:938: in _assert_reg_matches
    _assert_scalar_or_empty(actual["R2"], expected["R2"], atol)
_ _ _ _ _ _ _ _ _ _ _ _ _ _ _ _ _ _ _ _ _ _ _ _ _ _ _ _ _ _ _ _ _ _ _ _ _ _ _ _ 

actual = 0.9999830076275732, expected = array(0.9999702), atol = 1e-10

    def _assert_scalar_or_empty(actual: object, expected: object, atol: float) -> None:
        """Compare a scalar metric, treating port ``None`` as R's empty (NULL)."""
        if actual is None:
            assert _array(expected).size == 0
        else:
>           np.testing.assert_allclose(actual, _array(expected), atol=atol)
E           AssertionError: 
E           Not equal to tolerance rtol=1e-07, atol=1e-10
E           
E           Mismatched elements: 1 / 1 (100%)
E           Max absolute difference among violations: 1.28074097e-05
E           Max relative difference among violations: 1.28077914e-05
E            ACTUAL: array(0.999983)
E            DESIRED: array(0.99997)

tests/parity/test_regression.py:1002: AssertionError
___________ test_nns_reg_mode_noise_reduction_matches_r[2-sin-1000] ____________
[gw3] linux -- Python 3.11.15 /opt/hostedtoolcache/Python/3.11.15/x64/bin/python

rng = Generator(PCG64) at 0x7F6256159EE0, size = 1000, relationship = 'sin'
order = 2

    @pytest.mark.parity
    @pytest.mark.parametrize("size", SIZES)
    @pytest.mark.parametrize("relationship", MODE_RELATIONSHIPS)
    @pytest.mark.parametrize("order", MODE_ORDERS)
    def test_nns_reg_mode_noise_reduction_matches_r(
        rng: np.random.Generator,
        size: int,
        relationship: str,
        order: int | None,
    ) -> None:
        x, y = _relationship(relationship, size, rng)
    
        expected = _r_nns_reg(x, y, order=order, noise="mode", point_est=None)
        actual = nns_reg(x, y, order=order, noise_reduction="mode")
    
>       _assert_reg_matches(actual, expected)

tests/parity/test_regression.py:220: 
_ _ _ _ _ _ _ _ _ _ _ _ _ _ _ _ _ _ _ _ _ _ _ _ _ _ _ _ _ _ _ _ _ _ _ _ _ _ _ _ 
tests/parity/test_regression.py:938: in _assert_reg_matches
    _assert_scalar_or_empty(actual["R2"], expected["R2"], atol)
_ _ _ _ _ _ _ _ _ _ _ _ _ _ _ _ _ _ _ _ _ _ _ _ _ _ _ _ _ _ _ _ _ _ _ _ _ _ _ _ 

actual = 0.9946846568247153, expected = array(0.99400998), atol = 1e-10

    def _assert_scalar_or_empty(actual: object, expected: object, atol: float) -> None:
        """Compare a scalar metric, treating port ``None`` as R's empty (NULL)."""
        if actual is None:
            assert _array(expected).size == 0
        else:
>           np.testing.assert_allclose(actual, _array(expected), atol=atol)
E           AssertionError: 
E           Not equal to tolerance rtol=1e-07, atol=1e-10
E           
E           Mismatched elements: 1 / 1 (100%)
E           Max absolute difference among violations: 0.00067468
E           Max relative difference among violations: 0.00067874
E            ACTUAL: array(0.994685)
E            DESIRED: array(0.99401)

tests/parity/test_regression.py:1002: AssertionError
_____ test_nns_reg_univariate_matches_r[2-median-point_est2-quadratic-200] _____
[gw0] linux -- Python 3.11.15 /opt/hostedtoolcache/Python/3.11.15/x64/bin/python

rng = Generator(PCG64) at 0x7FBB8D459FC0, size = 200, relationship = 'quadratic'
order = 2, noise = 'median', point_est = array([-3.  , -1.  ,  0.25,  3.  ])

    @pytest.mark.parity
    @pytest.mark.parametrize("size", SIZES)
    @pytest.mark.parametrize("relationship", RELATIONSHIPS)
    @pytest.mark.parametrize(("order", "noise", "point_est"), CASES)
    def test_nns_reg_univariate_matches_r(
        rng: np.random.Generator,
        size: int,
        relationship: str,
        order: int | str | None,
        noise: str,
        point_est: np.ndarray | None,
    ) -> None:
        x, y = _relationship(relationship, size, rng)
    
        expected = _r_nns_reg(x, y, order=order, noise=noise, point_est=point_est)
        actual = nns_reg(
            x,
            y,
            order=cast(Order, order),
            noise_reduction=cast(NoiseReduction, noise),
            point_est=point_est,
        )
    
>       _assert_reg_matches(actual, expected)

tests/parity/test_regression.py:85: 
_ _ _ _ _ _ _ _ _ _ _ _ _ _ _ _ _ _ _ _ _ _ _ _ _ _ _ _ _ _ _ _ _ _ _ _ _ _ _ _ 
tests/parity/test_regression.py:938: in _assert_reg_matches
    _assert_scalar_or_empty(actual["R2"], expected["R2"], atol)
_ _ _ _ _ _ _ _ _ _ _ _ _ _ _ _ _ _ _ _ _ _ _ _ _ _ _ _ _ _ _ _ _ _ _ _ _ _ _ _ 

actual = 0.9492361528211204, expected = array(0.80127818), atol = 1e-10

    def _assert_scalar_or_empty(actual: object, expected: object, atol: float) -> None:
        """Compare a scalar metric, treating port ``None`` as R's empty (NULL)."""
        if actual is None:
            assert _array(expected).size == 0
        else:
>           np.testing.assert_allclose(actual, _array(expected), atol=atol)
E           AssertionError: 
E           Not equal to tolerance rtol=1e-07, atol=1e-10
E           
E           Mismatched elements: 1 / 1 (100%)
E           Max absolute difference among violations: 0.14795798
E           Max relative difference among violations: 0.18465245
E            ACTUAL: array(0.949236)
E            DESIRED: array(0.801278)

tests/parity/test_regression.py:1002: AssertionError
___________ test_nns_reg_univariate_matches_r[None-off-None-sin-50] ____________
[gw2] linux -- Python 3.11.15 /opt/hostedtoolcache/Python/3.11.15/x64/bin/python

rng = Generator(PCG64) at 0x7F97EE8833E0, size = 50, relationship = 'sin'
order = None, noise = 'off', point_est = None

    @pytest.mark.parity
    @pytest.mark.parametrize("size", SIZES)
    @pytest.mark.parametrize("relationship", RELATIONSHIPS)
    @pytest.mark.parametrize(("order", "noise", "point_est"), CASES)
    def test_nns_reg_univariate_matches_r(
        rng: np.random.Generator,
        size: int,
        relationship: str,
        order: int | str | None,
        noise: str,
        point_est: np.ndarray | None,
    ) -> None:
        x, y = _relationship(relationship, size, rng)
    
        expected = _r_nns_reg(x, y, order=order, noise=noise, point_est=point_est)
        actual = nns_reg(
            x,
            y,
            order=cast(Order, order),
            noise_reduction=cast(NoiseReduction, noise),
            point_est=point_est,
        )
    
>       _assert_reg_matches(actual, expected)

tests/parity/test_regression.py:85: 
_ _ _ _ _ _ _ _ _ _ _ _ _ _ _ _ _ _ _ _ _ _ _ _ _ _ _ _ _ _ _ _ _ _ _ _ _ _ _ _ 
tests/parity/test_regression.py:938: in _assert_reg_matches
    _assert_scalar_or_empty(actual["R2"], expected["R2"], atol)
_ _ _ _ _ _ _ _ _ _ _ _ _ _ _ _ _ _ _ _ _ _ _ _ _ _ _ _ _ _ _ _ _ _ _ _ _ _ _ _ 

actual = 0.9999007243798149, expected = array(0.99985394), atol = 1e-10

    def _assert_scalar_or_empty(actual: object, expected: object, atol: float) -> None:
        """Compare a scalar metric, treating port ``None`` as R's empty (NULL)."""
        if actual is None:
            assert _array(expected).size == 0
        else:
>           np.testing.assert_allclose(actual, _array(expected), atol=atol)
E           AssertionError: 
E           Not equal to tolerance rtol=1e-07, atol=1e-10
E           
E           Mismatched elements: 1 / 1 (100%)
E           Max absolute difference among violations: 4.67837357e-05
E           Max relative difference among violations: 4.67905699e-05
E            ACTUAL: array(0.999901)
E            DESIRED: array(0.999854)

tests/parity/test_regression.py:1002: AssertionError
___________ test_nns_reg_mode_noise_reduction_matches_r[2-random-50] ___________
[gw3] linux -- Python 3.11.15 /opt/hostedtoolcache/Python/3.11.15/x64/bin/python

rng = Generator(PCG64) at 0x7F625615A420, size = 50, relationship = 'random'
order = 2

    @pytest.mark.parity
    @pytest.mark.parametrize("size", SIZES)
    @pytest.mark.parametrize("relationship", MODE_RELATIONSHIPS)
    @pytest.mark.parametrize("order", MODE_ORDERS)
    def test_nns_reg_mode_noise_reduction_matches_r(
        rng: np.random.Generator,
        size: int,
        relationship: str,
        order: int | None,
    ) -> None:
        x, y = _relationship(relationship, size, rng)
    
        expected = _r_nns_reg(x, y, order=order, noise="mode", point_est=None)
        actual = nns_reg(x, y, order=order, noise_reduction="mode")
    
>       _assert_reg_matches(actual, expected)

tests/parity/test_regression.py:220: 
_ _ _ _ _ _ _ _ _ _ _ _ _ _ _ _ _ _ _ _ _ _ _ _ _ _ _ _ _ _ _ _ _ _ _ _ _ _ _ _ 
tests/parity/test_regression.py:938: in _assert_reg_matches
    _assert_scalar_or_empty(actual["R2"], expected["R2"], atol)
_ _ _ _ _ _ _ _ _ _ _ _ _ _ _ _ _ _ _ _ _ _ _ _ _ _ _ _ _ _ _ _ _ _ _ _ _ _ _ _ 

actual = 0.030342805307795352, expected = array(-0.05127113), atol = 1e-10

    def _assert_scalar_or_empty(actual: object, expected: object, atol: float) -> None:
        """Compare a scalar metric, treating port ``None`` as R's empty (NULL)."""
        if actual is None:
            assert _array(expected).size == 0
        else:
>           np.testing.assert_allclose(actual, _array(expected), atol=atol)
E           AssertionError: 
E           Not equal to tolerance rtol=1e-07, atol=1e-10
E           
E           Mismatched elements: 1 / 1 (100%)
E           Max absolute difference among violations: 0.08161393
E           Max relative difference among violations: 1.59181078
E            ACTUAL: array(0.030343)
E            DESIRED: array(-0.051271)

tests/parity/test_regression.py:1002: AssertionError
____ test_nns_reg_univariate_matches_r[2-median-point_est2-quadratic-1000] _____
[gw0] linux -- Python 3.11.15 /opt/hostedtoolcache/Python/3.11.15/x64/bin/python

rng = Generator(PCG64) at 0x7FBB8D459A80, size = 1000
relationship = 'quadratic', order = 2, noise = 'median'
point_est = array([-3.  , -1.  ,  0.25,  3.  ])

    @pytest.mark.parity
    @pytest.mark.parametrize("size", SIZES)
    @pytest.mark.parametrize("relationship", RELATIONSHIPS)
    @pytest.mark.parametrize(("order", "noise", "point_est"), CASES)
    def test_nns_reg_univariate_matches_r(
        rng: np.random.Generator,
        size: int,
        relationship: str,
        order: int | str | None,
        noise: str,
        point_est: np.ndarray | None,
    ) -> None:
        x, y = _relationship(relationship, size, rng)
    
        expected = _r_nns_reg(x, y, order=order, noise=noise, point_est=point_est)
        actual = nns_reg(
            x,
            y,
            order=cast(Order, order),
            noise_reduction=cast(NoiseReduction, noise),
            point_est=point_est,
        )
    
>       _assert_reg_matches(actual, expected)

tests/parity/test_regression.py:85: 
_ _ _ _ _ _ _ _ _ _ _ _ _ _ _ _ _ _ _ _ _ _ _ _ _ _ _ _ _ _ _ _ _ _ _ _ _ _ _ _ 
tests/parity/test_regression.py:938: in _assert_reg_matches
    _assert_scalar_or_empty(actual["R2"], expected["R2"], atol)
_ _ _ _ _ _ _ _ _ _ _ _ _ _ _ _ _ _ _ _ _ _ _ _ _ _ _ _ _ _ _ _ _ _ _ _ _ _ _ _ 

actual = 0.9492194460945139, expected = array(0.80089487), atol = 1e-10

    def _assert_scalar_or_empty(actual: object, expected: object, atol: float) -> None:
        """Compare a scalar metric, treating port ``None`` as R's empty (NULL)."""
        if actual is None:
            assert _array(expected).size == 0
        else:
>           np.testing.assert_allclose(actual, _array(expected), atol=atol)
E           AssertionError: 
E           Not equal to tolerance rtol=1e-07, atol=1e-10
E           
E           Mismatched elements: 1 / 1 (100%)
E           Max absolute difference among violations: 0.14832458
E           Max relative difference among violations: 0.18519856
E            ACTUAL: array(0.949219)
E            DESIRED: array(0.800895)

tests/parity/test_regression.py:1002: AssertionError
___________ test_nns_reg_univariate_matches_r[None-off-None-sin-200] ___________
[gw2] linux -- Python 3.11.15 /opt/hostedtoolcache/Python/3.11.15/x64/bin/python

rng = Generator(PCG64) at 0x7F97EE8826C0, size = 200, relationship = 'sin'
order = None, noise = 'off', point_est = None

    @pytest.mark.parity
    @pytest.mark.parametrize("size", SIZES)
    @pytest.mark.parametrize("relationship", RELATIONSHIPS)
    @pytest.mark.parametrize(("order", "noise", "point_est"), CASES)
    def test_nns_reg_univariate_matches_r(
        rng: np.random.Generator,
        size: int,
        relationship: str,
        order: int | str | None,
        noise: str,
        point_est: np.ndarray | None,
    ) -> None:
        x, y = _relationship(relationship, size, rng)
    
        expected = _r_nns_reg(x, y, order=order, noise=noise, point_est=point_est)
        actual = nns_reg(
            x,
            y,
            order=cast(Order, order),
            noise_reduction=cast(NoiseReduction, noise),
            point_est=point_est,
        )
    
>       _assert_reg_matches(actual, expected)

tests/parity/test_regression.py:85: 
_ _ _ _ _ _ _ _ _ _ _ _ _ _ _ _ _ _ _ _ _ _ _ _ _ _ _ _ _ _ _ _ _ _ _ _ _ _ _ _ 
tests/parity/test_regression.py:938: in _assert_reg_matches
    _assert_scalar_or_empty(actual["R2"], expected["R2"], atol)
_ _ _ _ _ _ _ _ _ _ _ _ _ _ _ _ _ _ _ _ _ _ _ _ _ _ _ _ _ _ _ _ _ _ _ _ _ _ _ _ 

actual = 0.9999875499138962, expected = array(0.99998585), atol = 1e-10

    def _assert_scalar_or_empty(actual: object, expected: object, atol: float) -> None:
        """Compare a scalar metric, treating port ``None`` as R's empty (NULL)."""
        if actual is None:
            assert _array(expected).size == 0
        else:
>           np.testing.assert_allclose(actual, _array(expected), atol=atol)
E           AssertionError: 
E           Not equal to tolerance rtol=1e-07, atol=1e-10
E           
E           Mismatched elements: 1 / 1 (100%)
E           Max absolute difference among violations: 1.69537005e-06
E           Max relative difference among violations: 1.69539403e-06
E            ACTUAL: array(0.999988)
E            DESIRED: array(0.999986)

tests/parity/test_regression.py:1002: AssertionError
__________ test_nns_reg_mode_noise_reduction_matches_r[2-random-200] ___________
[gw3] linux -- Python 3.11.15 /opt/hostedtoolcache/Python/3.11.15/x64/bin/python

rng = Generator(PCG64) at 0x7F625615A960, size = 200, relationship = 'random'
order = 2

    @pytest.mark.parity
    @pytest.mark.parametrize("size", SIZES)
    @pytest.mark.parametrize("relationship", MODE_RELATIONSHIPS)
    @pytest.mark.parametrize("order", MODE_ORDERS)
    def test_nns_reg_mode_noise_reduction_matches_r(
        rng: np.random.Generator,
        size: int,
        relationship: str,
        order: int | None,
    ) -> None:
        x, y = _relationship(relationship, size, rng)
    
        expected = _r_nns_reg(x, y, order=order, noise="mode", point_est=None)
        actual = nns_reg(x, y, order=order, noise_reduction="mode")
    
>       _assert_reg_matches(actual, expected)

tests/parity/test_regression.py:220: 
_ _ _ _ _ _ _ _ _ _ _ _ _ _ _ _ _ _ _ _ _ _ _ _ _ _ _ _ _ _ _ _ _ _ _ _ _ _ _ _ 
tests/parity/test_regression.py:938: in _assert_reg_matches
    _assert_scalar_or_empty(actual["R2"], expected["R2"], atol)
_ _ _ _ _ _ _ _ _ _ _ _ _ _ _ _ _ _ _ _ _ _ _ _ _ _ _ _ _ _ _ _ _ _ _ _ _ _ _ _ 

actual = 0.00011472113141001693, expected = array(-0.01822979), atol = 1e-10

    def _assert_scalar_or_empty(actual: object, expected: object, atol: float) -> None:
        """Compare a scalar metric, treating port ``None`` as R's empty (NULL)."""
        if actual is None:
            assert _array(expected).size == 0
        else:
>           np.testing.assert_allclose(actual, _array(expected), atol=atol)
E           AssertionError: 
E           Not equal to tolerance rtol=1e-07, atol=1e-10
E           
E           Mismatched elements: 1 / 1 (100%)
E           Max absolute difference among violations: 0.01834451
E           Max relative difference among violations: 1.00629306
E            ACTUAL: array(0.000115)
E            DESIRED: array(-0.01823)

tests/parity/test_regression.py:1002: AssertionError
________ test_nns_reg_univariate_matches_r[2-median-point_est2-sin-50] _________
[gw0] linux -- Python 3.11.15 /opt/hostedtoolcache/Python/3.11.15/x64/bin/python

rng = Generator(PCG64) at 0x7FBB8D459540, size = 50, relationship = 'sin'
order = 2, noise = 'median', point_est = array([-3.  , -1.  ,  0.25,  3.  ])

    @pytest.mark.parity
    @pytest.mark.parametrize("size", SIZES)
    @pytest.mark.parametrize("relationship", RELATIONSHIPS)
    @pytest.mark.parametrize(("order", "noise", "point_est"), CASES)
    def test_nns_reg_univariate_matches_r(
        rng: np.random.Generator,
        size: int,
        relationship: str,
        order: int | str | None,
        noise: str,
        point_est: np.ndarray | None,
    ) -> None:
        x, y = _relationship(relationship, size, rng)
    
        expected = _r_nns_reg(x, y, order=order, noise=noise, point_est=point_est)
        actual = nns_reg(
            x,
            y,
            order=cast(Order, order),
            noise_reduction=cast(NoiseReduction, noise),
            point_est=point_est,
        )
    
>       _assert_reg_matches(actual, expected)

tests/parity/test_regression.py:85: 
_ _ _ _ _ _ _ _ _ _ _ _ _ _ _ _ _ _ _ _ _ _ _ _ _ _ _ _ _ _ _ _ _ _ _ _ _ _ _ _ 
tests/parity/test_regression.py:938: in _assert_reg_matches
    _assert_scalar_or_empty(actual["R2"], expected["R2"], atol)
_ _ _ _ _ _ _ _ _ _ _ _ _ _ _ _ _ _ _ _ _ _ _ _ _ _ _ _ _ _ _ _ _ _ _ _ _ _ _ _ 

actual = 0.9981778914257274, expected = array(0.99241435), atol = 1e-10

    def _assert_scalar_or_empty(actual: object, expected: object, atol: float) -> None:
        """Compare a scalar metric, treating port ``None`` as R's empty (NULL)."""
        if actual is None:
            assert _array(expected).size == 0
        else:
>           np.testing.assert_allclose(actual, _array(expected), atol=atol)
E           AssertionError: 
E           Not equal to tolerance rtol=1e-07, atol=1e-10
E           
E           Mismatched elements: 1 / 1 (100%)
E           Max absolute difference among violations: 0.00576354
E           Max relative difference among violations: 0.0058076
E            ACTUAL: array(0.998178)
E            DESIRED: array(0.992414)

tests/parity/test_regression.py:1002: AssertionError
__________ test_nns_reg_univariate_matches_r[None-off-None-sin-1000] ___________
[gw2] linux -- Python 3.11.15 /opt/hostedtoolcache/Python/3.11.15/x64/bin/python

rng = Generator(PCG64) at 0x7F97EE882260, size = 1000, relationship = 'sin'
order = None, noise = 'off', point_est = None

    @pytest.mark.parity
    @pytest.mark.parametrize("size", SIZES)
    @pytest.mark.parametrize("relationship", RELATIONSHIPS)
    @pytest.mark.parametrize(("order", "noise", "point_est"), CASES)
    def test_nns_reg_univariate_matches_r(
        rng: np.random.Generator,
        size: int,
        relationship: str,
        order: int | str | None,
        noise: str,
        point_est: np.ndarray | None,
    ) -> None:
        x, y = _relationship(relationship, size, rng)
    
        expected = _r_nns_reg(x, y, order=order, noise=noise, point_est=point_est)
        actual = nns_reg(
            x,
            y,
            order=cast(Order, order),
            noise_reduction=cast(NoiseReduction, noise),
            point_est=point_est,
        )
    
>       _assert_reg_matches(actual, expected)

tests/parity/test_regression.py:85: 
_ _ _ _ _ _ _ _ _ _ _ _ _ _ _ _ _ _ _ _ _ _ _ _ _ _ _ _ _ _ _ _ _ _ _ _ _ _ _ _ 
tests/parity/test_regression.py:938: in _assert_reg_matches
    _assert_scalar_or_empty(actual["R2"], expected["R2"], atol)
_ _ _ _ _ _ _ _ _ _ _ _ _ _ _ _ _ _ _ _ _ _ _ _ _ _ _ _ _ _ _ _ _ _ _ _ _ _ _ _ 

actual = 0.9999994947322243, expected = array(0.99999932), atol = 1e-10

    def _assert_scalar_or_empty(actual: object, expected: object, atol: float) -> None:
        """Compare a scalar metric, treating port ``None`` as R's empty (NULL)."""
        if actual is None:
            assert _array(expected).size == 0
        else:
>           np.testing.assert_allclose(actual, _array(expected), atol=atol)
E           AssertionError: 
E           Not equal to tolerance rtol=1e-07, atol=1e-10
E           
E           Mismatched elements: 1 / 1 (100%)
E           Max absolute difference among violations: 1.78571728e-07
E           Max relative difference among violations: 1.7857185e-07
E            ACTUAL: array(0.999999)
E            DESIRED: array(0.999999)

tests/parity/test_regression.py:1002: AssertionError
__________ test_nns_reg_univariate_matches_r[None-off-None-random-50] __________
[gw2] linux -- Python 3.11.15 /opt/hostedtoolcache/Python/3.11.15/x64/bin/python

rng = Generator(PCG64) at 0x7F97EE7382E0, size = 50, relationship = 'random'
order = None, noise = 'off', point_est = None

    @pytest.mark.parity
    @pytest.mark.parametrize("size", SIZES)
    @pytest.mark.parametrize("relationship", RELATIONSHIPS)
    @pytest.mark.parametrize(("order", "noise", "point_est"), CASES)
    def test_nns_reg_univariate_matches_r(
        rng: np.random.Generator,
        size: int,
        relationship: str,
        order: int | str | None,
        noise: str,
        point_est: np.ndarray | None,
    ) -> None:
        x, y = _relationship(relationship, size, rng)
    
        expected = _r_nns_reg(x, y, order=order, noise=noise, point_est=point_est)
        actual = nns_reg(
            x,
            y,
            order=cast(Order, order),
            noise_reduction=cast(NoiseReduction, noise),
            point_est=point_est,
        )
    
>       _assert_reg_matches(actual, expected)

tests/parity/test_regression.py:85: 
_ _ _ _ _ _ _ _ _ _ _ _ _ _ _ _ _ _ _ _ _ _ _ _ _ _ _ _ _ _ _ _ _ _ _ _ _ _ _ _ 
tests/parity/test_regression.py:938: in _assert_reg_matches
    _assert_scalar_or_empty(actual["R2"], expected["R2"], atol)
_ _ _ _ _ _ _ _ _ _ _ _ _ _ _ _ _ _ _ _ _ _ _ _ _ _ _ _ _ _ _ _ _ _ _ _ _ _ _ _ 

actual = 0.033102558870557866, expected = array(0.03244664), atol = 1e-10

    def _assert_scalar_or_empty(actual: object, expected: object, atol: float) -> None:
        """Compare a scalar metric, treating port ``None`` as R's empty (NULL)."""
        if actual is None:
            assert _array(expected).size == 0
        else:
>           np.testing.assert_allclose(actual, _array(expected), atol=atol)
E           AssertionError: 
E           Not equal to tolerance rtol=1e-07, atol=1e-10
E           
E           Mismatched elements: 1 / 1 (100%)
E           Max absolute difference among violations: 0.00065591
E           Max relative difference among violations: 0.02021518
E            ACTUAL: array(0.033103)
E            DESIRED: array(0.032447)

tests/parity/test_regression.py:1002: AssertionError
________ test_nns_reg_univariate_matches_r[2-median-point_est2-sin-200] ________
[gw0] linux -- Python 3.11.15 /opt/hostedtoolcache/Python/3.11.15/x64/bin/python

rng = Generator(PCG64) at 0x7FBB8D458C80, size = 200, relationship = 'sin'
order = 2, noise = 'median', point_est = array([-3.  , -1.  ,  0.25,  3.  ])

    @pytest.mark.parity
    @pytest.mark.parametrize("size", SIZES)
    @pytest.mark.parametrize("relationship", RELATIONSHIPS)
    @pytest.mark.parametrize(("order", "noise", "point_est"), CASES)
    def test_nns_reg_univariate_matches_r(
        rng: np.random.Generator,
        size: int,
        relationship: str,
        order: int | str | None,
        noise: str,
        point_est: np.ndarray | None,
    ) -> None:
        x, y = _relationship(relationship, size, rng)
    
        expected = _r_nns_reg(x, y, order=order, noise=noise, point_est=point_est)
        actual = nns_reg(
            x,
            y,
            order=cast(Order, order),
            noise_reduction=cast(NoiseReduction, noise),
            point_est=point_est,
        )
    
>       _assert_reg_matches(actual, expected)

tests/parity/test_regression.py:85: 
_ _ _ _ _ _ _ _ _ _ _ _ _ _ _ _ _ _ _ _ _ _ _ _ _ _ _ _ _ _ _ _ _ _ _ _ _ _ _ _ 
tests/parity/test_regression.py:938: in _assert_reg_matches
    _assert_scalar_or_empty(actual["R2"], expected["R2"], atol)
_ _ _ _ _ _ _ _ _ _ _ _ _ _ _ _ _ _ _ _ _ _ _ _ _ _ _ _ _ _ _ _ _ _ _ _ _ _ _ _ 

actual = 0.998324173712377, expected = array(0.99195461), atol = 1e-10

    def _assert_scalar_or_empty(actual: object, expected: object, atol: float) -> None:
        """Compare a scalar metric, treating port ``None`` as R's empty (NULL)."""
        if actual is None:
            assert _array(expected).size == 0
        else:
>           np.testing.assert_allclose(actual, _array(expected), atol=atol)
E           AssertionError: 
E           Not equal to tolerance rtol=1e-07, atol=1e-10
E           
E           Mismatched elements: 1 / 1 (100%)
E           Max absolute difference among violations: 0.00636956
E           Max relative difference among violations: 0.00642122
E            ACTUAL: array(0.998324)
E            DESIRED: array(0.991955)

tests/parity/test_regression.py:1002: AssertionError
_________ test_nns_reg_univariate_matches_r[None-off-None-random-200] __________
[gw2] linux -- Python 3.11.15 /opt/hostedtoolcache/Python/3.11.15/x64/bin/python

rng = Generator(PCG64) at 0x7F97EE738740, size = 200, relationship = 'random'
order = None, noise = 'off', point_est = None

    @pytest.mark.parity
    @pytest.mark.parametrize("size", SIZES)
    @pytest.mark.parametrize("relationship", RELATIONSHIPS)
    @pytest.mark.parametrize(("order", "noise", "point_est"), CASES)
    def test_nns_reg_univariate_matches_r(
        rng: np.random.Generator,
        size: int,
        relationship: str,
        order: int | str | None,
        noise: str,
        point_est: np.ndarray | None,
    ) -> None:
        x, y = _relationship(relationship, size, rng)
    
        expected = _r_nns_reg(x, y, order=order, noise=noise, point_est=point_est)
        actual = nns_reg(
            x,
            y,
            order=cast(Order, order),
            noise_reduction=cast(NoiseReduction, noise),
            point_est=point_est,
        )
    
>       _assert_reg_matches(actual, expected)

tests/parity/test_regression.py:85: 
_ _ _ _ _ _ _ _ _ _ _ _ _ _ _ _ _ _ _ _ _ _ _ _ _ _ _ _ _ _ _ _ _ _ _ _ _ _ _ _ 
tests/parity/test_regression.py:938: in _assert_reg_matches
    _assert_scalar_or_empty(actual["R2"], expected["R2"], atol)
_ _ _ _ _ _ _ _ _ _ _ _ _ _ _ _ _ _ _ _ _ _ _ _ _ _ _ _ _ _ _ _ _ _ _ _ _ _ _ _ 

actual = 0.06918283070558065, expected = array(0.01096248), atol = 1e-10

    def _assert_scalar_or_empty(actual: object, expected: object, atol: float) -> None:
        """Compare a scalar metric, treating port ``None`` as R's empty (NULL)."""
        if actual is None:
            assert _array(expected).size == 0
        else:
>           np.testing.assert_allclose(actual, _array(expected), atol=atol)
E           AssertionError: 
E           Not equal to tolerance rtol=1e-07, atol=1e-10
E           
E           Mismatched elements: 1 / 1 (100%)
E           Max absolute difference among violations: 0.05822035
E           Max relative difference among violations: 5.31087348
E            ACTUAL: array(0.069183)
E            DESIRED: array(0.010962)

tests/parity/test_regression.py:1002: AssertionError
__________ test_nns_reg_mode_noise_reduction_matches_r[2-random-1000] __________
[gw3] linux -- Python 3.11.15 /opt/hostedtoolcache/Python/3.11.15/x64/bin/python

rng = Generator(PCG64) at 0x7F625615AEA0, size = 1000, relationship = 'random'
order = 2

    @pytest.mark.parity
    @pytest.mark.parametrize("size", SIZES)
    @pytest.mark.parametrize("relationship", MODE_RELATIONSHIPS)
    @pytest.mark.parametrize("order", MODE_ORDERS)
    def test_nns_reg_mode_noise_reduction_matches_r(
        rng: np.random.Generator,
        size: int,
        relationship: str,
        order: int | None,
    ) -> None:
        x, y = _relationship(relationship, size, rng)
    
        expected = _r_nns_reg(x, y, order=order, noise="mode", point_est=None)
        actual = nns_reg(x, y, order=order, noise_reduction="mode")
    
>       _assert_reg_matches(actual, expected)

tests/parity/test_regression.py:220: 
_ _ _ _ _ _ _ _ _ _ _ _ _ _ _ _ _ _ _ _ _ _ _ _ _ _ _ _ _ _ _ _ _ _ _ _ _ _ _ _ 
tests/parity/test_regression.py:938: in _assert_reg_matches
    _assert_scalar_or_empty(actual["R2"], expected["R2"], atol)
_ _ _ _ _ _ _ _ _ _ _ _ _ _ _ _ _ _ _ _ _ _ _ _ _ _ _ _ _ _ _ _ _ _ _ _ _ _ _ _ 

actual = 0.00030326706934272467, expected = array(-0.06786756), atol = 1e-10

    def _assert_scalar_or_empty(actual: object, expected: object, atol: float) -> None:
        """Compare a scalar metric, treating port ``None`` as R's empty (NULL)."""
        if actual is None:
            assert _array(expected).size == 0
        else:
>           np.testing.assert_allclose(actual, _array(expected), atol=atol)
E           AssertionError: 
E           Not equal to tolerance rtol=1e-07, atol=1e-10
E           
E           Mismatched elements: 1 / 1 (100%)
E           Max absolute difference among violations: 0.06817082
E           Max relative difference among violations: 1.00446851
E            ACTUAL: array(0.000303)
E            DESIRED: array(-0.067868)

tests/parity/test_regression.py:1002: AssertionError
___________ test_nns_reg_mode_noise_reduction_matches_r[3-linear-50] ___________
[gw3] linux -- Python 3.11.15 /opt/hostedtoolcache/Python/3.11.15/x64/bin/python

rng = Generator(PCG64) at 0x7F62560CB840, size = 50, relationship = 'linear'
order = 3

    @pytest.mark.parity
    @pytest.mark.parametrize("size", SIZES)
    @pytest.mark.parametrize("relationship", MODE_RELATIONSHIPS)
    @pytest.mark.parametrize("order", MODE_ORDERS)
    def test_nns_reg_mode_noise_reduction_matches_r(
        rng: np.random.Generator,
        size: int,
        relationship: str,
        order: int | None,
    ) -> None:
        x, y = _relationship(relationship, size, rng)
    
        expected = _r_nns_reg(x, y, order=order, noise="mode", point_est=None)
        actual = nns_reg(x, y, order=order, noise_reduction="mode")
    
>       _assert_reg_matches(actual, expected)

tests/parity/test_regression.py:220: 
_ _ _ _ _ _ _ _ _ _ _ _ _ _ _ _ _ _ _ _ _ _ _ _ _ _ _ _ _ _ _ _ _ _ _ _ _ _ _ _ 
tests/parity/test_regression.py:938: in _assert_reg_matches
    _assert_scalar_or_empty(actual["R2"], expected["R2"], atol)
_ _ _ _ _ _ _ _ _ _ _ _ _ _ _ _ _ _ _ _ _ _ _ _ _ _ _ _ _ _ _ _ _ _ _ _ _ _ _ _ 

actual = 0.9949735767302906, expected = array(0.98553883), atol = 1e-10

    def _assert_scalar_or_empty(actual: object, expected: object, atol: float) -> None:
        """Compare a scalar metric, treating port ``None`` as R's empty (NULL)."""
        if actual is None:
            assert _array(expected).size == 0
        else:
>           np.testing.assert_allclose(actual, _array(expected), atol=atol)
E           AssertionError: 
E           Not equal to tolerance rtol=1e-07, atol=1e-10
E           
E           Mismatched elements: 1 / 1 (100%)
E           Max absolute difference among violations: 0.00943474
E           Max relative difference among violations: 0.00957318
E            ACTUAL: array(0.994974)
E            DESIRED: array(0.985539)

tests/parity/test_regression.py:1002: AssertionError
_______ test_nns_reg_univariate_matches_r[2-median-point_est2-sin-1000] ________
[gw0] linux -- Python 3.11.15 /opt/hostedtoolcache/Python/3.11.15/x64/bin/python

rng = Generator(PCG64) at 0x7FBB8D458580, size = 1000, relationship = 'sin'
order = 2, noise = 'median', point_est = array([-3.  , -1.  ,  0.25,  3.  ])

    @pytest.mark.parity
    @pytest.mark.parametrize("size", SIZES)
    @pytest.mark.parametrize("relationship", RELATIONSHIPS)
    @pytest.mark.parametrize(("order", "noise", "point_est"), CASES)
    def test_nns_reg_univariate_matches_r(
        rng: np.random.Generator,
        size: int,
        relationship: str,
        order: int | str | None,
        noise: str,
        point_est: np.ndarray | None,
    ) -> None:
        x, y = _relationship(relationship, size, rng)
    
        expected = _r_nns_reg(x, y, order=order, noise=noise, point_est=point_est)
        actual = nns_reg(
            x,
            y,
            order=cast(Order, order),
            noise_reduction=cast(NoiseReduction, noise),
            point_est=point_est,
        )
    
>       _assert_reg_matches(actual, expected)

tests/parity/test_regression.py:85: 
_ _ _ _ _ _ _ _ _ _ _ _ _ _ _ _ _ _ _ _ _ _ _ _ _ _ _ _ _ _ _ _ _ _ _ _ _ _ _ _ 
tests/parity/test_regression.py:938: in _assert_reg_matches
    _assert_scalar_or_empty(actual["R2"], expected["R2"], atol)
_ _ _ _ _ _ _ _ _ _ _ _ _ _ _ _ _ _ _ _ _ _ _ _ _ _ _ _ _ _ _ _ _ _ _ _ _ _ _ _ 

actual = 0.9983411707288736, expected = array(0.99182913), atol = 1e-10

    def _assert_scalar_or_empty(actual: object, expected: object, atol: float) -> None:
        """Compare a scalar metric, treating port ``None`` as R's empty (NULL)."""
        if actual is None:
            assert _array(expected).size == 0
        else:
>           np.testing.assert_allclose(actual, _array(expected), atol=atol)
E           AssertionError: 
E           Not equal to tolerance rtol=1e-07, atol=1e-10
E           
E           Mismatched elements: 1 / 1 (100%)
E           Max absolute difference among violations: 0.00651204
E           Max relative difference among violations: 0.00656569
E            ACTUAL: array(0.998341)
E            DESIRED: array(0.991829)

tests/parity/test_regression.py:1002: AssertionError
__________ test_nns_reg_mode_noise_reduction_matches_r[3-linear-200] ___________
[gw3] linux -- Python 3.11.15 /opt/hostedtoolcache/Python/3.11.15/x64/bin/python

rng = Generator(PCG64) at 0x7F62560CB3E0, size = 200, relationship = 'linear'
order = 3

    @pytest.mark.parity
    @pytest.mark.parametrize("size", SIZES)
    @pytest.mark.parametrize("relationship", MODE_RELATIONSHIPS)
    @pytest.mark.parametrize("order", MODE_ORDERS)
    def test_nns_reg_mode_noise_reduction_matches_r(
        rng: np.random.Generator,
        size: int,
        relationship: str,
        order: int | None,
    ) -> None:
        x, y = _relationship(relationship, size, rng)
    
        expected = _r_nns_reg(x, y, order=order, noise="mode", point_est=None)
        actual = nns_reg(x, y, order=order, noise_reduction="mode")
    
>       _assert_reg_matches(actual, expected)

tests/parity/test_regression.py:220: 
_ _ _ _ _ _ _ _ _ _ _ _ _ _ _ _ _ _ _ _ _ _ _ _ _ _ _ _ _ _ _ _ _ _ _ _ _ _ _ _ 
tests/parity/test_regression.py:938: in _assert_reg_matches
    _assert_scalar_or_empty(actual["R2"], expected["R2"], atol)
_ _ _ _ _ _ _ _ _ _ _ _ _ _ _ _ _ _ _ _ _ _ _ _ _ _ _ _ _ _ _ _ _ _ _ _ _ _ _ _ 

actual = 0.9841675892008733, expected = array(0.89837889), atol = 1e-10

    def _assert_scalar_or_empty(actual: object, expected: object, atol: float) -> None:
        """Compare a scalar metric, treating port ``None`` as R's empty (NULL)."""
        if actual is None:
            assert _array(expected).size == 0
        else:
>           np.testing.assert_allclose(actual, _array(expected), atol=atol)
E           AssertionError: 
E           Not equal to tolerance rtol=1e-07, atol=1e-10
E           
E           Mismatched elements: 1 / 1 (100%)
E           Max absolute difference among violations: 0.0857887
E           Max relative difference among violations: 0.09549279
E            ACTUAL: array(0.984168)
E            DESIRED: array(0.898379)

tests/parity/test_regression.py:1002: AssertionError
__________ test_nns_reg_mode_noise_reduction_matches_r[3-linear-1000] __________
[gw3] linux -- Python 3.11.15 /opt/hostedtoolcache/Python/3.11.15/x64/bin/python

rng = Generator(PCG64) at 0x7F625615AB20, size = 1000, relationship = 'linear'
order = 3

    @pytest.mark.parity
    @pytest.mark.parametrize("size", SIZES)
    @pytest.mark.parametrize("relationship", MODE_RELATIONSHIPS)
    @pytest.mark.parametrize("order", MODE_ORDERS)
    def test_nns_reg_mode_noise_reduction_matches_r(
        rng: np.random.Generator,
        size: int,
        relationship: str,
        order: int | None,
    ) -> None:
        x, y = _relationship(relationship, size, rng)
    
        expected = _r_nns_reg(x, y, order=order, noise="mode", point_est=None)
        actual = nns_reg(x, y, order=order, noise_reduction="mode")
    
>       _assert_reg_matches(actual, expected)

tests/parity/test_regression.py:220: 
_ _ _ _ _ _ _ _ _ _ _ _ _ _ _ _ _ _ _ _ _ _ _ _ _ _ _ _ _ _ _ _ _ _ _ _ _ _ _ _ 
tests/parity/test_regression.py:938: in _assert_reg_matches
    _assert_scalar_or_empty(actual["R2"], expected["R2"], atol)
_ _ _ _ _ _ _ _ _ _ _ _ _ _ _ _ _ _ _ _ _ _ _ _ _ _ _ _ _ _ _ _ _ _ _ _ _ _ _ _ 

actual = 0.9850668311655557, expected = array(0.89671843), atol = 1e-10

    def _assert_scalar_or_empty(actual: object, expected: object, atol: float) -> None:
        """Compare a scalar metric, treating port ``None`` as R's empty (NULL)."""
        if actual is None:
            assert _array(expected).size == 0
        else:
>           np.testing.assert_allclose(actual, _array(expected), atol=atol)
E           AssertionError: 
E           Not equal to tolerance rtol=1e-07, atol=1e-10
E           
E           Mismatched elements: 1 / 1 (100%)
E           Max absolute difference among violations: 0.0883484
E           Max relative difference among violations: 0.09852412
E            ACTUAL: array(0.985067)
E            DESIRED: array(0.896718)

tests/parity/test_regression.py:1002: AssertionError
_______ test_nns_reg_univariate_matches_r[2-median-point_est2-random-50] _______
[gw0] linux -- Python 3.11.15 /opt/hostedtoolcache/Python/3.11.15/x64/bin/python

rng = Generator(PCG64) at 0x7FBB8FF267A0, size = 50, relationship = 'random'
order = 2, noise = 'median', point_est = array([-3.  , -1.  ,  0.25,  3.  ])

    @pytest.mark.parity
    @pytest.mark.parametrize("size", SIZES)
    @pytest.mark.parametrize("relationship", RELATIONSHIPS)
    @pytest.mark.parametrize(("order", "noise", "point_est"), CASES)
    def test_nns_reg_univariate_matches_r(
        rng: np.random.Generator,
        size: int,
        relationship: str,
        order: int | str | None,
        noise: str,
        point_est: np.ndarray | None,
    ) -> None:
        x, y = _relationship(relationship, size, rng)
    
        expected = _r_nns_reg(x, y, order=order, noise=noise, point_est=point_est)
        actual = nns_reg(
            x,
            y,
            order=cast(Order, order),
            noise_reduction=cast(NoiseReduction, noise),
            point_est=point_est,
        )
    
>       _assert_reg_matches(actual, expected)

tests/parity/test_regression.py:85: 
_ _ _ _ _ _ _ _ _ _ _ _ _ _ _ _ _ _ _ _ _ _ _ _ _ _ _ _ _ _ _ _ _ _ _ _ _ _ _ _ 
tests/parity/test_regression.py:938: in _assert_reg_matches
    _assert_scalar_or_empty(actual["R2"], expected["R2"], atol)
_ _ _ _ _ _ _ _ _ _ _ _ _ _ _ _ _ _ _ _ _ _ _ _ _ _ _ _ _ _ _ _ _ _ _ _ _ _ _ _ 

actual = 0.013539586003098056, expected = array(-0.03630385), atol = 1e-10

    def _assert_scalar_or_empty(actual: object, expected: object, atol: float) -> None:
        """Compare a scalar metric, treating port ``None`` as R's empty (NULL)."""
        if actual is None:
            assert _array(expected).size == 0
        else:
>           np.testing.assert_allclose(actual, _array(expected), atol=atol)
E           AssertionError: 
E           Not equal to tolerance rtol=1e-07, atol=1e-10
E           
E           Mismatched elements: 1 / 1 (100%)
E           Max absolute difference among violations: 0.04984343
E           Max relative difference among violations: 1.37295182
E            ACTUAL: array(0.01354)
E            DESIRED: array(-0.036304)

tests/parity/test_regression.py:1002: AssertionError
_________ test_nns_reg_mode_noise_reduction_matches_r[3-quadratic-50] __________
[gw3] linux -- Python 3.11.15 /opt/hostedtoolcache/Python/3.11.15/x64/bin/python

rng = Generator(PCG64) at 0x7F625615A5E0, size = 50, relationship = 'quadratic'
order = 3

    @pytest.mark.parity
    @pytest.mark.parametrize("size", SIZES)
    @pytest.mark.parametrize("relationship", MODE_RELATIONSHIPS)
    @pytest.mark.parametrize("order", MODE_ORDERS)
    def test_nns_reg_mode_noise_reduction_matches_r(
        rng: np.random.Generator,
        size: int,
        relationship: str,
        order: int | None,
    ) -> None:
        x, y = _relationship(relationship, size, rng)
    
        expected = _r_nns_reg(x, y, order=order, noise="mode", point_est=None)
        actual = nns_reg(x, y, order=order, noise_reduction="mode")
    
>       _assert_reg_matches(actual, expected)

tests/parity/test_regression.py:220: 
_ _ _ _ _ _ _ _ _ _ _ _ _ _ _ _ _ _ _ _ _ _ _ _ _ _ _ _ _ _ _ _ _ _ _ _ _ _ _ _ 
tests/parity/test_regression.py:938: in _assert_reg_matches
    _assert_scalar_or_empty(actual["R2"], expected["R2"], atol)
_ _ _ _ _ _ _ _ _ _ _ _ _ _ _ _ _ _ _ _ _ _ _ _ _ _ _ _ _ _ _ _ _ _ _ _ _ _ _ _ 

actual = 0.9803476436446137, expected = array(0.95944437), atol = 1e-10

    def _assert_scalar_or_empty(actual: object, expected: object, atol: float) -> None:
        """Compare a scalar metric, treating port ``None`` as R's empty (NULL)."""
        if actual is None:
            assert _array(expected).size == 0
        else:
>           np.testing.assert_allclose(actual, _array(expected), atol=atol)
E           AssertionError: 
E           Not equal to tolerance rtol=1e-07, atol=1e-10
E           
E           Mismatched elements: 1 / 1 (100%)
E           Max absolute difference among violations: 0.02090327
E           Max relative difference among violations: 0.02178685
E            ACTUAL: array(0.980348)
E            DESIRED: array(0.959444)

tests/parity/test_regression.py:1002: AssertionError
_________________ test_nns_reg_small_smooth_fallback_matches_r _________________
[gw2] linux -- Python 3.11.15 /opt/hostedtoolcache/Python/3.11.15/x64/bin/python

    @pytest.mark.parity
    def test_nns_reg_small_smooth_fallback_matches_r() -> None:
        x = np.array([1.0, 2.0, 3.0])
        y = np.array([1.0, 2.0, 1.0])
        point = np.array([1.5, 2.5])
    
        expected = _r_nns_reg_smooth(x, y, point_est=point, confidence_interval=0.95)
        actual = nns_reg(x, y, point_est=point, smooth=True, confidence_interval=0.95)
    
>       _assert_reg_matches(actual, expected)

tests/parity/test_regression.py:97: 
_ _ _ _ _ _ _ _ _ _ _ _ _ _ _ _ _ _ _ _ _ _ _ _ _ _ _ _ _ _ _ _ _ _ _ _ _ _ _ _ 
tests/parity/test_regression.py:938: in _assert_reg_matches
    _assert_scalar_or_empty(actual["R2"], expected["R2"], atol)
_ _ _ _ _ _ _ _ _ _ _ _ _ _ _ _ _ _ _ _ _ _ _ _ _ _ _ _ _ _ _ _ _ _ _ _ _ _ _ _ 

actual = 0.0, expected = array(-0.5), atol = 1e-10

    def _assert_scalar_or_empty(actual: object, expected: object, atol: float) -> None:
        """Compare a scalar metric, treating port ``None`` as R's empty (NULL)."""
        if actual is None:
            assert _array(expected).size == 0
        else:
>           np.testing.assert_allclose(actual, _array(expected), atol=atol)
E           AssertionError: 
E           Not equal to tolerance rtol=1e-07, atol=1e-10
E           
E           Mismatched elements: 1 / 1 (100%)
E           Max absolute difference among violations: 0.5
E           Max relative difference among violations: 1.
E            ACTUAL: array(0.)
E            DESIRED: array(-0.5)

tests/parity/test_regression.py:1002: AssertionError
______ test_nns_reg_univariate_matches_r[2-median-point_est2-random-200] _______
[gw0] linux -- Python 3.11.15 /opt/hostedtoolcache/Python/3.11.15/x64/bin/python

rng = Generator(PCG64) at 0x7FBB8FF27220, size = 200, relationship = 'random'
order = 2, noise = 'median', point_est = array([-3.  , -1.  ,  0.25,  3.  ])

    @pytest.mark.parity
    @pytest.mark.parametrize("size", SIZES)
    @pytest.mark.parametrize("relationship", RELATIONSHIPS)
    @pytest.mark.parametrize(("order", "noise", "point_est"), CASES)
    def test_nns_reg_univariate_matches_r(
        rng: np.random.Generator,
        size: int,
        relationship: str,
        order: int | str | None,
        noise: str,
        point_est: np.ndarray | None,
    ) -> None:
        x, y = _relationship(relationship, size, rng)
    
        expected = _r_nns_reg(x, y, order=order, noise=noise, point_est=point_est)
        actual = nns_reg(
            x,
            y,
            order=cast(Order, order),
            noise_reduction=cast(NoiseReduction, noise),
            point_est=point_est,
        )
    
>       _assert_reg_matches(actual, expected)

tests/parity/test_regression.py:85: 
_ _ _ _ _ _ _ _ _ _ _ _ _ _ _ _ _ _ _ _ _ _ _ _ _ _ _ _ _ _ _ _ _ _ _ _ _ _ _ _ 
tests/parity/test_regression.py:938: in _assert_reg_matches
    _assert_scalar_or_empty(actual["R2"], expected["R2"], atol)
_ _ _ _ _ _ _ _ _ _ _ _ _ _ _ _ _ _ _ _ _ _ _ _ _ _ _ _ _ _ _ _ _ _ _ _ _ _ _ _ 

actual = 0.00018277084551372575, expected = array(-0.01574842), atol = 1e-10

    def _assert_scalar_or_empty(actual: object, expected: object, atol: float) -> None:
        """Compare a scalar metric, treating port ``None`` as R's empty (NULL)."""
        if actual is None:
            assert _array(expected).size == 0
        else:
>           np.testing.assert_allclose(actual, _array(expected), atol=atol)
E           AssertionError: 
E           Not equal to tolerance rtol=1e-07, atol=1e-10
E           
E           Mismatched elements: 1 / 1 (100%)
E           Max absolute difference among violations: 0.01593119
E           Max relative difference among violations: 1.01160566
E            ACTUAL: array(0.000183)
E            DESIRED: array(-0.015748)

tests/parity/test_regression.py:1002: AssertionError
_________ test_nns_reg_mode_noise_reduction_matches_r[3-quadratic-200] _________
[gw3] linux -- Python 3.11.15 /opt/hostedtoolcache/Python/3.11.15/x64/bin/python

rng = Generator(PCG64) at 0x7F625615A0A0, size = 200, relationship = 'quadratic'
order = 3

    @pytest.mark.parity
    @pytest.mark.parametrize("size", SIZES)
    @pytest.mark.parametrize("relationship", MODE_RELATIONSHIPS)
    @pytest.mark.parametrize("order", MODE_ORDERS)
    def test_nns_reg_mode_noise_reduction_matches_r(
        rng: np.random.Generator,
        size: int,
        relationship: str,
        order: int | None,
    ) -> None:
        x, y = _relationship(relationship, size, rng)
    
        expected = _r_nns_reg(x, y, order=order, noise="mode", point_est=None)
        actual = nns_reg(x, y, order=order, noise_reduction="mode")
    
>       _assert_reg_matches(actual, expected)

tests/parity/test_regression.py:220: 
_ _ _ _ _ _ _ _ _ _ _ _ _ _ _ _ _ _ _ _ _ _ _ _ _ _ _ _ _ _ _ _ _ _ _ _ _ _ _ _ 
tests/parity/test_regression.py:938: in _assert_reg_matches
    _assert_scalar_or_empty(actual["R2"], expected["R2"], atol)
_ _ _ _ _ _ _ _ _ _ _ _ _ _ _ _ _ _ _ _ _ _ _ _ _ _ _ _ _ _ _ _ _ _ _ _ _ _ _ _ 

actual = 0.9962285451564697, expected = array(0.99142813), atol = 1e-10

    def _assert_scalar_or_empty(actual: object, expected: object, atol: float) -> None:
        """Compare a scalar metric, treating port ``None`` as R's empty (NULL)."""
        if actual is None:
            assert _array(expected).size == 0
        else:
>           np.testing.assert_allclose(actual, _array(expected), atol=atol)
E           AssertionError: 
E           Not equal to tolerance rtol=1e-07, atol=1e-10
E           
E           Mismatched elements: 1 / 1 (100%)
E           Max absolute difference among violations: 0.00480042
E           Max relative difference among violations: 0.00484192
E            ACTUAL: array(0.996229)
E            DESIRED: array(0.991428)

tests/parity/test_regression.py:1002: AssertionError
______ test_nns_reg_univariate_matches_r[2-median-point_est2-random-1000] ______
[gw0] linux -- Python 3.11.15 /opt/hostedtoolcache/Python/3.11.15/x64/bin/python

rng = Generator(PCG64) at 0x7FBB8FF26960, size = 1000, relationship = 'random'
order = 2, noise = 'median', point_est = array([-3.  , -1.  ,  0.25,  3.  ])

    @pytest.mark.parity
    @pytest.mark.parametrize("size", SIZES)
    @pytest.mark.parametrize("relationship", RELATIONSHIPS)
    @pytest.mark.parametrize(("order", "noise", "point_est"), CASES)
    def test_nns_reg_univariate_matches_r(
        rng: np.random.Generator,
        size: int,
        relationship: str,
        order: int | str | None,
        noise: str,
        point_est: np.ndarray | None,
    ) -> None:
        x, y = _relationship(relationship, size, rng)
    
        expected = _r_nns_reg(x, y, order=order, noise=noise, point_est=point_est)
        actual = nns_reg(
            x,
            y,
            order=cast(Order, order),
            noise_reduction=cast(NoiseReduction, noise),
            point_est=point_est,
        )
    
>       _assert_reg_matches(actual, expected)

tests/parity/test_regression.py:85: 
_ _ _ _ _ _ _ _ _ _ _ _ _ _ _ _ _ _ _ _ _ _ _ _ _ _ _ _ _ _ _ _ _ _ _ _ _ _ _ _ 
tests/parity/test_regression.py:938: in _assert_reg_matches
    _assert_scalar_or_empty(actual["R2"], expected["R2"], atol)
_ _ _ _ _ _ _ _ _ _ _ _ _ _ _ _ _ _ _ _ _ _ _ _ _ _ _ _ _ _ _ _ _ _ _ _ _ _ _ _ 

actual = 0.00029757251890863765, expected = array(-0.06890027), atol = 1e-10

    def _assert_scalar_or_empty(actual: object, expected: object, atol: float) -> None:
        """Compare a scalar metric, treating port ``None`` as R's empty (NULL)."""
        if actual is None:
            assert _array(expected).size == 0
        else:
>           np.testing.assert_allclose(actual, _array(expected), atol=atol)
E           AssertionError: 
E           Not equal to tolerance rtol=1e-07, atol=1e-10
E           
E           Mismatched elements: 1 / 1 (100%)
E           Max absolute difference among violations: 0.06919784
E           Max relative difference among violations: 1.00431889
E            ACTUAL: array(0.000298)
E            DESIRED: array(-0.0689)

tests/parity/test_regression.py:1002: AssertionError
________________ test_nns_reg_spline_eligible_smooth_matches_r _________________
[gw2] linux -- Python 3.11.15 /opt/hostedtoolcache/Python/3.11.15/x64/bin/python

    @pytest.mark.parity
    def test_nns_reg_spline_eligible_smooth_matches_r() -> None:
        x = np.linspace(-2.0, 2.0, 40)
        y = np.sin(x) + 0.2 * x**2
        point = np.array([-1.5, 0.0, 1.5])
    
        expected = _r_nns_reg_smooth(
            x,
            y,
            order=2,
            point_est=point,
            confidence_interval=0.95,
        )
        actual = nns_reg(x, y, order=2, point_est=point, smooth=True, confidence_interval=0.95)
    
>       _assert_reg_matches(actual, expected, atol=5e-5)

tests/parity/test_regression.py:136: 
_ _ _ _ _ _ _ _ _ _ _ _ _ _ _ _ _ _ _ _ _ _ _ _ _ _ _ _ _ _ _ _ _ _ _ _ _ _ _ _ 
tests/parity/test_regression.py:938: in _assert_reg_matches
    _assert_scalar_or_empty(actual["R2"], expected["R2"], atol)
_ _ _ _ _ _ _ _ _ _ _ _ _ _ _ _ _ _ _ _ _ _ _ _ _ _ _ _ _ _ _ _ _ _ _ _ _ _ _ _ 

actual = 0.8628182939586625, expected = array(0.71546509), atol = 5e-05

    def _assert_scalar_or_empty(actual: object, expected: object, atol: float) -> None:
        """Compare a scalar metric, treating port ``None`` as R's empty (NULL)."""
        if actual is None:
            assert _array(expected).size == 0
        else:
>           np.testing.assert_allclose(actual, _array(expected), atol=atol)
E           AssertionError: 
E           Not equal to tolerance rtol=1e-07, atol=5e-05
E           
E           Mismatched elements: 1 / 1 (100%)
E           Max absolute difference among violations: 0.1473532
E           Max relative difference among violations: 0.20595442
E            ACTUAL: array(0.862818)
E            DESIRED: array(0.715465)

tests/parity/test_regression.py:1002: AssertionError
________ test_nns_reg_mode_noise_reduction_matches_r[3-quadratic-1000] _________
[gw3] linux -- Python 3.11.15 /opt/hostedtoolcache/Python/3.11.15/x64/bin/python

rng = Generator(PCG64) at 0x7F6256159B60, size = 1000
relationship = 'quadratic', order = 3

    @pytest.mark.parity
    @pytest.mark.parametrize("size", SIZES)
    @pytest.mark.parametrize("relationship", MODE_RELATIONSHIPS)
    @pytest.mark.parametrize("order", MODE_ORDERS)
    def test_nns_reg_mode_noise_reduction_matches_r(
        rng: np.random.Generator,
        size: int,
        relationship: str,
        order: int | None,
    ) -> None:
        x, y = _relationship(relationship, size, rng)
    
        expected = _r_nns_reg(x, y, order=order, noise="mode", point_est=None)
        actual = nns_reg(x, y, order=order, noise_reduction="mode")
    
>       _assert_reg_matches(actual, expected)

tests/parity/test_regression.py:220: 
_ _ _ _ _ _ _ _ _ _ _ _ _ _ _ _ _ _ _ _ _ _ _ _ _ _ _ _ _ _ _ _ _ _ _ _ _ _ _ _ 
tests/parity/test_regression.py:938: in _assert_reg_matches
    _assert_scalar_or_empty(actual["R2"], expected["R2"], atol)
_ _ _ _ _ _ _ _ _ _ _ _ _ _ _ _ _ _ _ _ _ _ _ _ _ _ _ _ _ _ _ _ _ _ _ _ _ _ _ _ 

actual = 0.9961632449464388, expected = array(0.99125478), atol = 1e-10

    def _assert_scalar_or_empty(actual: object, expected: object, atol: float) -> None:
        """Compare a scalar metric, treating port ``None`` as R's empty (NULL)."""
        if actual is None:
            assert _array(expected).size == 0
        else:
>           np.testing.assert_allclose(actual, _array(expected), atol=atol)
E           AssertionError: 
E           Not equal to tolerance rtol=1e-07, atol=1e-10
E           
E           Mismatched elements: 1 / 1 (100%)
E           Max absolute difference among violations: 0.00490846
E           Max relative difference among violations: 0.00495177
E            ACTUAL: array(0.996163)
E            DESIRED: array(0.991255)

tests/parity/test_regression.py:1002: AssertionError
_____________________ test_nns_reg_dimred_smooth_matches_r _____________________
[gw2] linux -- Python 3.11.15 /opt/hostedtoolcache/Python/3.11.15/x64/bin/python

    @pytest.mark.parity
    def test_nns_reg_dimred_smooth_matches_r() -> None:
        x1 = np.linspace(-2.0, 2.0, 36)
        x = np.column_stack((x1, np.sin(x1), np.cos(x1)))
        y = x[:, 0] + x[:, 1] - 0.25 * x[:, 2]
        point = x[::12]
    
        expected = _r_nns_reg_dimred(
            x,
            y,
            order=2,
            dim_red_method="equal",
            threshold=0.0,
            point_est=point,
            point_only=False,
            confidence_interval=0.95,
            smooth=True,
        )
        actual = nns_reg(
            x,
            y,
            order=2,
            dim_red_method="equal",
            point_est=point,
            confidence_interval=0.95,
            smooth=True,
        )
    
>       _assert_reg_matches(actual, expected, check_dimred=True, atol=5e-5)

tests/parity/test_regression.py:167: 
_ _ _ _ _ _ _ _ _ _ _ _ _ _ _ _ _ _ _ _ _ _ _ _ _ _ _ _ _ _ _ _ _ _ _ _ _ _ _ _ 
tests/parity/test_regression.py:938: in _assert_reg_matches
    _assert_scalar_or_empty(actual["R2"], expected["R2"], atol)
_ _ _ _ _ _ _ _ _ _ _ _ _ _ _ _ _ _ _ _ _ _ _ _ _ _ _ _ _ _ _ _ _ _ _ _ _ _ _ _ 

actual = 0.7628056177992246, expected = array(0.74577958), atol = 5e-05

    def _assert_scalar_or_empty(actual: object, expected: object, atol: float) -> None:
        """Compare a scalar metric, treating port ``None`` as R's empty (NULL)."""
        if actual is None:
            assert _array(expected).size == 0
        else:
>           np.testing.assert_allclose(actual, _array(expected), atol=atol)
E           AssertionError: 
E           Not equal to tolerance rtol=1e-07, atol=5e-05
E           
E           Mismatched elements: 1 / 1 (100%)
E           Max absolute difference among violations: 0.01702603
E           Max relative difference among violations: 0.02282985
E            ACTUAL: array(0.762806)
E            DESIRED: array(0.74578)

tests/parity/test_regression.py:1002: AssertionError
____________ test_nns_reg_mode_noise_reduction_matches_r[3-sin-50] _____________
[gw3] linux -- Python 3.11.15 /opt/hostedtoolcache/Python/3.11.15/x64/bin/python

rng = Generator(PCG64) at 0x7F6256159620, size = 50, relationship = 'sin'
order = 3

    @pytest.mark.parity
    @pytest.mark.parametrize("size", SIZES)
    @pytest.mark.parametrize("relationship", MODE_RELATIONSHIPS)
    @pytest.mark.parametrize("order", MODE_ORDERS)
    def test_nns_reg_mode_noise_reduction_matches_r(
        rng: np.random.Generator,
        size: int,
        relationship: str,
        order: int | None,
    ) -> None:
        x, y = _relationship(relationship, size, rng)
    
        expected = _r_nns_reg(x, y, order=order, noise="mode", point_est=None)
        actual = nns_reg(x, y, order=order, noise_reduction="mode")
    
>       _assert_reg_matches(actual, expected)

tests/parity/test_regression.py:220: 
_ _ _ _ _ _ _ _ _ _ _ _ _ _ _ _ _ _ _ _ _ _ _ _ _ _ _ _ _ _ _ _ _ _ _ _ _ _ _ _ 
tests/parity/test_regression.py:938: in _assert_reg_matches
    _assert_scalar_or_empty(actual["R2"], expected["R2"], atol)
_ _ _ _ _ _ _ _ _ _ _ _ _ _ _ _ _ _ _ _ _ _ _ _ _ _ _ _ _ _ _ _ _ _ _ _ _ _ _ _ 

actual = 0.9891386959054335, expected = array(0.97028153), atol = 1e-10

    def _assert_scalar_or_empty(actual: object, expected: object, atol: float) -> None:
        """Compare a scalar metric, treating port ``None`` as R's empty (NULL)."""
        if actual is None:
            assert _array(expected).size == 0
        else:
>           np.testing.assert_allclose(actual, _array(expected), atol=atol)
E           AssertionError: 
E           Not equal to tolerance rtol=1e-07, atol=1e-10
E           
E           Mismatched elements: 1 / 1 (100%)
E           Max absolute difference among violations: 0.01885716
E           Max relative difference among violations: 0.01943474
E            ACTUAL: array(0.989139)
E            DESIRED: array(0.970282)

tests/parity/test_regression.py:1002: AssertionError
____________ test_nns_reg_mode_noise_reduction_matches_r[3-sin-200] ____________
[gw3] linux -- Python 3.11.15 /opt/hostedtoolcache/Python/3.11.15/x64/bin/python

rng = Generator(PCG64) at 0x7F62561590E0, size = 200, relationship = 'sin'
order = 3

    @pytest.mark.parity
    @pytest.mark.parametrize("size", SIZES)
    @pytest.mark.parametrize("relationship", MODE_RELATIONSHIPS)
    @pytest.mark.parametrize("order", MODE_ORDERS)
    def test_nns_reg_mode_noise_reduction_matches_r(
        rng: np.random.Generator,
        size: int,
        relationship: str,
        order: int | None,
    ) -> None:
        x, y = _relationship(relationship, size, rng)
    
        expected = _r_nns_reg(x, y, order=order, noise="mode", point_est=None)
        actual = nns_reg(x, y, order=order, noise_reduction="mode")
    
>       _assert_reg_matches(actual, expected)

tests/parity/test_regression.py:220: 
_ _ _ _ _ _ _ _ _ _ _ _ _ _ _ _ _ _ _ _ _ _ _ _ _ _ _ _ _ _ _ _ _ _ _ _ _ _ _ _ 
tests/parity/test_regression.py:938: in _assert_reg_matches
    _assert_scalar_or_empty(actual["R2"], expected["R2"], atol)
_ _ _ _ _ _ _ _ _ _ _ _ _ _ _ _ _ _ _ _ _ _ _ _ _ _ _ _ _ _ _ _ _ _ _ _ _ _ _ _ 

actual = 0.8875958344494245, expected = array(0.87173094), atol = 1e-10

    def _assert_scalar_or_empty(actual: object, expected: object, atol: float) -> None:
        """Compare a scalar metric, treating port ``None`` as R's empty (NULL)."""
        if actual is None:
            assert _array(expected).size == 0
        else:
>           np.testing.assert_allclose(actual, _array(expected), atol=atol)
E           AssertionError: 
E           Not equal to tolerance rtol=1e-07, atol=1e-10
E           
E           Mismatched elements: 1 / 1 (100%)
E           Max absolute difference among violations: 0.01586489
E           Max relative difference among violations: 0.0181993
E            ACTUAL: array(0.887596)
E            DESIRED: array(0.871731)

tests/parity/test_regression.py:1002: AssertionError
___________ test_nns_reg_mode_noise_reduction_matches_r[3-sin-1000] ____________
[gw3] linux -- Python 3.11.15 /opt/hostedtoolcache/Python/3.11.15/x64/bin/python

rng = Generator(PCG64) at 0x7F62561589E0, size = 1000, relationship = 'sin'
order = 3

    @pytest.mark.parity
    @pytest.mark.parametrize("size", SIZES)
    @pytest.mark.parametrize("relationship", MODE_RELATIONSHIPS)
    @pytest.mark.parametrize("order", MODE_ORDERS)
    def test_nns_reg_mode_noise_reduction_matches_r(
        rng: np.random.Generator,
        size: int,
        relationship: str,
        order: int | None,
    ) -> None:
        x, y = _relationship(relationship, size, rng)
    
        expected = _r_nns_reg(x, y, order=order, noise="mode", point_est=None)
        actual = nns_reg(x, y, order=order, noise_reduction="mode")
    
>       _assert_reg_matches(actual, expected)

tests/parity/test_regression.py:220: 
_ _ _ _ _ _ _ _ _ _ _ _ _ _ _ _ _ _ _ _ _ _ _ _ _ _ _ _ _ _ _ _ _ _ _ _ _ _ _ _ 
tests/parity/test_regression.py:938: in _assert_reg_matches
    _assert_scalar_or_empty(actual["R2"], expected["R2"], atol)
_ _ _ _ _ _ _ _ _ _ _ _ _ _ _ _ _ _ _ _ _ _ _ _ _ _ _ _ _ _ _ _ _ _ _ _ _ _ _ _ 

actual = 0.8870974841856736, expected = array(0.87100617), atol = 1e-10

    def _assert_scalar_or_empty(actual: object, expected: object, atol: float) -> None:
        """Compare a scalar metric, treating port ``None`` as R's empty (NULL)."""
        if actual is None:
            assert _array(expected).size == 0
        else:
>           np.testing.assert_allclose(actual, _array(expected), atol=atol)
E           AssertionError: 
E           Not equal to tolerance rtol=1e-07, atol=1e-10
E           
E           Mismatched elements: 1 / 1 (100%)
E           Max absolute difference among violations: 0.01609132
E           Max relative difference among violations: 0.0184744
E            ACTUAL: array(0.887097)
E            DESIRED: array(0.871006)

tests/parity/test_regression.py:1002: AssertionError
_________ test_nns_reg_mode_noise_reduction_matches_r[None-linear-50] __________
[gw2] linux -- Python 3.11.15 /opt/hostedtoolcache/Python/3.11.15/x64/bin/python

rng = Generator(PCG64) at 0x7F97EE73B140, size = 50, relationship = 'linear'
order = None

    @pytest.mark.parity
    @pytest.mark.parametrize("size", SIZES)
    @pytest.mark.parametrize("relationship", MODE_RELATIONSHIPS)
    @pytest.mark.parametrize("order", MODE_ORDERS)
    def test_nns_reg_mode_noise_reduction_matches_r(
        rng: np.random.Generator,
        size: int,
        relationship: str,
        order: int | None,
    ) -> None:
        x, y = _relationship(relationship, size, rng)
    
        expected = _r_nns_reg(x, y, order=order, noise="mode", point_est=None)
        actual = nns_reg(x, y, order=order, noise_reduction="mode")
    
>       _assert_reg_matches(actual, expected)

tests/parity/test_regression.py:220: 
_ _ _ _ _ _ _ _ _ _ _ _ _ _ _ _ _ _ _ _ _ _ _ _ _ _ _ _ _ _ _ _ _ _ _ _ _ _ _ _ 
tests/parity/test_regression.py:938: in _assert_reg_matches
    _assert_scalar_or_empty(actual["R2"], expected["R2"], atol)
_ _ _ _ _ _ _ _ _ _ _ _ _ _ _ _ _ _ _ _ _ _ _ _ _ _ _ _ _ _ _ _ _ _ _ _ _ _ _ _ 

actual = 0.9862865884071695, expected = array(0.98196552), atol = 1e-10

    def _assert_scalar_or_empty(actual: object, expected: object, atol: float) -> None:
        """Compare a scalar metric, treating port ``None`` as R's empty (NULL)."""
        if actual is None:
            assert _array(expected).size == 0
        else:
>           np.testing.assert_allclose(actual, _array(expected), atol=atol)
E           AssertionError: 
E           Not equal to tolerance rtol=1e-07, atol=1e-10
E           
E           Mismatched elements: 1 / 1 (100%)
E           Max absolute difference among violations: 0.00432107
E           Max relative difference among violations: 0.00440043
E            ACTUAL: array(0.986287)
E            DESIRED: array(0.981966)

tests/parity/test_regression.py:1002: AssertionError
_________ test_nns_reg_mode_noise_reduction_matches_r[5-quadratic-50] __________
[gw0] linux -- Python 3.11.15 /opt/hostedtoolcache/Python/3.11.15/x64/bin/python

rng = Generator(PCG64) at 0x7FBB8FF27920, size = 50, relationship = 'quadratic'
order = 5

    @pytest.mark.parity
    @pytest.mark.parametrize("size", SIZES)
    @pytest.mark.parametrize("relationship", MODE_RELATIONSHIPS)
    @pytest.mark.parametrize("order", MODE_ORDERS)
    def test_nns_reg_mode_noise_reduction_matches_r(
        rng: np.random.Generator,
        size: int,
        relationship: str,
        order: int | None,
    ) -> None:
        x, y = _relationship(relationship, size, rng)
    
        expected = _r_nns_reg(x, y, order=order, noise="mode", point_est=None)
        actual = nns_reg(x, y, order=order, noise_reduction="mode")
    
>       _assert_reg_matches(actual, expected)

tests/parity/test_regression.py:220: 
_ _ _ _ _ _ _ _ _ _ _ _ _ _ _ _ _ _ _ _ _ _ _ _ _ _ _ _ _ _ _ _ _ _ _ _ _ _ _ _ 
tests/parity/test_regression.py:938: in _assert_reg_matches
    _assert_scalar_or_empty(actual["R2"], expected["R2"], atol)
_ _ _ _ _ _ _ _ _ _ _ _ _ _ _ _ _ _ _ _ _ _ _ _ _ _ _ _ _ _ _ _ _ _ _ _ _ _ _ _ 

actual = 0.9611451925239284, expected = array(0.94797638), atol = 1e-10

    def _assert_scalar_or_empty(actual: object, expected: object, atol: float) -> None:
        """Compare a scalar metric, treating port ``None`` as R's empty (NULL)."""
        if actual is None:
            assert _array(expected).size == 0
        else:
>           np.testing.assert_allclose(actual, _array(expected), atol=atol)
E           AssertionError: 
E           Not equal to tolerance rtol=1e-07, atol=1e-10
E           
E           Mismatched elements: 1 / 1 (100%)
E           Max absolute difference among violations: 0.01316881
E           Max relative difference among violations: 0.0138915
E            ACTUAL: array(0.961145)
E            DESIRED: array(0.947976)

tests/parity/test_regression.py:1002: AssertionError
_________ test_nns_reg_mode_noise_reduction_matches_r[None-linear-200] _________
[gw2] linux -- Python 3.11.15 /opt/hostedtoolcache/Python/3.11.15/x64/bin/python

rng = Generator(PCG64) at 0x7F97EE8820A0, size = 200, relationship = 'linear'
order = None

    @pytest.mark.parity
    @pytest.mark.parametrize("size", SIZES)
    @pytest.mark.parametrize("relationship", MODE_RELATIONSHIPS)
    @pytest.mark.parametrize("order", MODE_ORDERS)
    def test_nns_reg_mode_noise_reduction_matches_r(
        rng: np.random.Generator,
        size: int,
        relationship: str,
        order: int | None,
    ) -> None:
        x, y = _relationship(relationship, size, rng)
    
        expected = _r_nns_reg(x, y, order=order, noise="mode", point_est=None)
        actual = nns_reg(x, y, order=order, noise_reduction="mode")
    
>       _assert_reg_matches(actual, expected)

tests/parity/test_regression.py:220: 
_ _ _ _ _ _ _ _ _ _ _ _ _ _ _ _ _ _ _ _ _ _ _ _ _ _ _ _ _ _ _ _ _ _ _ _ _ _ _ _ 
tests/parity/test_regression.py:938: in _assert_reg_matches
    _assert_scalar_or_empty(actual["R2"], expected["R2"], atol)
_ _ _ _ _ _ _ _ _ _ _ _ _ _ _ _ _ _ _ _ _ _ _ _ _ _ _ _ _ _ _ _ _ _ _ _ _ _ _ _ 

actual = 0.9865327017612893, expected = array(0.98132609), atol = 1e-10

    def _assert_scalar_or_empty(actual: object, expected: object, atol: float) -> None:
        """Compare a scalar metric, treating port ``None`` as R's empty (NULL)."""
        if actual is None:
            assert _array(expected).size == 0
        else:
>           np.testing.assert_allclose(actual, _array(expected), atol=atol)
E           AssertionError: 
E           Not equal to tolerance rtol=1e-07, atol=1e-10
E           
E           Mismatched elements: 1 / 1 (100%)
E           Max absolute difference among violations: 0.00520661
E           Max relative difference among violations: 0.00530569
E            ACTUAL: array(0.986533)
E            DESIRED: array(0.981326)

tests/parity/test_regression.py:1002: AssertionError
_________ test_nns_reg_mode_noise_reduction_matches_r[5-quadratic-200] _________
[gw0] linux -- Python 3.11.15 /opt/hostedtoolcache/Python/3.11.15/x64/bin/python

rng = Generator(PCG64) at 0x7FBB8FF27CA0, size = 200, relationship = 'quadratic'
order = 5

    @pytest.mark.parity
    @pytest.mark.parametrize("size", SIZES)
    @pytest.mark.parametrize("relationship", MODE_RELATIONSHIPS)
    @pytest.mark.parametrize("order", MODE_ORDERS)
    def test_nns_reg_mode_noise_reduction_matches_r(
        rng: np.random.Generator,
        size: int,
        relationship: str,
        order: int | None,
    ) -> None:
        x, y = _relationship(relationship, size, rng)
    
        expected = _r_nns_reg(x, y, order=order, noise="mode", point_est=None)
        actual = nns_reg(x, y, order=order, noise_reduction="mode")
    
>       _assert_reg_matches(actual, expected)

tests/parity/test_regression.py:220: 
_ _ _ _ _ _ _ _ _ _ _ _ _ _ _ _ _ _ _ _ _ _ _ _ _ _ _ _ _ _ _ _ _ _ _ _ _ _ _ _ 
tests/parity/test_regression.py:938: in _assert_reg_matches
    _assert_scalar_or_empty(actual["R2"], expected["R2"], atol)
_ _ _ _ _ _ _ _ _ _ _ _ _ _ _ _ _ _ _ _ _ _ _ _ _ _ _ _ _ _ _ _ _ _ _ _ _ _ _ _ 

actual = 0.9687916032649004, expected = array(0.88728593), atol = 1e-10

    def _assert_scalar_or_empty(actual: object, expected: object, atol: float) -> None:
        """Compare a scalar metric, treating port ``None`` as R's empty (NULL)."""
        if actual is None:
            assert _array(expected).size == 0
        else:
>           np.testing.assert_allclose(actual, _array(expected), atol=atol)
E           AssertionError: 
E           Not equal to tolerance rtol=1e-07, atol=1e-10
E           
E           Mismatched elements: 1 / 1 (100%)
E           Max absolute difference among violations: 0.08150567
E           Max relative difference among violations: 0.09185954
E            ACTUAL: array(0.968792)
E            DESIRED: array(0.887286)

tests/parity/test_regression.py:1002: AssertionError
___________ test_nns_reg_mode_noise_reduction_matches_r[3-random-50] ___________
[gw3] linux -- Python 3.11.15 /opt/hostedtoolcache/Python/3.11.15/x64/bin/python

rng = Generator(PCG64) at 0x7F6256158900, size = 50, relationship = 'random'
order = 3

    @pytest.mark.parity
    @pytest.mark.parametrize("size", SIZES)
    @pytest.mark.parametrize("relationship", MODE_RELATIONSHIPS)
    @pytest.mark.parametrize("order", MODE_ORDERS)
    def test_nns_reg_mode_noise_reduction_matches_r(
        rng: np.random.Generator,
        size: int,
        relationship: str,
        order: int | None,
    ) -> None:
        x, y = _relationship(relationship, size, rng)
    
        expected = _r_nns_reg(x, y, order=order, noise="mode", point_est=None)
        actual = nns_reg(x, y, order=order, noise_reduction="mode")
    
>       _assert_reg_matches(actual, expected)

tests/parity/test_regression.py:220: 
_ _ _ _ _ _ _ _ _ _ _ _ _ _ _ _ _ _ _ _ _ _ _ _ _ _ _ _ _ _ _ _ _ _ _ _ _ _ _ _ 
tests/parity/test_regression.py:938: in _assert_reg_matches
    _assert_scalar_or_empty(actual["R2"], expected["R2"], atol)
_ _ _ _ _ _ _ _ _ _ _ _ _ _ _ _ _ _ _ _ _ _ _ _ _ _ _ _ _ _ _ _ _ _ _ _ _ _ _ _ 

actual = 0.00024725321324348733, expected = array(-0.00814972), atol = 1e-10

    def _assert_scalar_or_empty(actual: object, expected: object, atol: float) -> None:
        """Compare a scalar metric, treating port ``None`` as R's empty (NULL)."""
        if actual is None:
            assert _array(expected).size == 0
        else:
>           np.testing.assert_allclose(actual, _array(expected), atol=atol)
E           AssertionError: 
E           Not equal to tolerance rtol=1e-07, atol=1e-10
E           
E           Mismatched elements: 1 / 1 (100%)
E           Max absolute difference among violations: 0.00839697
E           Max relative difference among violations: 1.03033888
E            ACTUAL: array(0.000247)
E            DESIRED: array(-0.00815)

tests/parity/test_regression.py:1002: AssertionError
________ test_nns_reg_mode_noise_reduction_matches_r[5-quadratic-1000] _________
[gw0] linux -- Python 3.11.15 /opt/hostedtoolcache/Python/3.11.15/x64/bin/python

rng = Generator(PCG64) at 0x7FBB8D458120, size = 1000
relationship = 'quadratic', order = 5

    @pytest.mark.parity
    @pytest.mark.parametrize("size", SIZES)
    @pytest.mark.parametrize("relationship", MODE_RELATIONSHIPS)
    @pytest.mark.parametrize("order", MODE_ORDERS)
    def test_nns_reg_mode_noise_reduction_matches_r(
        rng: np.random.Generator,
        size: int,
        relationship: str,
        order: int | None,
    ) -> None:
        x, y = _relationship(relationship, size, rng)
    
        expected = _r_nns_reg(x, y, order=order, noise="mode", point_est=None)
        actual = nns_reg(x, y, order=order, noise_reduction="mode")
    
>       _assert_reg_matches(actual, expected)

tests/parity/test_regression.py:220: 
_ _ _ _ _ _ _ _ _ _ _ _ _ _ _ _ _ _ _ _ _ _ _ _ _ _ _ _ _ _ _ _ _ _ _ _ _ _ _ _ 
tests/parity/test_regression.py:938: in _assert_reg_matches
    _assert_scalar_or_empty(actual["R2"], expected["R2"], atol)
_ _ _ _ _ _ _ _ _ _ _ _ _ _ _ _ _ _ _ _ _ _ _ _ _ _ _ _ _ _ _ _ _ _ _ _ _ _ _ _ 

actual = 0.9688288341005088, expected = array(0.88547286), atol = 1e-10

    def _assert_scalar_or_empty(actual: object, expected: object, atol: float) -> None:
        """Compare a scalar metric, treating port ``None`` as R's empty (NULL)."""
        if actual is None:
            assert _array(expected).size == 0
        else:
>           np.testing.assert_allclose(actual, _array(expected), atol=atol)
E           AssertionError: 
E           Not equal to tolerance rtol=1e-07, atol=1e-10
E           
E           Mismatched elements: 1 / 1 (100%)
E           Max absolute difference among violations: 0.08335597
E           Max relative difference among violations: 0.09413724
E            ACTUAL: array(0.968829)
E            DESIRED: array(0.885473)

tests/parity/test_regression.py:1002: AssertionError
________ test_nns_reg_mode_noise_reduction_matches_r[None-linear-1000] _________
[gw2] linux -- Python 3.11.15 /opt/hostedtoolcache/Python/3.11.15/x64/bin/python

rng = Generator(PCG64) at 0x7F97EE883CA0, size = 1000, relationship = 'linear'
order = None

    @pytest.mark.parity
    @pytest.mark.parametrize("size", SIZES)
    @pytest.mark.parametrize("relationship", MODE_RELATIONSHIPS)
    @pytest.mark.parametrize("order", MODE_ORDERS)
    def test_nns_reg_mode_noise_reduction_matches_r(
        rng: np.random.Generator,
        size: int,
        relationship: str,
        order: int | None,
    ) -> None:
        x, y = _relationship(relationship, size, rng)
    
        expected = _r_nns_reg(x, y, order=order, noise="mode", point_est=None)
        actual = nns_reg(x, y, order=order, noise_reduction="mode")
    
>       _assert_reg_matches(actual, expected)

tests/parity/test_regression.py:220: 
_ _ _ _ _ _ _ _ _ _ _ _ _ _ _ _ _ _ _ _ _ _ _ _ _ _ _ _ _ _ _ _ _ _ _ _ _ _ _ _ 
tests/parity/test_regression.py:938: in _assert_reg_matches
    _assert_scalar_or_empty(actual["R2"], expected["R2"], atol)
_ _ _ _ _ _ _ _ _ _ _ _ _ _ _ _ _ _ _ _ _ _ _ _ _ _ _ _ _ _ _ _ _ _ _ _ _ _ _ _ 

actual = 0.9863711305001021, expected = array(0.98124506), atol = 1e-10

    def _assert_scalar_or_empty(actual: object, expected: object, atol: float) -> None:
        """Compare a scalar metric, treating port ``None`` as R's empty (NULL)."""
        if actual is None:
            assert _array(expected).size == 0
        else:
>           np.testing.assert_allclose(actual, _array(expected), atol=atol)
E           AssertionError: 
E           Not equal to tolerance rtol=1e-07, atol=1e-10
E           
E           Mismatched elements: 1 / 1 (100%)
E           Max absolute difference among violations: 0.00512607
E           Max relative difference among violations: 0.00522405
E            ACTUAL: array(0.986371)
E            DESIRED: array(0.981245)

tests/parity/test_regression.py:1002: AssertionError
__________ test_nns_reg_mode_noise_reduction_matches_r[3-random-200] ___________
[gw3] linux -- Python 3.11.15 /opt/hostedtoolcache/Python/3.11.15/x64/bin/python

rng = Generator(PCG64) at 0x7F62560CB5A0, size = 200, relationship = 'random'
order = 3

    @pytest.mark.parity
    @pytest.mark.parametrize("size", SIZES)
    @pytest.mark.parametrize("relationship", MODE_RELATIONSHIPS)
    @pytest.mark.parametrize("order", MODE_ORDERS)
    def test_nns_reg_mode_noise_reduction_matches_r(
        rng: np.random.Generator,
        size: int,
        relationship: str,
        order: int | None,
    ) -> None:
        x, y = _relationship(relationship, size, rng)
    
        expected = _r_nns_reg(x, y, order=order, noise="mode", point_est=None)
        actual = nns_reg(x, y, order=order, noise_reduction="mode")
    
>       _assert_reg_matches(actual, expected)

tests/parity/test_regression.py:220: 
_ _ _ _ _ _ _ _ _ _ _ _ _ _ _ _ _ _ _ _ _ _ _ _ _ _ _ _ _ _ _ _ _ _ _ _ _ _ _ _ 
tests/parity/test_regression.py:938: in _assert_reg_matches
    _assert_scalar_or_empty(actual["R2"], expected["R2"], atol)
_ _ _ _ _ _ _ _ _ _ _ _ _ _ _ _ _ _ _ _ _ _ _ _ _ _ _ _ _ _ _ _ _ _ _ _ _ _ _ _ 

actual = 0.0017939993205021792, expected = array(-0.01564192), atol = 1e-10

    def _assert_scalar_or_empty(actual: object, expected: object, atol: float) -> None:
        """Compare a scalar metric, treating port ``None`` as R's empty (NULL)."""
        if actual is None:
            assert _array(expected).size == 0
        else:
>           np.testing.assert_allclose(actual, _array(expected), atol=atol)
E           AssertionError: 
E           Not equal to tolerance rtol=1e-07, atol=1e-10
E           
E           Mismatched elements: 1 / 1 (100%)
E           Max absolute difference among violations: 0.01743592
E           Max relative difference among violations: 1.11469179
E            ACTUAL: array(0.001794)
E            DESIRED: array(-0.015642)

tests/parity/test_regression.py:1002: AssertionError
____________ test_nns_reg_mode_noise_reduction_matches_r[5-sin-50] _____________
[gw0] linux -- Python 3.11.15 /opt/hostedtoolcache/Python/3.11.15/x64/bin/python

rng = Generator(PCG64) at 0x7FBB8D458900, size = 50, relationship = 'sin'
order = 5

    @pytest.mark.parity
    @pytest.mark.parametrize("size", SIZES)
    @pytest.mark.parametrize("relationship", MODE_RELATIONSHIPS)
    @pytest.mark.parametrize("order", MODE_ORDERS)
    def test_nns_reg_mode_noise_reduction_matches_r(
        rng: np.random.Generator,
        size: int,
        relationship: str,
        order: int | None,
    ) -> None:
        x, y = _relationship(relationship, size, rng)
    
        expected = _r_nns_reg(x, y, order=order, noise="mode", point_est=None)
        actual = nns_reg(x, y, order=order, noise_reduction="mode")
    
>       _assert_reg_matches(actual, expected)

tests/parity/test_regression.py:220: 
_ _ _ _ _ _ _ _ _ _ _ _ _ _ _ _ _ _ _ _ _ _ _ _ _ _ _ _ _ _ _ _ _ _ _ _ _ _ _ _ 
tests/parity/test_regression.py:938: in _assert_reg_matches
    _assert_scalar_or_empty(actual["R2"], expected["R2"], atol)
_ _ _ _ _ _ _ _ _ _ _ _ _ _ _ _ _ _ _ _ _ _ _ _ _ _ _ _ _ _ _ _ _ _ _ _ _ _ _ _ 

actual = 0.9964527173473259, expected = array(0.9945943), atol = 1e-10

    def _assert_scalar_or_empty(actual: object, expected: object, atol: float) -> None:
        """Compare a scalar metric, treating port ``None`` as R's empty (NULL)."""
        if actual is None:
            assert _array(expected).size == 0
        else:
>           np.testing.assert_allclose(actual, _array(expected), atol=atol)
E           AssertionError: 
E           Not equal to tolerance rtol=1e-07, atol=1e-10
E           
E           Mismatched elements: 1 / 1 (100%)
E           Max absolute difference among violations: 0.00185842
E           Max relative difference among violations: 0.00186852
E            ACTUAL: array(0.996453)
E            DESIRED: array(0.994594)

tests/parity/test_regression.py:1002: AssertionError
________ test_nns_reg_mode_noise_reduction_matches_r[None-quadratic-50] ________
[gw2] linux -- Python 3.11.15 /opt/hostedtoolcache/Python/3.11.15/x64/bin/python

rng = Generator(PCG64) at 0x7F97EE882500, size = 50, relationship = 'quadratic'
order = None

    @pytest.mark.parity
    @pytest.mark.parametrize("size", SIZES)
    @pytest.mark.parametrize("relationship", MODE_RELATIONSHIPS)
    @pytest.mark.parametrize("order", MODE_ORDERS)
    def test_nns_reg_mode_noise_reduction_matches_r(
        rng: np.random.Generator,
        size: int,
        relationship: str,
        order: int | None,
    ) -> None:
        x, y = _relationship(relationship, size, rng)
    
        expected = _r_nns_reg(x, y, order=order, noise="mode", point_est=None)
        actual = nns_reg(x, y, order=order, noise_reduction="mode")
    
>       _assert_reg_matches(actual, expected)

tests/parity/test_regression.py:220: 
_ _ _ _ _ _ _ _ _ _ _ _ _ _ _ _ _ _ _ _ _ _ _ _ _ _ _ _ _ _ _ _ _ _ _ _ _ _ _ _ 
tests/parity/test_regression.py:938: in _assert_reg_matches
    _assert_scalar_or_empty(actual["R2"], expected["R2"], atol)
_ _ _ _ _ _ _ _ _ _ _ _ _ _ _ _ _ _ _ _ _ _ _ _ _ _ _ _ _ _ _ _ _ _ _ _ _ _ _ _ 

actual = 0.9584264314737838, expected = array(0.94348765), atol = 1e-10

    def _assert_scalar_or_empty(actual: object, expected: object, atol: float) -> None:
        """Compare a scalar metric, treating port ``None`` as R's empty (NULL)."""
        if actual is None:
            assert _array(expected).size == 0
        else:
>           np.testing.assert_allclose(actual, _array(expected), atol=atol)
E           AssertionError: 
E           Not equal to tolerance rtol=1e-07, atol=1e-10
E           
E           Mismatched elements: 1 / 1 (100%)
E           Max absolute difference among violations: 0.01493878
E           Max relative difference among violations: 0.01583357
E            ACTUAL: array(0.958426)
E            DESIRED: array(0.943488)

tests/parity/test_regression.py:1002: AssertionError
__________ test_nns_reg_mode_noise_reduction_matches_r[3-random-1000] __________
[gw3] linux -- Python 3.11.15 /opt/hostedtoolcache/Python/3.11.15/x64/bin/python

rng = Generator(PCG64) at 0x7F62560CBE60, size = 1000, relationship = 'random'
order = 3

    @pytest.mark.parity
    @pytest.mark.parametrize("size", SIZES)
    @pytest.mark.parametrize("relationship", MODE_RELATIONSHIPS)
    @pytest.mark.parametrize("order", MODE_ORDERS)
    def test_nns_reg_mode_noise_reduction_matches_r(
        rng: np.random.Generator,
        size: int,
        relationship: str,
        order: int | None,
    ) -> None:
        x, y = _relationship(relationship, size, rng)
    
        expected = _r_nns_reg(x, y, order=order, noise="mode", point_est=None)
        actual = nns_reg(x, y, order=order, noise_reduction="mode")
    
>       _assert_reg_matches(actual, expected)

tests/parity/test_regression.py:220: 
_ _ _ _ _ _ _ _ _ _ _ _ _ _ _ _ _ _ _ _ _ _ _ _ _ _ _ _ _ _ _ _ _ _ _ _ _ _ _ _ 
tests/parity/test_regression.py:938: in _assert_reg_matches
    _assert_scalar_or_empty(actual["R2"], expected["R2"], atol)
_ _ _ _ _ _ _ _ _ _ _ _ _ _ _ _ _ _ _ _ _ _ _ _ _ _ _ _ _ _ _ _ _ _ _ _ _ _ _ _ 

actual = 0.0014338721475479759, expected = array(-0.02560349), atol = 1e-10

    def _assert_scalar_or_empty(actual: object, expected: object, atol: float) -> None:
        """Compare a scalar metric, treating port ``None`` as R's empty (NULL)."""
        if actual is None:
            assert _array(expected).size == 0
        else:
>           np.testing.assert_allclose(actual, _array(expected), atol=atol)
E           AssertionError: 
E           Not equal to tolerance rtol=1e-07, atol=1e-10
E           
E           Mismatched elements: 1 / 1 (100%)
E           Max absolute difference among violations: 0.02703736
E           Max relative difference among violations: 1.05600301
E            ACTUAL: array(0.001434)
E            DESIRED: array(-0.025603)

tests/parity/test_regression.py:1002: AssertionError
____________ test_nns_reg_mode_noise_reduction_matches_r[5-sin-200] ____________
[gw0] linux -- Python 3.11.15 /opt/hostedtoolcache/Python/3.11.15/x64/bin/python

rng = Generator(PCG64) at 0x7FBB8D459000, size = 200, relationship = 'sin'
order = 5

    @pytest.mark.parity
    @pytest.mark.parametrize("size", SIZES)
    @pytest.mark.parametrize("relationship", MODE_RELATIONSHIPS)
    @pytest.mark.parametrize("order", MODE_ORDERS)
    def test_nns_reg_mode_noise_reduction_matches_r(
        rng: np.random.Generator,
        size: int,
        relationship: str,
        order: int | None,
    ) -> None:
        x, y = _relationship(relationship, size, rng)
    
        expected = _r_nns_reg(x, y, order=order, noise="mode", point_est=None)
        actual = nns_reg(x, y, order=order, noise_reduction="mode")
    
>       _assert_reg_matches(actual, expected)

tests/parity/test_regression.py:220: 
_ _ _ _ _ _ _ _ _ _ _ _ _ _ _ _ _ _ _ _ _ _ _ _ _ _ _ _ _ _ _ _ _ _ _ _ _ _ _ _ 
tests/parity/test_regression.py:938: in _assert_reg_matches
    _assert_scalar_or_empty(actual["R2"], expected["R2"], atol)
_ _ _ _ _ _ _ _ _ _ _ _ _ _ _ _ _ _ _ _ _ _ _ _ _ _ _ _ _ _ _ _ _ _ _ _ _ _ _ _ 

actual = 0.996367282242238, expected = array(0.99452966), atol = 1e-10

    def _assert_scalar_or_empty(actual: object, expected: object, atol: float) -> None:
        """Compare a scalar metric, treating port ``None`` as R's empty (NULL)."""
        if actual is None:
            assert _array(expected).size == 0
        else:
>           np.testing.assert_allclose(actual, _array(expected), atol=atol)
E           AssertionError: 
E           Not equal to tolerance rtol=1e-07, atol=1e-10
E           
E           Mismatched elements: 1 / 1 (100%)
E           Max absolute difference among violations: 0.00183763
E           Max relative difference among violations: 0.00184773
E            ACTUAL: array(0.996367)
E            DESIRED: array(0.99453)

tests/parity/test_regression.py:1002: AssertionError
_______ test_nns_reg_mode_noise_reduction_matches_r[None-quadratic-200] ________
[gw2] linux -- Python 3.11.15 /opt/hostedtoolcache/Python/3.11.15/x64/bin/python

rng = Generator(PCG64) at 0x7F97EE8834C0, size = 200, relationship = 'quadratic'
order = None

    @pytest.mark.parity
    @pytest.mark.parametrize("size", SIZES)
    @pytest.mark.parametrize("relationship", MODE_RELATIONSHIPS)
    @pytest.mark.parametrize("order", MODE_ORDERS)
    def test_nns_reg_mode_noise_reduction_matches_r(
        rng: np.random.Generator,
        size: int,
        relationship: str,
        order: int | None,
    ) -> None:
        x, y = _relationship(relationship, size, rng)
    
        expected = _r_nns_reg(x, y, order=order, noise="mode", point_est=None)
        actual = nns_reg(x, y, order=order, noise_reduction="mode")
    
>       _assert_reg_matches(actual, expected)

tests/parity/test_regression.py:220: 
_ _ _ _ _ _ _ _ _ _ _ _ _ _ _ _ _ _ _ _ _ _ _ _ _ _ _ _ _ _ _ _ _ _ _ _ _ _ _ _ 
tests/parity/test_regression.py:938: in _assert_reg_matches
    _assert_scalar_or_empty(actual["R2"], expected["R2"], atol)
_ _ _ _ _ _ _ _ _ _ _ _ _ _ _ _ _ _ _ _ _ _ _ _ _ _ _ _ _ _ _ _ _ _ _ _ _ _ _ _ 

actual = 0.9687916032649004, expected = array(0.88728593), atol = 1e-10

    def _assert_scalar_or_empty(actual: object, expected: object, atol: float) -> None:
        """Compare a scalar metric, treating port ``None`` as R's empty (NULL)."""
        if actual is None:
            assert _array(expected).size == 0
        else:
>           np.testing.assert_allclose(actual, _array(expected), atol=atol)
E           AssertionError: 
E           Not equal to tolerance rtol=1e-07, atol=1e-10
E           
E           Mismatched elements: 1 / 1 (100%)
E           Max absolute difference among violations: 0.08150567
E           Max relative difference among violations: 0.09185954
E            ACTUAL: array(0.968792)
E            DESIRED: array(0.887286)

tests/parity/test_regression.py:1002: AssertionError
___________ test_nns_reg_mode_noise_reduction_matches_r[5-linear-50] ___________
[gw3] linux -- Python 3.11.15 /opt/hostedtoolcache/Python/3.11.15/x64/bin/python

rng = Generator(PCG64) at 0x7F6256158C80, size = 50, relationship = 'linear'
order = 5

    @pytest.mark.parity
    @pytest.mark.parametrize("size", SIZES)
    @pytest.mark.parametrize("relationship", MODE_RELATIONSHIPS)
    @pytest.mark.parametrize("order", MODE_ORDERS)
    def test_nns_reg_mode_noise_reduction_matches_r(
        rng: np.random.Generator,
        size: int,
        relationship: str,
        order: int | None,
    ) -> None:
        x, y = _relationship(relationship, size, rng)
    
        expected = _r_nns_reg(x, y, order=order, noise="mode", point_est=None)
        actual = nns_reg(x, y, order=order, noise_reduction="mode")
    
>       _assert_reg_matches(actual, expected)

tests/parity/test_regression.py:220: 
_ _ _ _ _ _ _ _ _ _ _ _ _ _ _ _ _ _ _ _ _ _ _ _ _ _ _ _ _ _ _ _ _ _ _ _ _ _ _ _ 
tests/parity/test_regression.py:938: in _assert_reg_matches
    _assert_scalar_or_empty(actual["R2"], expected["R2"], atol)
_ _ _ _ _ _ _ _ _ _ _ _ _ _ _ _ _ _ _ _ _ _ _ _ _ _ _ _ _ _ _ _ _ _ _ _ _ _ _ _ 

actual = 0.9862865884071695, expected = array(0.98196552), atol = 1e-10

    def _assert_scalar_or_empty(actual: object, expected: object, atol: float) -> None:
        """Compare a scalar metric, treating port ``None`` as R's empty (NULL)."""
        if actual is None:
            assert _array(expected).size == 0
        else:
>           np.testing.assert_allclose(actual, _array(expected), atol=atol)
E           AssertionError: 
E           Not equal to tolerance rtol=1e-07, atol=1e-10
E           
E           Mismatched elements: 1 / 1 (100%)
E           Max absolute difference among violations: 0.00432107
E           Max relative difference among violations: 0.00440043
E            ACTUAL: array(0.986287)
E            DESIRED: array(0.981966)

tests/parity/test_regression.py:1002: AssertionError
___________ test_nns_reg_mode_noise_reduction_matches_r[5-sin-1000] ____________
[gw0] linux -- Python 3.11.15 /opt/hostedtoolcache/Python/3.11.15/x64/bin/python

rng = Generator(PCG64) at 0x7FBB8D459380, size = 1000, relationship = 'sin'
order = 5

    @pytest.mark.parity
    @pytest.mark.parametrize("size", SIZES)
    @pytest.mark.parametrize("relationship", MODE_RELATIONSHIPS)
    @pytest.mark.parametrize("order", MODE_ORDERS)
    def test_nns_reg_mode_noise_reduction_matches_r(
        rng: np.random.Generator,
        size: int,
        relationship: str,
        order: int | None,
    ) -> None:
        x, y = _relationship(relationship, size, rng)
    
        expected = _r_nns_reg(x, y, order=order, noise="mode", point_est=None)
        actual = nns_reg(x, y, order=order, noise_reduction="mode")
    
>       _assert_reg_matches(actual, expected)

tests/parity/test_regression.py:220: 
_ _ _ _ _ _ _ _ _ _ _ _ _ _ _ _ _ _ _ _ _ _ _ _ _ _ _ _ _ _ _ _ _ _ _ _ _ _ _ _ 
tests/parity/test_regression.py:938: in _assert_reg_matches
    _assert_scalar_or_empty(actual["R2"], expected["R2"], atol)
_ _ _ _ _ _ _ _ _ _ _ _ _ _ _ _ _ _ _ _ _ _ _ _ _ _ _ _ _ _ _ _ _ _ _ _ _ _ _ _ 

actual = 0.9963466469213569, expected = array(0.9945129), atol = 1e-10

    def _assert_scalar_or_empty(actual: object, expected: object, atol: float) -> None:
        """Compare a scalar metric, treating port ``None`` as R's empty (NULL)."""
        if actual is None:
            assert _array(expected).size == 0
        else:
>           np.testing.assert_allclose(actual, _array(expected), atol=atol)
E           AssertionError: 
E           Not equal to tolerance rtol=1e-07, atol=1e-10
E           
E           Mismatched elements: 1 / 1 (100%)
E           Max absolute difference among violations: 0.00183374
E           Max relative difference among violations: 0.00184386
E            ACTUAL: array(0.996347)
E            DESIRED: array(0.994513)

tests/parity/test_regression.py:1002: AssertionError
__________ test_nns_reg_mode_noise_reduction_matches_r[5-linear-200] ___________
[gw3] linux -- Python 3.11.15 /opt/hostedtoolcache/Python/3.11.15/x64/bin/python

rng = Generator(PCG64) at 0x7F6256159540, size = 200, relationship = 'linear'
order = 5

    @pytest.mark.parity
    @pytest.mark.parametrize("size", SIZES)
    @pytest.mark.parametrize("relationship", MODE_RELATIONSHIPS)
    @pytest.mark.parametrize("order", MODE_ORDERS)
    def test_nns_reg_mode_noise_reduction_matches_r(
        rng: np.random.Generator,
        size: int,
        relationship: str,
        order: int | None,
    ) -> None:
        x, y = _relationship(relationship, size, rng)
    
        expected = _r_nns_reg(x, y, order=order, noise="mode", point_est=None)
        actual = nns_reg(x, y, order=order, noise_reduction="mode")
    
>       _assert_reg_matches(actual, expected)

tests/parity/test_regression.py:220: 
_ _ _ _ _ _ _ _ _ _ _ _ _ _ _ _ _ _ _ _ _ _ _ _ _ _ _ _ _ _ _ _ _ _ _ _ _ _ _ _ 
tests/parity/test_regression.py:938: in _assert_reg_matches
    _assert_scalar_or_empty(actual["R2"], expected["R2"], atol)
_ _ _ _ _ _ _ _ _ _ _ _ _ _ _ _ _ _ _ _ _ _ _ _ _ _ _ _ _ _ _ _ _ _ _ _ _ _ _ _ 

actual = 0.9865327017612893, expected = array(0.98132609), atol = 1e-10

    def _assert_scalar_or_empty(actual: object, expected: object, atol: float) -> None:
        """Compare a scalar metric, treating port ``None`` as R's empty (NULL)."""
        if actual is None:
            assert _array(expected).size == 0
        else:
>           np.testing.assert_allclose(actual, _array(expected), atol=atol)
E           AssertionError: 
E           Not equal to tolerance rtol=1e-07, atol=1e-10
E           
E           Mismatched elements: 1 / 1 (100%)
E           Max absolute difference among violations: 0.00520661
E           Max relative difference among violations: 0.00530569
E            ACTUAL: array(0.986533)
E            DESIRED: array(0.981326)

tests/parity/test_regression.py:1002: AssertionError
_______ test_nns_reg_mode_noise_reduction_matches_r[None-quadratic-1000] _______
[gw2] linux -- Python 3.11.15 /opt/hostedtoolcache/Python/3.11.15/x64/bin/python

rng = Generator(PCG64) at 0x7F97EE883AE0, size = 1000
relationship = 'quadratic', order = None

    @pytest.mark.parity
    @pytest.mark.parametrize("size", SIZES)
    @pytest.mark.parametrize("relationship", MODE_RELATIONSHIPS)
    @pytest.mark.parametrize("order", MODE_ORDERS)
    def test_nns_reg_mode_noise_reduction_matches_r(
        rng: np.random.Generator,
        size: int,
        relationship: str,
        order: int | None,
    ) -> None:
        x, y = _relationship(relationship, size, rng)
    
        expected = _r_nns_reg(x, y, order=order, noise="mode", point_est=None)
        actual = nns_reg(x, y, order=order, noise_reduction="mode")
    
>       _assert_reg_matches(actual, expected)

tests/parity/test_regression.py:220: 
_ _ _ _ _ _ _ _ _ _ _ _ _ _ _ _ _ _ _ _ _ _ _ _ _ _ _ _ _ _ _ _ _ _ _ _ _ _ _ _ 
tests/parity/test_regression.py:938: in _assert_reg_matches
    _assert_scalar_or_empty(actual["R2"], expected["R2"], atol)
_ _ _ _ _ _ _ _ _ _ _ _ _ _ _ _ _ _ _ _ _ _ _ _ _ _ _ _ _ _ _ _ _ _ _ _ _ _ _ _ 

actual = 0.9688288341005088, expected = array(0.88547286), atol = 1e-10

    def _assert_scalar_or_empty(actual: object, expected: object, atol: float) -> None:
        """Compare a scalar metric, treating port ``None`` as R's empty (NULL)."""
        if actual is None:
            assert _array(expected).size == 0
        else:
>           np.testing.assert_allclose(actual, _array(expected), atol=atol)
E           AssertionError: 
E           Not equal to tolerance rtol=1e-07, atol=1e-10
E           
E           Mismatched elements: 1 / 1 (100%)
E           Max absolute difference among violations: 0.08335597
E           Max relative difference among violations: 0.09413724
E            ACTUAL: array(0.968829)
E            DESIRED: array(0.885473)

tests/parity/test_regression.py:1002: AssertionError
__________ test_nns_reg_mode_noise_reduction_matches_r[5-linear-1000] __________
[gw3] linux -- Python 3.11.15 /opt/hostedtoolcache/Python/3.11.15/x64/bin/python

rng = Generator(PCG64) at 0x7F6256159A80, size = 1000, relationship = 'linear'
order = 5

    @pytest.mark.parity
    @pytest.mark.parametrize("size", SIZES)
    @pytest.mark.parametrize("relationship", MODE_RELATIONSHIPS)
    @pytest.mark.parametrize("order", MODE_ORDERS)
    def test_nns_reg_mode_noise_reduction_matches_r(
        rng: np.random.Generator,
        size: int,
        relationship: str,
        order: int | None,
    ) -> None:
        x, y = _relationship(relationship, size, rng)
    
        expected = _r_nns_reg(x, y, order=order, noise="mode", point_est=None)
        actual = nns_reg(x, y, order=order, noise_reduction="mode")
    
>       _assert_reg_matches(actual, expected)

tests/parity/test_regression.py:220: 
_ _ _ _ _ _ _ _ _ _ _ _ _ _ _ _ _ _ _ _ _ _ _ _ _ _ _ _ _ _ _ _ _ _ _ _ _ _ _ _ 
tests/parity/test_regression.py:938: in _assert_reg_matches
    _assert_scalar_or_empty(actual["R2"], expected["R2"], atol)
_ _ _ _ _ _ _ _ _ _ _ _ _ _ _ _ _ _ _ _ _ _ _ _ _ _ _ _ _ _ _ _ _ _ _ _ _ _ _ _ 

actual = 0.9863711305001021, expected = array(0.98124506), atol = 1e-10

    def _assert_scalar_or_empty(actual: object, expected: object, atol: float) -> None:
        """Compare a scalar metric, treating port ``None`` as R's empty (NULL)."""
        if actual is None:
            assert _array(expected).size == 0
        else:
>           np.testing.assert_allclose(actual, _array(expected), atol=atol)
E           AssertionError: 
E           Not equal to tolerance rtol=1e-07, atol=1e-10
E           
E           Mismatched elements: 1 / 1 (100%)
E           Max absolute difference among violations: 0.00512607
E           Max relative difference among violations: 0.00522405
E            ACTUAL: array(0.986371)
E            DESIRED: array(0.981245)

tests/parity/test_regression.py:1002: AssertionError
___________ test_nns_reg_mode_noise_reduction_matches_r[None-sin-50] ___________
[gw2] linux -- Python 3.11.15 /opt/hostedtoolcache/Python/3.11.15/x64/bin/python

rng = Generator(PCG64) at 0x7F97EE73AA40, size = 50, relationship = 'sin'
order = None

    @pytest.mark.parity
    @pytest.mark.parametrize("size", SIZES)
    @pytest.mark.parametrize("relationship", MODE_RELATIONSHIPS)
    @pytest.mark.parametrize("order", MODE_ORDERS)
    def test_nns_reg_mode_noise_reduction_matches_r(
        rng: np.random.Generator,
        size: int,
        relationship: str,
        order: int | None,
    ) -> None:
        x, y = _relationship(relationship, size, rng)
    
        expected = _r_nns_reg(x, y, order=order, noise="mode", point_est=None)
        actual = nns_reg(x, y, order=order, noise_reduction="mode")
    
>       _assert_reg_matches(actual, expected)

tests/parity/test_regression.py:220: 
_ _ _ _ _ _ _ _ _ _ _ _ _ _ _ _ _ _ _ _ _ _ _ _ _ _ _ _ _ _ _ _ _ _ _ _ _ _ _ _ 
tests/parity/test_regression.py:938: in _assert_reg_matches
    _assert_scalar_or_empty(actual["R2"], expected["R2"], atol)
_ _ _ _ _ _ _ _ _ _ _ _ _ _ _ _ _ _ _ _ _ _ _ _ _ _ _ _ _ _ _ _ _ _ _ _ _ _ _ _ 

actual = 0.9964527173473259, expected = array(0.9945943), atol = 1e-10

    def _assert_scalar_or_empty(actual: object, expected: object, atol: float) -> None:
        """Compare a scalar metric, treating port ``None`` as R's empty (NULL)."""
        if actual is None:
            assert _array(expected).size == 0
        else:
>           np.testing.assert_allclose(actual, _array(expected), atol=atol)
E           AssertionError: 
E           Not equal to tolerance rtol=1e-07, atol=1e-10
E           
E           Mismatched elements: 1 / 1 (100%)
E           Max absolute difference among violations: 0.00185842
E           Max relative difference among violations: 0.00186852
E            ACTUAL: array(0.996453)
E            DESIRED: array(0.994594)

tests/parity/test_regression.py:1002: AssertionError
___________ test_nns_reg_mode_noise_reduction_matches_r[5-random-50] ___________
[gw0] linux -- Python 3.11.15 /opt/hostedtoolcache/Python/3.11.15/x64/bin/python

rng = Generator(PCG64) at 0x7FBB8D4598C0, size = 50, relationship = 'random'
order = 5

    @pytest.mark.parity
    @pytest.mark.parametrize("size", SIZES)
    @pytest.mark.parametrize("relationship", MODE_RELATIONSHIPS)
    @pytest.mark.parametrize("order", MODE_ORDERS)
    def test_nns_reg_mode_noise_reduction_matches_r(
        rng: np.random.Generator,
        size: int,
        relationship: str,
        order: int | None,
    ) -> None:
        x, y = _relationship(relationship, size, rng)
    
        expected = _r_nns_reg(x, y, order=order, noise="mode", point_est=None)
        actual = nns_reg(x, y, order=order, noise_reduction="mode")
    
>       _assert_reg_matches(actual, expected)

tests/parity/test_regression.py:220: 
_ _ _ _ _ _ _ _ _ _ _ _ _ _ _ _ _ _ _ _ _ _ _ _ _ _ _ _ _ _ _ _ _ _ _ _ _ _ _ _ 
tests/parity/test_regression.py:938: in _assert_reg_matches
    _assert_scalar_or_empty(actual["R2"], expected["R2"], atol)
_ _ _ _ _ _ _ _ _ _ _ _ _ _ _ _ _ _ _ _ _ _ _ _ _ _ _ _ _ _ _ _ _ _ _ _ _ _ _ _ 

actual = 0.0006930795447089871, expected = array(-0.00717903), atol = 1e-10

    def _assert_scalar_or_empty(actual: object, expected: object, atol: float) -> None:
        """Compare a scalar metric, treating port ``None`` as R's empty (NULL)."""
        if actual is None:
            assert _array(expected).size == 0
        else:
>           np.testing.assert_allclose(actual, _array(expected), atol=atol)
E           AssertionError: 
E           Not equal to tolerance rtol=1e-07, atol=1e-10
E           
E           Mismatched elements: 1 / 1 (100%)
E           Max absolute difference among violations: 0.00787211
E           Max relative difference among violations: 1.09654224
E            ACTUAL: array(0.000693)
E            DESIRED: array(-0.007179)

tests/parity/test_regression.py:1002: AssertionError
__________ test_nns_reg_dim_red_degenerate_equal_projection_matches_r __________
[gw3] linux -- Python 3.11.15 /opt/hostedtoolcache/Python/3.11.15/x64/bin/python

    @pytest.mark.parity
    def test_nns_reg_dim_red_degenerate_equal_projection_matches_r() -> None:
        x = np.array(
            [
                [0.0, 0.0],
                [0.0, 0.0],
                [0.0, 0.0],
                [0.0, 0.0],
                [1.0, -1.0],
                [0.0, 0.0],
                [0.0, 0.0],
                [0.0, 0.0],
                [0.0, 0.0],
                [0.0, 0.0],
                [0.0, 0.0],
                [0.0, 0.0],
            ],
            dtype=np.float64,
        )
        y = 0.5 * x[:, 0] - 0.25 * x[:, 1]
    
        expected = _r_nns_reg_dimred(
            x,
            y,
            order=None,
            dim_red_method="equal",
            threshold=0.0,
            point_est=None,
            point_only=False,
        )
        actual = nns_reg(x, y, dim_red_method="equal")
    
>       _assert_reg_matches(actual, expected, check_dimred=True)

tests/parity/test_regression.py:429: 
_ _ _ _ _ _ _ _ _ _ _ _ _ _ _ _ _ _ _ _ _ _ _ _ _ _ _ _ _ _ _ _ _ _ _ _ _ _ _ _ 
tests/parity/test_regression.py:938: in _assert_reg_matches
    _assert_scalar_or_empty(actual["R2"], expected["R2"], atol)
_ _ _ _ _ _ _ _ _ _ _ _ _ _ _ _ _ _ _ _ _ _ _ _ _ _ _ _ _ _ _ _ _ _ _ _ _ _ _ _ 

actual = 0.0, expected = array(-0.05113636), atol = 1e-10

    def _assert_scalar_or_empty(actual: object, expected: object, atol: float) -> None:
        """Compare a scalar metric, treating port ``None`` as R's empty (NULL)."""
        if actual is None:
            assert _array(expected).size == 0
        else:
>           np.testing.assert_allclose(actual, _array(expected), atol=atol)
E           AssertionError: 
E           Not equal to tolerance rtol=1e-07, atol=1e-10
E           
E           Mismatched elements: 1 / 1 (100%)
E           Max absolute difference among violations: 0.05113636
E           Max relative difference among violations: 1.
E            ACTUAL: array(0.)
E            DESIRED: array(-0.051136)

tests/parity/test_regression.py:1002: AssertionError
__________ test_nns_reg_mode_noise_reduction_matches_r[None-sin-200] ___________
[gw2] linux -- Python 3.11.15 /opt/hostedtoolcache/Python/3.11.15/x64/bin/python

rng = Generator(PCG64) at 0x7F97EE73A7A0, size = 200, relationship = 'sin'
order = None

    @pytest.mark.parity
    @pytest.mark.parametrize("size", SIZES)
    @pytest.mark.parametrize("relationship", MODE_RELATIONSHIPS)
    @pytest.mark.parametrize("order", MODE_ORDERS)
    def test_nns_reg_mode_noise_reduction_matches_r(
        rng: np.random.Generator,
        size: int,
        relationship: str,
        order: int | None,
    ) -> None:
        x, y = _relationship(relationship, size, rng)
    
        expected = _r_nns_reg(x, y, order=order, noise="mode", point_est=None)
        actual = nns_reg(x, y, order=order, noise_reduction="mode")
    
>       _assert_reg_matches(actual, expected)

tests/parity/test_regression.py:220: 
_ _ _ _ _ _ _ _ _ _ _ _ _ _ _ _ _ _ _ _ _ _ _ _ _ _ _ _ _ _ _ _ _ _ _ _ _ _ _ _ 
tests/parity/test_regression.py:938: in _assert_reg_matches
    _assert_scalar_or_empty(actual["R2"], expected["R2"], atol)
_ _ _ _ _ _ _ _ _ _ _ _ _ _ _ _ _ _ _ _ _ _ _ _ _ _ _ _ _ _ _ _ _ _ _ _ _ _ _ _ 

actual = 0.996367282242238, expected = array(0.99452966), atol = 1e-10

    def _assert_scalar_or_empty(actual: object, expected: object, atol: float) -> None:
        """Compare a scalar metric, treating port ``None`` as R's empty (NULL)."""
        if actual is None:
            assert _array(expected).size == 0
        else:
>           np.testing.assert_allclose(actual, _array(expected), atol=atol)
E           AssertionError: 
E           Not equal to tolerance rtol=1e-07, atol=1e-10
E           
E           Mismatched elements: 1 / 1 (100%)
E           Max absolute difference among violations: 0.00183763
E           Max relative difference among violations: 0.00184773
E            ACTUAL: array(0.996367)
E            DESIRED: array(0.99453)

tests/parity/test_regression.py:1002: AssertionError
__________ test_nns_reg_mode_noise_reduction_matches_r[5-random-200] ___________
[gw0] linux -- Python 3.11.15 /opt/hostedtoolcache/Python/3.11.15/x64/bin/python

rng = Generator(PCG64) at 0x7FBB8FF27CA0, size = 200, relationship = 'random'
order = 5

    @pytest.mark.parity
    @pytest.mark.parametrize("size", SIZES)
    @pytest.mark.parametrize("relationship", MODE_RELATIONSHIPS)
    @pytest.mark.parametrize("order", MODE_ORDERS)
    def test_nns_reg_mode_noise_reduction_matches_r(
        rng: np.random.Generator,
        size: int,
        relationship: str,
        order: int | None,
    ) -> None:
        x, y = _relationship(relationship, size, rng)
    
        expected = _r_nns_reg(x, y, order=order, noise="mode", point_est=None)
        actual = nns_reg(x, y, order=order, noise_reduction="mode")
    
>       _assert_reg_matches(actual, expected)

tests/parity/test_regression.py:220: 
_ _ _ _ _ _ _ _ _ _ _ _ _ _ _ _ _ _ _ _ _ _ _ _ _ _ _ _ _ _ _ _ _ _ _ _ _ _ _ _ 
tests/parity/test_regression.py:938: in _assert_reg_matches
    _assert_scalar_or_empty(actual["R2"], expected["R2"], atol)
_ _ _ _ _ _ _ _ _ _ _ _ _ _ _ _ _ _ _ _ _ _ _ _ _ _ _ _ _ _ _ _ _ _ _ _ _ _ _ _ 

actual = 3.527373319427751e-06, expected = array(-0.01635356), atol = 1e-10

    def _assert_scalar_or_empty(actual: object, expected: object, atol: float) -> None:
        """Compare a scalar metric, treating port ``None`` as R's empty (NULL)."""
        if actual is None:
            assert _array(expected).size == 0
        else:
>           np.testing.assert_allclose(actual, _array(expected), atol=atol)
E           AssertionError: 
E           Not equal to tolerance rtol=1e-07, atol=1e-10
E           
E           Mismatched elements: 1 / 1 (100%)
E           Max absolute difference among violations: 0.01635709
E           Max relative difference among violations: 1.00021569
E            ACTUAL: array(3.527373e-06)
E            DESIRED: array(-0.016354)

tests/parity/test_regression.py:1002: AssertionError
____________ test_nns_reg_factor_predictor_dim_red_matches_r[equal] ____________
[gw3] linux -- Python 3.11.15 /opt/hostedtoolcache/Python/3.11.15/x64/bin/python

method = 'equal'

    @pytest.mark.parity
    @pytest.mark.parametrize("method", ["cor", "equal", "NNS.dep"])
    def test_nns_reg_factor_predictor_dim_red_matches_r(method: str) -> None:
        levels = ["a", "b", "c"]
        factor = np.array(["b", "a", "b", "c", "a", "c"], dtype=object)
        z = np.array([0.0, 1.0, 2.0, 3.0, 4.0, 5.0], dtype=object)
        x = np.column_stack((factor, z))
        y = np.array([2.0, 1.0, 3.0, 4.0, 1.5, 4.5])
        point_est = np.array([["a", 1.5], ["c", 3.5]], dtype=object)
    
        expected = nns_reg_factor_dimred(
            factor.tolist(),
            [float(value) for value in z],
            y.tolist(),
            ["a", "c"],
            [1.5, 3.5],
            levels=levels,
            dim_red_method=method,
        )
        actual = nns_reg(
            x,
            y,
            factor_2_dummy=True,
            factor_levels=[levels, None],
            dim_red_method=method,
            point_est=point_est,
        )
    
        assert isinstance(expected, dict)
        assert isinstance(expected["equation"], dict)
        assert isinstance(actual["equation"], dict)
        np.testing.assert_allclose(
            actual["equation"]["Coefficient"],
            _array(expected["equation"]["Coefficient"]),
            atol=5e-2,
        )
        assert isinstance(expected["x.star"], dict)
        assert isinstance(actual["x.star"], dict)
        np.testing.assert_allclose(actual["x.star"]["x"], _array(expected["x.star"]["x"]), atol=5e-2)
        np.testing.assert_allclose(actual["Point.est"], _array(expected["Point.est"]), atol=5e-2)
>       np.testing.assert_allclose(actual["R2"], _array(expected["R2"]), atol=5e-2)
E       AssertionError: 
E       Not equal to tolerance rtol=1e-07, atol=0.05
E       
E       Mismatched elements: 1 / 1 (100%)
E       Max absolute difference among violations: 0.05593386
E       Max relative difference among violations: 0.18982817
E        ACTUAL: array(0.350589)
E        DESIRED: array(0.294655)

tests/parity/test_regression.py:540: AssertionError
___________ test_nns_reg_factor_predictor_dim_red_matches_r[NNS.dep] ___________
[gw3] linux -- Python 3.11.15 /opt/hostedtoolcache/Python/3.11.15/x64/bin/python

method = 'NNS.dep'

    @pytest.mark.parity
    @pytest.mark.parametrize("method", ["cor", "equal", "NNS.dep"])
    def test_nns_reg_factor_predictor_dim_red_matches_r(method: str) -> None:
        levels = ["a", "b", "c"]
        factor = np.array(["b", "a", "b", "c", "a", "c"], dtype=object)
        z = np.array([0.0, 1.0, 2.0, 3.0, 4.0, 5.0], dtype=object)
        x = np.column_stack((factor, z))
        y = np.array([2.0, 1.0, 3.0, 4.0, 1.5, 4.5])
        point_est = np.array([["a", 1.5], ["c", 3.5]], dtype=object)
    
        expected = nns_reg_factor_dimred(
            factor.tolist(),
            [float(value) for value in z],
            y.tolist(),
            ["a", "c"],
            [1.5, 3.5],
            levels=levels,
            dim_red_method=method,
        )
        actual = nns_reg(
            x,
            y,
            factor_2_dummy=True,
            factor_levels=[levels, None],
            dim_red_method=method,
            point_est=point_est,
        )
    
        assert isinstance(expected, dict)
        assert isinstance(expected["equation"], dict)
        assert isinstance(actual["equation"], dict)
        np.testing.assert_allclose(
            actual["equation"]["Coefficient"],
            _array(expected["equation"]["Coefficient"]),
            atol=5e-2,
        )
        assert isinstance(expected["x.star"], dict)
        assert isinstance(actual["x.star"], dict)
        np.testing.assert_allclose(actual["x.star"]["x"], _array(expected["x.star"]["x"]), atol=5e-2)
        np.testing.assert_allclose(actual["Point.est"], _array(expected["Point.est"]), atol=5e-2)
>       np.testing.assert_allclose(actual["R2"], _array(expected["R2"]), atol=5e-2)
E       AssertionError: 
E       Not equal to tolerance rtol=1e-07, atol=0.05
E       
E       Mismatched elements: 1 / 1 (100%)
E       Max absolute difference among violations: 0.15843974
E       Max relative difference among violations: 0.84002677
E        ACTUAL: array(0.347052)
E        DESIRED: array(0.188613)

tests/parity/test_regression.py:540: AssertionError
__________ test_nns_reg_mode_noise_reduction_matches_r[None-sin-1000] __________
[gw2] linux -- Python 3.11.15 /opt/hostedtoolcache/Python/3.11.15/x64/bin/python

rng = Generator(PCG64) at 0x7F97EE738900, size = 1000, relationship = 'sin'
order = None

    @pytest.mark.parity
    @pytest.mark.parametrize("size", SIZES)
    @pytest.mark.parametrize("relationship", MODE_RELATIONSHIPS)
    @pytest.mark.parametrize("order", MODE_ORDERS)
    def test_nns_reg_mode_noise_reduction_matches_r(
        rng: np.random.Generator,
        size: int,
        relationship: str,
        order: int | None,
    ) -> None:
        x, y = _relationship(relationship, size, rng)
    
        expected = _r_nns_reg(x, y, order=order, noise="mode", point_est=None)
        actual = nns_reg(x, y, order=order, noise_reduction="mode")
    
>       _assert_reg_matches(actual, expected)

tests/parity/test_regression.py:220: 
_ _ _ _ _ _ _ _ _ _ _ _ _ _ _ _ _ _ _ _ _ _ _ _ _ _ _ _ _ _ _ _ _ _ _ _ _ _ _ _ 
tests/parity/test_regression.py:938: in _assert_reg_matches
    _assert_scalar_or_empty(actual["R2"], expected["R2"], atol)
_ _ _ _ _ _ _ _ _ _ _ _ _ _ _ _ _ _ _ _ _ _ _ _ _ _ _ _ _ _ _ _ _ _ _ _ _ _ _ _ 

actual = 0.9963466469213569, expected = array(0.9945129), atol = 1e-10

    def _assert_scalar_or_empty(actual: object, expected: object, atol: float) -> None:
        """Compare a scalar metric, treating port ``None`` as R's empty (NULL)."""
        if actual is None:
            assert _array(expected).size == 0
        else:
>           np.testing.assert_allclose(actual, _array(expected), atol=atol)
E           AssertionError: 
E           Not equal to tolerance rtol=1e-07, atol=1e-10
E           
E           Mismatched elements: 1 / 1 (100%)
E           Max absolute difference among violations: 0.00183374
E           Max relative difference among violations: 0.00184386
E            ACTUAL: array(0.996347)
E            DESIRED: array(0.994513)

tests/parity/test_regression.py:1002: AssertionError
__________ test_nns_reg_mode_noise_reduction_matches_r[5-random-1000] __________
[gw0] linux -- Python 3.11.15 /opt/hostedtoolcache/Python/3.11.15/x64/bin/python

rng = Generator(PCG64) at 0x7FBB8FF27840, size = 1000, relationship = 'random'
order = 5

    @pytest.mark.parity
    @pytest.mark.parametrize("size", SIZES)
    @pytest.mark.parametrize("relationship", MODE_RELATIONSHIPS)
    @pytest.mark.parametrize("order", MODE_ORDERS)
    def test_nns_reg_mode_noise_reduction_matches_r(
        rng: np.random.Generator,
        size: int,
        relationship: str,
        order: int | None,
    ) -> None:
        x, y = _relationship(relationship, size, rng)
    
        expected = _r_nns_reg(x, y, order=order, noise="mode", point_est=None)
        actual = nns_reg(x, y, order=order, noise_reduction="mode")
    
>       _assert_reg_matches(actual, expected)

tests/parity/test_regression.py:220: 
_ _ _ _ _ _ _ _ _ _ _ _ _ _ _ _ _ _ _ _ _ _ _ _ _ _ _ _ _ _ _ _ _ _ _ _ _ _ _ _ 
tests/parity/test_regression.py:938: in _assert_reg_matches
    _assert_scalar_or_empty(actual["R2"], expected["R2"], atol)
_ _ _ _ _ _ _ _ _ _ _ _ _ _ _ _ _ _ _ _ _ _ _ _ _ _ _ _ _ _ _ _ _ _ _ _ _ _ _ _ 

actual = 0.00030326706934272467, expected = array(-0.01783838), atol = 1e-10

    def _assert_scalar_or_empty(actual: object, expected: object, atol: float) -> None:
        """Compare a scalar metric, treating port ``None`` as R's empty (NULL)."""
        if actual is None:
            assert _array(expected).size == 0
        else:
>           np.testing.assert_allclose(actual, _array(expected), atol=atol)
E           AssertionError: 
E           Not equal to tolerance rtol=1e-07, atol=1e-10
E           
E           Mismatched elements: 1 / 1 (100%)
E           Max absolute difference among violations: 0.01814165
E           Max relative difference among violations: 1.01700082
E            ACTUAL: array(0.000303)
E            DESIRED: array(-0.017838)

tests/parity/test_regression.py:1002: AssertionError
_____ test_nns_reg_confidence_interval_matches_r[None-off-None-0.8-linear] _____
[gw3] linux -- Python 3.11.15 /opt/hostedtoolcache/Python/3.11.15/x64/bin/python

rng = Generator(PCG64) at 0x7F625615A960, relationship = 'linear'
confidence_interval = 0.8, point_est = None, order = None, noise = 'off'

    @pytest.mark.parity
    @pytest.mark.parametrize("relationship", ["linear", "quadratic", "sin"])
    @pytest.mark.parametrize("confidence_interval", [0.8, 0.95])
    @pytest.mark.parametrize(
        "point_est",
        [
            None,
            np.array([-1.0, 0.0, 1.0]),
            np.array([-3.0, -1.0, 0.0, 2.5]),
        ],
    )
    @pytest.mark.parametrize(("order", "noise"), CI_REGRESSION_CASES)
    def test_nns_reg_confidence_interval_matches_r(
        rng: np.random.Generator,
        relationship: str,
        confidence_interval: float,
        point_est: np.ndarray | None,
        order: int | None,
        noise: str,
    ) -> None:
        x, y = _relationship(relationship, 50, rng)
    
        expected = _r_nns_reg(
            x,
            y,
            order=order,
            noise=noise,
            point_est=point_est,
            confidence_interval=confidence_interval,
        )
        actual = nns_reg(
            x,
            y,
            order=order,
            noise_reduction=cast(NoiseReduction, noise),
            point_est=point_est,
            confidence_interval=confidence_interval,
        )
    
>       _assert_reg_matches(actual, expected)

tests/parity/test_regression.py:582: 
_ _ _ _ _ _ _ _ _ _ _ _ _ _ _ _ _ _ _ _ _ _ _ _ _ _ _ _ _ _ _ _ _ _ _ _ _ _ _ _ 
tests/parity/test_regression.py:938: in _assert_reg_matches
    _assert_scalar_or_empty(actual["R2"], expected["R2"], atol)
_ _ _ _ _ _ _ _ _ _ _ _ _ _ _ _ _ _ _ _ _ _ _ _ _ _ _ _ _ _ _ _ _ _ _ _ _ _ _ _ 

actual = 0.9998047664418673, expected = array(0.99979195), atol = 1e-10

    def _assert_scalar_or_empty(actual: object, expected: object, atol: float) -> None:
        """Compare a scalar metric, treating port ``None`` as R's empty (NULL)."""
        if actual is None:
            assert _array(expected).size == 0
        else:
>           np.testing.assert_allclose(actual, _array(expected), atol=atol)
E           AssertionError: 
E           Not equal to tolerance rtol=1e-07, atol=1e-10
E           
E           Mismatched elements: 1 / 1 (100%)
E           Max absolute difference among violations: 1.28128482e-05
E           Max relative difference among violations: 1.28155144e-05
E            ACTUAL: array(0.999805)
E            DESIRED: array(0.999792)

tests/parity/test_regression.py:1002: AssertionError
_________ test_nns_reg_mode_noise_reduction_matches_r[None-random-50] __________
[gw2] linux -- Python 3.11.15 /opt/hostedtoolcache/Python/3.11.15/x64/bin/python

rng = Generator(PCG64) at 0x7F97EE7383C0, size = 50, relationship = 'random'
order = None

    @pytest.mark.parity
    @pytest.mark.parametrize("size", SIZES)
    @pytest.mark.parametrize("relationship", MODE_RELATIONSHIPS)
    @pytest.mark.parametrize("order", MODE_ORDERS)
    def test_nns_reg_mode_noise_reduction_matches_r(
        rng: np.random.Generator,
        size: int,
        relationship: str,
        order: int | None,
    ) -> None:
        x, y = _relationship(relationship, size, rng)
    
        expected = _r_nns_reg(x, y, order=order, noise="mode", point_est=None)
        actual = nns_reg(x, y, order=order, noise_reduction="mode")
    
>       _assert_reg_matches(actual, expected)

tests/parity/test_regression.py:220: 
_ _ _ _ _ _ _ _ _ _ _ _ _ _ _ _ _ _ _ _ _ _ _ _ _ _ _ _ _ _ _ _ _ _ _ _ _ _ _ _ 
tests/parity/test_regression.py:938: in _assert_reg_matches
    _assert_scalar_or_empty(actual["R2"], expected["R2"], atol)
_ _ _ _ _ _ _ _ _ _ _ _ _ _ _ _ _ _ _ _ _ _ _ _ _ _ _ _ _ _ _ _ _ _ _ _ _ _ _ _ 

actual = 0.00024725321324348733, expected = array(-0.00814972), atol = 1e-10

    def _assert_scalar_or_empty(actual: object, expected: object, atol: float) -> None:
        """Compare a scalar metric, treating port ``None`` as R's empty (NULL)."""
        if actual is None:
            assert _array(expected).size == 0
        else:
>           np.testing.assert_allclose(actual, _array(expected), atol=atol)
E           AssertionError: 
E           Not equal to tolerance rtol=1e-07, atol=1e-10
E           
E           Mismatched elements: 1 / 1 (100%)
E           Max absolute difference among violations: 0.00839697
E           Max relative difference among violations: 1.03033888
E            ACTUAL: array(0.000247)
E            DESIRED: array(-0.00815)

tests/parity/test_regression.py:1002: AssertionError
______ test_nns_reg_mean_out_of_range_point_est_matches_r[point_est0-50] _______
[gw0] linux -- Python 3.11.15 /opt/hostedtoolcache/Python/3.11.15/x64/bin/python

size = 50, point_est = array([-3.])

    @pytest.mark.parity
    @pytest.mark.parametrize("size", SIZES)
    @pytest.mark.parametrize("point_est", MEAN_POINT_EST_CASES)
    def test_nns_reg_mean_out_of_range_point_est_matches_r(
        size: int,
        point_est: np.ndarray,
    ) -> None:
        x = np.linspace(-2.0, 2.0, size)
        y = np.sin(x)
    
        expected = _r_nns_reg(x, y, order=1, noise="mean", point_est=point_est)
        actual = nns_reg(x, y, order=1, noise_reduction="mean", point_est=point_est)
    
>       _assert_reg_matches(actual, expected)

tests/parity/test_regression.py:245: 
_ _ _ _ _ _ _ _ _ _ _ _ _ _ _ _ _ _ _ _ _ _ _ _ _ _ _ _ _ _ _ _ _ _ _ _ _ _ _ _ 
tests/parity/test_regression.py:938: in _assert_reg_matches
    _assert_scalar_or_empty(actual["R2"], expected["R2"], atol)
_ _ _ _ _ _ _ _ _ _ _ _ _ _ _ _ _ _ _ _ _ _ _ _ _ _ _ _ _ _ _ _ _ _ _ _ _ _ _ _ 

actual = 0.9523361668629529, expected = array(0.8717489), atol = 1e-10

    def _assert_scalar_or_empty(actual: object, expected: object, atol: float) -> None:
        """Compare a scalar metric, treating port ``None`` as R's empty (NULL)."""
        if actual is None:
            assert _array(expected).size == 0
        else:
>           np.testing.assert_allclose(actual, _array(expected), atol=atol)
E           AssertionError: 
E           Not equal to tolerance rtol=1e-07, atol=1e-10
E           
E           Mismatched elements: 1 / 1 (100%)
E           Max absolute difference among violations: 0.08058727
E           Max relative difference among violations: 0.09244322
E            ACTUAL: array(0.952336)
E            DESIRED: array(0.871749)

tests/parity/test_regression.py:1002: AssertionError
______ test_nns_reg_mean_out_of_range_point_est_matches_r[point_est0-200] ______
[gw0] linux -- Python 3.11.15 /opt/hostedtoolcache/Python/3.11.15/x64/bin/python

size = 200, point_est = array([-3.])

    @pytest.mark.parity
    @pytest.mark.parametrize("size", SIZES)
    @pytest.mark.parametrize("point_est", MEAN_POINT_EST_CASES)
    def test_nns_reg_mean_out_of_range_point_est_matches_r(
        size: int,
        point_est: np.ndarray,
    ) -> None:
        x = np.linspace(-2.0, 2.0, size)
        y = np.sin(x)
    
        expected = _r_nns_reg(x, y, order=1, noise="mean", point_est=point_est)
        actual = nns_reg(x, y, order=1, noise_reduction="mean", point_est=point_est)
    
>       _assert_reg_matches(actual, expected)

tests/parity/test_regression.py:245: 
_ _ _ _ _ _ _ _ _ _ _ _ _ _ _ _ _ _ _ _ _ _ _ _ _ _ _ _ _ _ _ _ _ _ _ _ _ _ _ _ 
tests/parity/test_regression.py:938: in _assert_reg_matches
    _assert_scalar_or_empty(actual["R2"], expected["R2"], atol)
_ _ _ _ _ _ _ _ _ _ _ _ _ _ _ _ _ _ _ _ _ _ _ _ _ _ _ _ _ _ _ _ _ _ _ _ _ _ _ _ 

actual = 0.9554390818885374, expected = array(0.86906653), atol = 1e-10

    def _assert_scalar_or_empty(actual: object, expected: object, atol: float) -> None:
        """Compare a scalar metric, treating port ``None`` as R's empty (NULL)."""
        if actual is None:
            assert _array(expected).size == 0
        else:
>           np.testing.assert_allclose(actual, _array(expected), atol=atol)
E           AssertionError: 
E           Not equal to tolerance rtol=1e-07, atol=1e-10
E           
E           Mismatched elements: 1 / 1 (100%)
E           Max absolute difference among violations: 0.08637255
E           Max relative difference among violations: 0.09938543
E            ACTUAL: array(0.955439)
E            DESIRED: array(0.869067)

tests/parity/test_regression.py:1002: AssertionError
_____ test_nns_reg_mean_out_of_range_point_est_matches_r[point_est0-1000] ______
[gw0] linux -- Python 3.11.15 /opt/hostedtoolcache/Python/3.11.15/x64/bin/python

size = 1000, point_est = array([-3.])

    @pytest.mark.parity
    @pytest.mark.parametrize("size", SIZES)
    @pytest.mark.parametrize("point_est", MEAN_POINT_EST_CASES)
    def test_nns_reg_mean_out_of_range_point_est_matches_r(
        size: int,
        point_est: np.ndarray,
    ) -> None:
        x = np.linspace(-2.0, 2.0, size)
        y = np.sin(x)
    
        expected = _r_nns_reg(x, y, order=1, noise="mean", point_est=point_est)
        actual = nns_reg(x, y, order=1, noise_reduction="mean", point_est=point_est)
    
>       _assert_reg_matches(actual, expected)

tests/parity/test_regression.py:245: 
_ _ _ _ _ _ _ _ _ _ _ _ _ _ _ _ _ _ _ _ _ _ _ _ _ _ _ _ _ _ _ _ _ _ _ _ _ _ _ _ 
tests/parity/test_regression.py:938: in _assert_reg_matches
    _assert_scalar_or_empty(actual["R2"], expected["R2"], atol)
_ _ _ _ _ _ _ _ _ _ _ _ _ _ _ _ _ _ _ _ _ _ _ _ _ _ _ _ _ _ _ _ _ _ _ _ _ _ _ _ 

actual = 0.9562592870507807, expected = array(0.86833756), atol = 1e-10

    def _assert_scalar_or_empty(actual: object, expected: object, atol: float) -> None:
        """Compare a scalar metric, treating port ``None`` as R's empty (NULL)."""
        if actual is None:
            assert _array(expected).size == 0
        else:
>           np.testing.assert_allclose(actual, _array(expected), atol=atol)
E           AssertionError: 
E           Not equal to tolerance rtol=1e-07, atol=1e-10
E           
E           Mismatched elements: 1 / 1 (100%)
E           Max absolute difference among violations: 0.08792172
E           Max relative difference among violations: 0.10125293
E            ACTUAL: array(0.956259)
E            DESIRED: array(0.868338)

tests/parity/test_regression.py:1002: AssertionError
___ test_nns_reg_confidence_interval_matches_r[None-off-None-0.8-quadratic] ____
[gw3] linux -- Python 3.11.15 /opt/hostedtoolcache/Python/3.11.15/x64/bin/python

rng = Generator(PCG64) at 0x7F625615B220, relationship = 'quadratic'
confidence_interval = 0.8, point_est = None, order = None, noise = 'off'

    @pytest.mark.parity
    @pytest.mark.parametrize("relationship", ["linear", "quadratic", "sin"])
    @pytest.mark.parametrize("confidence_interval", [0.8, 0.95])
    @pytest.mark.parametrize(
        "point_est",
        [
            None,
            np.array([-1.0, 0.0, 1.0]),
            np.array([-3.0, -1.0, 0.0, 2.5]),
        ],
    )
    @pytest.mark.parametrize(("order", "noise"), CI_REGRESSION_CASES)
    def test_nns_reg_confidence_interval_matches_r(
        rng: np.random.Generator,
        relationship: str,
        confidence_interval: float,
        point_est: np.ndarray | None,
        order: int | None,
        noise: str,
    ) -> None:
        x, y = _relationship(relationship, 50, rng)
    
        expected = _r_nns_reg(
            x,
            y,
            order=order,
            noise=noise,
            point_est=point_est,
            confidence_interval=confidence_interval,
        )
        actual = nns_reg(
            x,
            y,
            order=order,
            noise_reduction=cast(NoiseReduction, noise),
            point_est=point_est,
            confidence_interval=confidence_interval,
        )
    
>       _assert_reg_matches(actual, expected)

tests/parity/test_regression.py:582: 
_ _ _ _ _ _ _ _ _ _ _ _ _ _ _ _ _ _ _ _ _ _ _ _ _ _ _ _ _ _ _ _ _ _ _ _ _ _ _ _ 
tests/parity/test_regression.py:938: in _assert_reg_matches
    _assert_scalar_or_empty(actual["R2"], expected["R2"], atol)
_ _ _ _ _ _ _ _ _ _ _ _ _ _ _ _ _ _ _ _ _ _ _ _ _ _ _ _ _ _ _ _ _ _ _ _ _ _ _ _ 

actual = 0.9845873500710444, expected = array(0.98168364), atol = 1e-10

    def _assert_scalar_or_empty(actual: object, expected: object, atol: float) -> None:
        """Compare a scalar metric, treating port ``None`` as R's empty (NULL)."""
        if actual is None:
            assert _array(expected).size == 0
        else:
>           np.testing.assert_allclose(actual, _array(expected), atol=atol)
E           AssertionError: 
E           Not equal to tolerance rtol=1e-07, atol=1e-10
E           
E           Mismatched elements: 1 / 1 (100%)
E           Max absolute difference among violations: 0.00290371
E           Max relative difference among violations: 0.00295788
E            ACTUAL: array(0.984587)
E            DESIRED: array(0.981684)

tests/parity/test_regression.py:1002: AssertionError
_________ test_nns_reg_mode_noise_reduction_matches_r[None-random-200] _________
[gw2] linux -- Python 3.11.15 /opt/hostedtoolcache/Python/3.11.15/x64/bin/python

rng = Generator(PCG64) at 0x7F97EE738040, size = 200, relationship = 'random'
order = None

    @pytest.mark.parity
    @pytest.mark.parametrize("size", SIZES)
    @pytest.mark.parametrize("relationship", MODE_RELATIONSHIPS)
    @pytest.mark.parametrize("order", MODE_ORDERS)
    def test_nns_reg_mode_noise_reduction_matches_r(
        rng: np.random.Generator,
        size: int,
        relationship: str,
        order: int | None,
    ) -> None:
        x, y = _relationship(relationship, size, rng)
    
        expected = _r_nns_reg(x, y, order=order, noise="mode", point_est=None)
        actual = nns_reg(x, y, order=order, noise_reduction="mode")
    
>       _assert_reg_matches(actual, expected)

tests/parity/test_regression.py:220: 
_ _ _ _ _ _ _ _ _ _ _ _ _ _ _ _ _ _ _ _ _ _ _ _ _ _ _ _ _ _ _ _ _ _ _ _ _ _ _ _ 
tests/parity/test_regression.py:938: in _assert_reg_matches
    _assert_scalar_or_empty(actual["R2"], expected["R2"], atol)
_ _ _ _ _ _ _ _ _ _ _ _ _ _ _ _ _ _ _ _ _ _ _ _ _ _ _ _ _ _ _ _ _ _ _ _ _ _ _ _ 

actual = 3.527373319427751e-06, expected = array(-0.01635356), atol = 1e-10

    def _assert_scalar_or_empty(actual: object, expected: object, atol: float) -> None:
        """Compare a scalar metric, treating port ``None`` as R's empty (NULL)."""
        if actual is None:
            assert _array(expected).size == 0
        else:
>           np.testing.assert_allclose(actual, _array(expected), atol=atol)
E           AssertionError: 
E           Not equal to tolerance rtol=1e-07, atol=1e-10
E           
E           Mismatched elements: 1 / 1 (100%)
E           Max absolute difference among violations: 0.01635709
E           Max relative difference among violations: 1.00021569
E            ACTUAL: array(3.527373e-06)
E            DESIRED: array(-0.016354)

tests/parity/test_regression.py:1002: AssertionError
______ test_nns_reg_mean_out_of_range_point_est_matches_r[point_est1-50] _______
[gw0] linux -- Python 3.11.15 /opt/hostedtoolcache/Python/3.11.15/x64/bin/python

size = 50, point_est = array([3.])

    @pytest.mark.parity
    @pytest.mark.parametrize("size", SIZES)
    @pytest.mark.parametrize("point_est", MEAN_POINT_EST_CASES)
    def test_nns_reg_mean_out_of_range_point_est_matches_r(
        size: int,
        point_est: np.ndarray,
    ) -> None:
        x = np.linspace(-2.0, 2.0, size)
        y = np.sin(x)
    
        expected = _r_nns_reg(x, y, order=1, noise="mean", point_est=point_est)
        actual = nns_reg(x, y, order=1, noise_reduction="mean", point_est=point_est)
    
>       _assert_reg_matches(actual, expected)

tests/parity/test_regression.py:245: 
_ _ _ _ _ _ _ _ _ _ _ _ _ _ _ _ _ _ _ _ _ _ _ _ _ _ _ _ _ _ _ _ _ _ _ _ _ _ _ _ 
tests/parity/test_regression.py:938: in _assert_reg_matches
    _assert_scalar_or_empty(actual["R2"], expected["R2"], atol)
_ _ _ _ _ _ _ _ _ _ _ _ _ _ _ _ _ _ _ _ _ _ _ _ _ _ _ _ _ _ _ _ _ _ _ _ _ _ _ _ 

actual = 0.9523361668629529, expected = array(0.8717489), atol = 1e-10

    def _assert_scalar_or_empty(actual: object, expected: object, atol: float) -> None:
        """Compare a scalar metric, treating port ``None`` as R's empty (NULL)."""
        if actual is None:
            assert _array(expected).size == 0
        else:
>           np.testing.assert_allclose(actual, _array(expected), atol=atol)
E           AssertionError: 
E           Not equal to tolerance rtol=1e-07, atol=1e-10
E           
E           Mismatched elements: 1 / 1 (100%)
E           Max absolute difference among violations: 0.08058727
E           Max relative difference among violations: 0.09244322
E            ACTUAL: array(0.952336)
E            DESIRED: array(0.871749)

tests/parity/test_regression.py:1002: AssertionError
______ test_nns_reg_confidence_interval_matches_r[None-off-None-0.8-sin] _______
[gw3] linux -- Python 3.11.15 /opt/hostedtoolcache/Python/3.11.15/x64/bin/python

rng = Generator(PCG64) at 0x7F62560CB920, relationship = 'sin'
confidence_interval = 0.8, point_est = None, order = None, noise = 'off'

    @pytest.mark.parity
    @pytest.mark.parametrize("relationship", ["linear", "quadratic", "sin"])
    @pytest.mark.parametrize("confidence_interval", [0.8, 0.95])
    @pytest.mark.parametrize(
        "point_est",
        [
            None,
            np.array([-1.0, 0.0, 1.0]),
            np.array([-3.0, -1.0, 0.0, 2.5]),
        ],
    )
    @pytest.mark.parametrize(("order", "noise"), CI_REGRESSION_CASES)
    def test_nns_reg_confidence_interval_matches_r(
        rng: np.random.Generator,
        relationship: str,
        confidence_interval: float,
        point_est: np.ndarray | None,
        order: int | None,
        noise: str,
    ) -> None:
        x, y = _relationship(relationship, 50, rng)
    
        expected = _r_nns_reg(
            x,
            y,
            order=order,
            noise=noise,
            point_est=point_est,
            confidence_interval=confidence_interval,
        )
        actual = nns_reg(
            x,
            y,
            order=order,
            noise_reduction=cast(NoiseReduction, noise),
            point_est=point_est,
            confidence_interval=confidence_interval,
        )
    
>       _assert_reg_matches(actual, expected)

tests/parity/test_regression.py:582: 
_ _ _ _ _ _ _ _ _ _ _ _ _ _ _ _ _ _ _ _ _ _ _ _ _ _ _ _ _ _ _ _ _ _ _ _ _ _ _ _ 
tests/parity/test_regression.py:938: in _assert_reg_matches
    _assert_scalar_or_empty(actual["R2"], expected["R2"], atol)
_ _ _ _ _ _ _ _ _ _ _ _ _ _ _ _ _ _ _ _ _ _ _ _ _ _ _ _ _ _ _ _ _ _ _ _ _ _ _ _ 

actual = 0.9999007243798149, expected = array(0.99985394), atol = 1e-10

    def _assert_scalar_or_empty(actual: object, expected: object, atol: float) -> None:
        """Compare a scalar metric, treating port ``None`` as R's empty (NULL)."""
        if actual is None:
            assert _array(expected).size == 0
        else:
>           np.testing.assert_allclose(actual, _array(expected), atol=atol)
E           AssertionError: 
E           Not equal to tolerance rtol=1e-07, atol=1e-10
E           
E           Mismatched elements: 1 / 1 (100%)
E           Max absolute difference among violations: 4.67837357e-05
E           Max relative difference among violations: 4.67905699e-05
E            ACTUAL: array(0.999901)
E            DESIRED: array(0.999854)

tests/parity/test_regression.py:1002: AssertionError
____ test_nns_reg_confidence_interval_matches_r[None-off-None-0.95-linear] _____
[gw3] linux -- Python 3.11.15 /opt/hostedtoolcache/Python/3.11.15/x64/bin/python

rng = Generator(PCG64) at 0x7F62560CB220, relationship = 'linear'
confidence_interval = 0.95, point_est = None, order = None, noise = 'off'

    @pytest.mark.parity
    @pytest.mark.parametrize("relationship", ["linear", "quadratic", "sin"])
    @pytest.mark.parametrize("confidence_interval", [0.8, 0.95])
    @pytest.mark.parametrize(
        "point_est",
        [
            None,
            np.array([-1.0, 0.0, 1.0]),
            np.array([-3.0, -1.0, 0.0, 2.5]),
        ],
    )
    @pytest.mark.parametrize(("order", "noise"), CI_REGRESSION_CASES)
    def test_nns_reg_confidence_interval_matches_r(
        rng: np.random.Generator,
        relationship: str,
        confidence_interval: float,
        point_est: np.ndarray | None,
        order: int | None,
        noise: str,
    ) -> None:
        x, y = _relationship(relationship, 50, rng)
    
        expected = _r_nns_reg(
            x,
            y,
            order=order,
            noise=noise,
            point_est=point_est,
            confidence_interval=confidence_interval,
        )
        actual = nns_reg(
            x,
            y,
            order=order,
            noise_reduction=cast(NoiseReduction, noise),
            point_est=point_est,
            confidence_interval=confidence_interval,
        )
    
>       _assert_reg_matches(actual, expected)

tests/parity/test_regression.py:582: 
_ _ _ _ _ _ _ _ _ _ _ _ _ _ _ _ _ _ _ _ _ _ _ _ _ _ _ _ _ _ _ _ _ _ _ _ _ _ _ _ 
tests/parity/test_regression.py:938: in _assert_reg_matches
    _assert_scalar_or_empty(actual["R2"], expected["R2"], atol)
_ _ _ _ _ _ _ _ _ _ _ _ _ _ _ _ _ _ _ _ _ _ _ _ _ _ _ _ _ _ _ _ _ _ _ _ _ _ _ _ 

actual = 0.9998047664418673, expected = array(0.99979195), atol = 1e-10

    def _assert_scalar_or_empty(actual: object, expected: object, atol: float) -> None:
        """Compare a scalar metric, treating port ``None`` as R's empty (NULL)."""
        if actual is None:
            assert _array(expected).size == 0
        else:
>           np.testing.assert_allclose(actual, _array(expected), atol=atol)
E           AssertionError: 
E           Not equal to tolerance rtol=1e-07, atol=1e-10
E           
E           Mismatched elements: 1 / 1 (100%)
E           Max absolute difference among violations: 1.28128482e-05
E           Max relative difference among violations: 1.28155144e-05
E            ACTUAL: array(0.999805)
E            DESIRED: array(0.999792)

tests/parity/test_regression.py:1002: AssertionError
________ test_nns_reg_mode_noise_reduction_matches_r[None-random-1000] _________
[gw2] linux -- Python 3.11.15 /opt/hostedtoolcache/Python/3.11.15/x64/bin/python

rng = Generator(PCG64) at 0x7F97EE883920, size = 1000, relationship = 'random'
order = None

    @pytest.mark.parity
    @pytest.mark.parametrize("size", SIZES)
    @pytest.mark.parametrize("relationship", MODE_RELATIONSHIPS)
    @pytest.mark.parametrize("order", MODE_ORDERS)
    def test_nns_reg_mode_noise_reduction_matches_r(
        rng: np.random.Generator,
        size: int,
        relationship: str,
        order: int | None,
    ) -> None:
        x, y = _relationship(relationship, size, rng)
    
        expected = _r_nns_reg(x, y, order=order, noise="mode", point_est=None)
        actual = nns_reg(x, y, order=order, noise_reduction="mode")
    
>       _assert_reg_matches(actual, expected)

tests/parity/test_regression.py:220: 
_ _ _ _ _ _ _ _ _ _ _ _ _ _ _ _ _ _ _ _ _ _ _ _ _ _ _ _ _ _ _ _ _ _ _ _ _ _ _ _ 
tests/parity/test_regression.py:938: in _assert_reg_matches
    _assert_scalar_or_empty(actual["R2"], expected["R2"], atol)
_ _ _ _ _ _ _ _ _ _ _ _ _ _ _ _ _ _ _ _ _ _ _ _ _ _ _ _ _ _ _ _ _ _ _ _ _ _ _ _ 

actual = 0.00030326706934272467, expected = array(-0.01783838), atol = 1e-10

    def _assert_scalar_or_empty(actual: object, expected: object, atol: float) -> None:
        """Compare a scalar metric, treating port ``None`` as R's empty (NULL)."""
        if actual is None:
            assert _array(expected).size == 0
        else:
>           np.testing.assert_allclose(actual, _array(expected), atol=atol)
E           AssertionError: 
E           Not equal to tolerance rtol=1e-07, atol=1e-10
E           
E           Mismatched elements: 1 / 1 (100%)
E           Max absolute difference among violations: 0.01814165
E           Max relative difference among violations: 1.01700082
E            ACTUAL: array(0.000303)
E            DESIRED: array(-0.017838)

tests/parity/test_regression.py:1002: AssertionError
______ test_nns_reg_mean_out_of_range_point_est_matches_r[point_est1-200] ______
[gw0] linux -- Python 3.11.15 /opt/hostedtoolcache/Python/3.11.15/x64/bin/python

size = 200, point_est = array([3.])

    @pytest.mark.parity
    @pytest.mark.parametrize("size", SIZES)
    @pytest.mark.parametrize("point_est", MEAN_POINT_EST_CASES)
    def test_nns_reg_mean_out_of_range_point_est_matches_r(
        size: int,
        point_est: np.ndarray,
    ) -> None:
        x = np.linspace(-2.0, 2.0, size)
        y = np.sin(x)
    
        expected = _r_nns_reg(x, y, order=1, noise="mean", point_est=point_est)
        actual = nns_reg(x, y, order=1, noise_reduction="mean", point_est=point_est)
    
>       _assert_reg_matches(actual, expected)

tests/parity/test_regression.py:245: 
_ _ _ _ _ _ _ _ _ _ _ _ _ _ _ _ _ _ _ _ _ _ _ _ _ _ _ _ _ _ _ _ _ _ _ _ _ _ _ _ 
tests/parity/test_regression.py:938: in _assert_reg_matches
    _assert_scalar_or_empty(actual["R2"], expected["R2"], atol)
_ _ _ _ _ _ _ _ _ _ _ _ _ _ _ _ _ _ _ _ _ _ _ _ _ _ _ _ _ _ _ _ _ _ _ _ _ _ _ _ 

actual = 0.9554390818885374, expected = array(0.86906653), atol = 1e-10

    def _assert_scalar_or_empty(actual: object, expected: object, atol: float) -> None:
        """Compare a scalar metric, treating port ``None`` as R's empty (NULL)."""
        if actual is None:
            assert _array(expected).size == 0
        else:
>           np.testing.assert_allclose(actual, _array(expected), atol=atol)
E           AssertionError: 
E           Not equal to tolerance rtol=1e-07, atol=1e-10
E           
E           Mismatched elements: 1 / 1 (100%)
E           Max absolute difference among violations: 0.08637255
E           Max relative difference among violations: 0.09938543
E            ACTUAL: array(0.955439)
E            DESIRED: array(0.869067)

tests/parity/test_regression.py:1002: AssertionError
___ test_nns_reg_confidence_interval_matches_r[None-off-None-0.95-quadratic] ___
[gw3] linux -- Python 3.11.15 /opt/hostedtoolcache/Python/3.11.15/x64/bin/python

rng = Generator(PCG64) at 0x7F625615A5E0, relationship = 'quadratic'
confidence_interval = 0.95, point_est = None, order = None, noise = 'off'

    @pytest.mark.parity
    @pytest.mark.parametrize("relationship", ["linear", "quadratic", "sin"])
    @pytest.mark.parametrize("confidence_interval", [0.8, 0.95])
    @pytest.mark.parametrize(
        "point_est",
        [
            None,
            np.array([-1.0, 0.0, 1.0]),
            np.array([-3.0, -1.0, 0.0, 2.5]),
        ],
    )
    @pytest.mark.parametrize(("order", "noise"), CI_REGRESSION_CASES)
    def test_nns_reg_confidence_interval_matches_r(
        rng: np.random.Generator,
        relationship: str,
        confidence_interval: float,
        point_est: np.ndarray | None,
        order: int | None,
        noise: str,
    ) -> None:
        x, y = _relationship(relationship, 50, rng)
    
        expected = _r_nns_reg(
            x,
            y,
            order=order,
            noise=noise,
            point_est=point_est,
            confidence_interval=confidence_interval,
        )
        actual = nns_reg(
            x,
            y,
            order=order,
            noise_reduction=cast(NoiseReduction, noise),
            point_est=point_est,
            confidence_interval=confidence_interval,
        )
    
>       _assert_reg_matches(actual, expected)

tests/parity/test_regression.py:582: 
_ _ _ _ _ _ _ _ _ _ _ _ _ _ _ _ _ _ _ _ _ _ _ _ _ _ _ _ _ _ _ _ _ _ _ _ _ _ _ _ 
tests/parity/test_regression.py:938: in _assert_reg_matches
    _assert_scalar_or_empty(actual["R2"], expected["R2"], atol)
_ _ _ _ _ _ _ _ _ _ _ _ _ _ _ _ _ _ _ _ _ _ _ _ _ _ _ _ _ _ _ _ _ _ _ _ _ _ _ _ 

actual = 0.9845873500710444, expected = array(0.98168364), atol = 1e-10

    def _assert_scalar_or_empty(actual: object, expected: object, atol: float) -> None:
        """Compare a scalar metric, treating port ``None`` as R's empty (NULL)."""
        if actual is None:
            assert _array(expected).size == 0
        else:
>           np.testing.assert_allclose(actual, _array(expected), atol=atol)
E           AssertionError: 
E           Not equal to tolerance rtol=1e-07, atol=1e-10
E           
E           Mismatched elements: 1 / 1 (100%)
E           Max absolute difference among violations: 0.00290371
E           Max relative difference among violations: 0.00295788
E            ACTUAL: array(0.984587)
E            DESIRED: array(0.981684)

tests/parity/test_regression.py:1002: AssertionError
___________ test_nns_reg_mode_noise_reduction_matches_r[1-linear-50] ___________
[gw2] linux -- Python 3.11.15 /opt/hostedtoolcache/Python/3.11.15/x64/bin/python

rng = Generator(PCG64) at 0x7F97EE882DC0, size = 50, relationship = 'linear'
order = 1

    @pytest.mark.parity
    @pytest.mark.parametrize("size", SIZES)
    @pytest.mark.parametrize("relationship", MODE_RELATIONSHIPS)
    @pytest.mark.parametrize("order", MODE_ORDERS)
    def test_nns_reg_mode_noise_reduction_matches_r(
        rng: np.random.Generator,
        size: int,
        relationship: str,
        order: int | None,
    ) -> None:
        x, y = _relationship(relationship, size, rng)
    
        expected = _r_nns_reg(x, y, order=order, noise="mode", point_est=None)
        actual = nns_reg(x, y, order=order, noise_reduction="mode")
    
>       _assert_reg_matches(actual, expected)

tests/parity/test_regression.py:220: 
_ _ _ _ _ _ _ _ _ _ _ _ _ _ _ _ _ _ _ _ _ _ _ _ _ _ _ _ _ _ _ _ _ _ _ _ _ _ _ _ 
tests/parity/test_regression.py:938: in _assert_reg_matches
    _assert_scalar_or_empty(actual["R2"], expected["R2"], atol)
_ _ _ _ _ _ _ _ _ _ _ _ _ _ _ _ _ _ _ _ _ _ _ _ _ _ _ _ _ _ _ _ _ _ _ _ _ _ _ _ 

actual = 0.9996938884591999, expected = array(0.99962888), atol = 1e-10

    def _assert_scalar_or_empty(actual: object, expected: object, atol: float) -> None:
        """Compare a scalar metric, treating port ``None`` as R's empty (NULL)."""
        if actual is None:
            assert _array(expected).size == 0
        else:
>           np.testing.assert_allclose(actual, _array(expected), atol=atol)
E           AssertionError: 
E           Not equal to tolerance rtol=1e-07, atol=1e-10
E           
E           Mismatched elements: 1 / 1 (100%)
E           Max absolute difference among violations: 6.50050975e-05
E           Max relative difference among violations: 6.50292309e-05
E            ACTUAL: array(0.999694)
E            DESIRED: array(0.999629)

tests/parity/test_regression.py:1002: AssertionError
_____ test_nns_reg_mean_out_of_range_point_est_matches_r[point_est1-1000] ______
[gw0] linux -- Python 3.11.15 /opt/hostedtoolcache/Python/3.11.15/x64/bin/python

size = 1000, point_est = array([3.])

    @pytest.mark.parity
    @pytest.mark.parametrize("size", SIZES)
    @pytest.mark.parametrize("point_est", MEAN_POINT_EST_CASES)
    def test_nns_reg_mean_out_of_range_point_est_matches_r(
        size: int,
        point_est: np.ndarray,
    ) -> None:
        x = np.linspace(-2.0, 2.0, size)
        y = np.sin(x)
    
        expected = _r_nns_reg(x, y, order=1, noise="mean", point_est=point_est)
        actual = nns_reg(x, y, order=1, noise_reduction="mean", point_est=point_est)
    
>       _assert_reg_matches(actual, expected)

tests/parity/test_regression.py:245: 
_ _ _ _ _ _ _ _ _ _ _ _ _ _ _ _ _ _ _ _ _ _ _ _ _ _ _ _ _ _ _ _ _ _ _ _ _ _ _ _ 
tests/parity/test_regression.py:938: in _assert_reg_matches
    _assert_scalar_or_empty(actual["R2"], expected["R2"], atol)
_ _ _ _ _ _ _ _ _ _ _ _ _ _ _ _ _ _ _ _ _ _ _ _ _ _ _ _ _ _ _ _ _ _ _ _ _ _ _ _ 

actual = 0.9562592870507807, expected = array(0.86833756), atol = 1e-10

    def _assert_scalar_or_empty(actual: object, expected: object, atol: float) -> None:
        """Compare a scalar metric, treating port ``None`` as R's empty (NULL)."""
        if actual is None:
            assert _array(expected).size == 0
        else:
>           np.testing.assert_allclose(actual, _array(expected), atol=atol)
E           AssertionError: 
E           Not equal to tolerance rtol=1e-07, atol=1e-10
E           
E           Mismatched elements: 1 / 1 (100%)
E           Max absolute difference among violations: 0.08792172
E           Max relative difference among violations: 0.10125293
E            ACTUAL: array(0.956259)
E            DESIRED: array(0.868338)

tests/parity/test_regression.py:1002: AssertionError
______ test_nns_reg_confidence_interval_matches_r[None-off-None-0.95-sin] ______
[gw3] linux -- Python 3.11.15 /opt/hostedtoolcache/Python/3.11.15/x64/bin/python

rng = Generator(PCG64) at 0x7F625615AA40, relationship = 'sin'
confidence_interval = 0.95, point_est = None, order = None, noise = 'off'

    @pytest.mark.parity
    @pytest.mark.parametrize("relationship", ["linear", "quadratic", "sin"])
    @pytest.mark.parametrize("confidence_interval", [0.8, 0.95])
    @pytest.mark.parametrize(
        "point_est",
        [
            None,
            np.array([-1.0, 0.0, 1.0]),
            np.array([-3.0, -1.0, 0.0, 2.5]),
        ],
    )
    @pytest.mark.parametrize(("order", "noise"), CI_REGRESSION_CASES)
    def test_nns_reg_confidence_interval_matches_r(
        rng: np.random.Generator,
        relationship: str,
        confidence_interval: float,
        point_est: np.ndarray | None,
        order: int | None,
        noise: str,
    ) -> None:
        x, y = _relationship(relationship, 50, rng)
    
        expected = _r_nns_reg(
            x,
            y,
            order=order,
            noise=noise,
            point_est=point_est,
            confidence_interval=confidence_interval,
        )
        actual = nns_reg(
            x,
            y,
            order=order,
            noise_reduction=cast(NoiseReduction, noise),
            point_est=point_est,
            confidence_interval=confidence_interval,
        )
    
>       _assert_reg_matches(actual, expected)

tests/parity/test_regression.py:582: 
_ _ _ _ _ _ _ _ _ _ _ _ _ _ _ _ _ _ _ _ _ _ _ _ _ _ _ _ _ _ _ _ _ _ _ _ _ _ _ _ 
tests/parity/test_regression.py:938: in _assert_reg_matches
    _assert_scalar_or_empty(actual["R2"], expected["R2"], atol)
_ _ _ _ _ _ _ _ _ _ _ _ _ _ _ _ _ _ _ _ _ _ _ _ _ _ _ _ _ _ _ _ _ _ _ _ _ _ _ _ 

actual = 0.9999007243798149, expected = array(0.99985394), atol = 1e-10

    def _assert_scalar_or_empty(actual: object, expected: object, atol: float) -> None:
        """Compare a scalar metric, treating port ``None`` as R's empty (NULL)."""
        if actual is None:
            assert _array(expected).size == 0
        else:
>           np.testing.assert_allclose(actual, _array(expected), atol=atol)
E           AssertionError: 
E           Not equal to tolerance rtol=1e-07, atol=1e-10
E           
E           Mismatched elements: 1 / 1 (100%)
E           Max absolute difference among violations: 4.67837357e-05
E           Max relative difference among violations: 4.67905699e-05
E            ACTUAL: array(0.999901)
E            DESIRED: array(0.999854)

tests/parity/test_regression.py:1002: AssertionError
__________ test_nns_reg_mode_noise_reduction_matches_r[1-linear-200] ___________
[gw2] linux -- Python 3.11.15 /opt/hostedtoolcache/Python/3.11.15/x64/bin/python

rng = Generator(PCG64) at 0x7F97EE882180, size = 200, relationship = 'linear'
order = 1

    @pytest.mark.parity
    @pytest.mark.parametrize("size", SIZES)
    @pytest.mark.parametrize("relationship", MODE_RELATIONSHIPS)
    @pytest.mark.parametrize("order", MODE_ORDERS)
    def test_nns_reg_mode_noise_reduction_matches_r(
        rng: np.random.Generator,
        size: int,
        relationship: str,
        order: int | None,
    ) -> None:
        x, y = _relationship(relationship, size, rng)
    
        expected = _r_nns_reg(x, y, order=order, noise="mode", point_est=None)
        actual = nns_reg(x, y, order=order, noise_reduction="mode")
    
>       _assert_reg_matches(actual, expected)

tests/parity/test_regression.py:220: 
_ _ _ _ _ _ _ _ _ _ _ _ _ _ _ _ _ _ _ _ _ _ _ _ _ _ _ _ _ _ _ _ _ _ _ _ _ _ _ _ 
tests/parity/test_regression.py:938: in _assert_reg_matches
    _assert_scalar_or_empty(actual["R2"], expected["R2"], atol)
_ _ _ _ _ _ _ _ _ _ _ _ _ _ _ _ _ _ _ _ _ _ _ _ _ _ _ _ _ _ _ _ _ _ _ _ _ _ _ _ 

actual = 0.9695530753517622, expected = array(0.87174416), atol = 1e-10

    def _assert_scalar_or_empty(actual: object, expected: object, atol: float) -> None:
        """Compare a scalar metric, treating port ``None`` as R's empty (NULL)."""
        if actual is None:
            assert _array(expected).size == 0
        else:
>           np.testing.assert_allclose(actual, _array(expected), atol=atol)
E           AssertionError: 
E           Not equal to tolerance rtol=1e-07, atol=1e-10
E           
E           Mismatched elements: 1 / 1 (100%)
E           Max absolute difference among violations: 0.09780891
E           Max relative difference among violations: 0.1121991
E            ACTUAL: array(0.969553)
E            DESIRED: array(0.871744)

tests/parity/test_regression.py:1002: AssertionError
______ test_nns_reg_mean_out_of_range_point_est_matches_r[point_est2-50] _______
[gw0] linux -- Python 3.11.15 /opt/hostedtoolcache/Python/3.11.15/x64/bin/python

size = 50, point_est = array([-3. , -1. ,  0. ,  2.5])

    @pytest.mark.parity
    @pytest.mark.parametrize("size", SIZES)
    @pytest.mark.parametrize("point_est", MEAN_POINT_EST_CASES)
    def test_nns_reg_mean_out_of_range_point_est_matches_r(
        size: int,
        point_est: np.ndarray,
    ) -> None:
        x = np.linspace(-2.0, 2.0, size)
        y = np.sin(x)
    
        expected = _r_nns_reg(x, y, order=1, noise="mean", point_est=point_est)
        actual = nns_reg(x, y, order=1, noise_reduction="mean", point_est=point_est)
    
>       _assert_reg_matches(actual, expected)

tests/parity/test_regression.py:245: 
_ _ _ _ _ _ _ _ _ _ _ _ _ _ _ _ _ _ _ _ _ _ _ _ _ _ _ _ _ _ _ _ _ _ _ _ _ _ _ _ 
tests/parity/test_regression.py:938: in _assert_reg_matches
    _assert_scalar_or_empty(actual["R2"], expected["R2"], atol)
_ _ _ _ _ _ _ _ _ _ _ _ _ _ _ _ _ _ _ _ _ _ _ _ _ _ _ _ _ _ _ _ _ _ _ _ _ _ _ _ 

actual = 0.9523361668629529, expected = array(0.8717489), atol = 1e-10

    def _assert_scalar_or_empty(actual: object, expected: object, atol: float) -> None:
        """Compare a scalar metric, treating port ``None`` as R's empty (NULL)."""
        if actual is None:
            assert _array(expected).size == 0
        else:
>           np.testing.assert_allclose(actual, _array(expected), atol=atol)
E           AssertionError: 
E           Not equal to tolerance rtol=1e-07, atol=1e-10
E           
E           Mismatched elements: 1 / 1 (100%)
E           Max absolute difference among violations: 0.08058727
E           Max relative difference among violations: 0.09244322
E            ACTUAL: array(0.952336)
E            DESIRED: array(0.871749)

tests/parity/test_regression.py:1002: AssertionError
__ test_nns_reg_confidence_interval_matches_r[None-off-point_est1-0.8-linear] __
[gw3] linux -- Python 3.11.15 /opt/hostedtoolcache/Python/3.11.15/x64/bin/python

rng = Generator(PCG64) at 0x7F625615A180, relationship = 'linear'
confidence_interval = 0.8, point_est = array([-1.,  0.,  1.]), order = None
noise = 'off'

    @pytest.mark.parity
    @pytest.mark.parametrize("relationship", ["linear", "quadratic", "sin"])
    @pytest.mark.parametrize("confidence_interval", [0.8, 0.95])
    @pytest.mark.parametrize(
        "point_est",
        [
            None,
            np.array([-1.0, 0.0, 1.0]),
            np.array([-3.0, -1.0, 0.0, 2.5]),
        ],
    )
    @pytest.mark.parametrize(("order", "noise"), CI_REGRESSION_CASES)
    def test_nns_reg_confidence_interval_matches_r(
        rng: np.random.Generator,
        relationship: str,
        confidence_interval: float,
        point_est: np.ndarray | None,
        order: int | None,
        noise: str,
    ) -> None:
        x, y = _relationship(relationship, 50, rng)
    
        expected = _r_nns_reg(
            x,
            y,
            order=order,
            noise=noise,
            point_est=point_est,
            confidence_interval=confidence_interval,
        )
        actual = nns_reg(
            x,
            y,
            order=order,
            noise_reduction=cast(NoiseReduction, noise),
            point_est=point_est,
            confidence_interval=confidence_interval,
        )
    
>       _assert_reg_matches(actual, expected)

tests/parity/test_regression.py:582: 
_ _ _ _ _ _ _ _ _ _ _ _ _ _ _ _ _ _ _ _ _ _ _ _ _ _ _ _ _ _ _ _ _ _ _ _ _ _ _ _ 
tests/parity/test_regression.py:938: in _assert_reg_matches
    _assert_scalar_or_empty(actual["R2"], expected["R2"], atol)
_ _ _ _ _ _ _ _ _ _ _ _ _ _ _ _ _ _ _ _ _ _ _ _ _ _ _ _ _ _ _ _ _ _ _ _ _ _ _ _ 

actual = 0.9998047664418673, expected = array(0.99979195), atol = 1e-10

    def _assert_scalar_or_empty(actual: object, expected: object, atol: float) -> None:
        """Compare a scalar metric, treating port ``None`` as R's empty (NULL)."""
        if actual is None:
            assert _array(expected).size == 0
        else:
>           np.testing.assert_allclose(actual, _array(expected), atol=atol)
E           AssertionError: 
E           Not equal to tolerance rtol=1e-07, atol=1e-10
E           
E           Mismatched elements: 1 / 1 (100%)
E           Max absolute difference among violations: 1.28128482e-05
E           Max relative difference among violations: 1.28155144e-05
E            ACTUAL: array(0.999805)
E            DESIRED: array(0.999792)

tests/parity/test_regression.py:1002: AssertionError
_ test_nns_reg_confidence_interval_matches_r[None-off-point_est1-0.8-quadratic] _
[gw3] linux -- Python 3.11.15 /opt/hostedtoolcache/Python/3.11.15/x64/bin/python

rng = Generator(PCG64) at 0x7F625615A500, relationship = 'quadratic'
confidence_interval = 0.8, point_est = array([-1.,  0.,  1.]), order = None
noise = 'off'

    @pytest.mark.parity
    @pytest.mark.parametrize("relationship", ["linear", "quadratic", "sin"])
    @pytest.mark.parametrize("confidence_interval", [0.8, 0.95])
    @pytest.mark.parametrize(
        "point_est",
        [
            None,
            np.array([-1.0, 0.0, 1.0]),
            np.array([-3.0, -1.0, 0.0, 2.5]),
        ],
    )
    @pytest.mark.parametrize(("order", "noise"), CI_REGRESSION_CASES)
    def test_nns_reg_confidence_interval_matches_r(
        rng: np.random.Generator,
        relationship: str,
        confidence_interval: float,
        point_est: np.ndarray | None,
        order: int | None,
        noise: str,
    ) -> None:
        x, y = _relationship(relationship, 50, rng)
    
        expected = _r_nns_reg(
            x,
            y,
            order=order,
            noise=noise,
            point_est=point_est,
            confidence_interval=confidence_interval,
        )
        actual = nns_reg(
            x,
            y,
            order=order,
            noise_reduction=cast(NoiseReduction, noise),
            point_est=point_est,
            confidence_interval=confidence_interval,
        )
    
>       _assert_reg_matches(actual, expected)

tests/parity/test_regression.py:582: 
_ _ _ _ _ _ _ _ _ _ _ _ _ _ _ _ _ _ _ _ _ _ _ _ _ _ _ _ _ _ _ _ _ _ _ _ _ _ _ _ 
tests/parity/test_regression.py:938: in _assert_reg_matches
    _assert_scalar_or_empty(actual["R2"], expected["R2"], atol)
_ _ _ _ _ _ _ _ _ _ _ _ _ _ _ _ _ _ _ _ _ _ _ _ _ _ _ _ _ _ _ _ _ _ _ _ _ _ _ _ 

actual = 0.9845873500710444, expected = array(0.98168364), atol = 1e-10

    def _assert_scalar_or_empty(actual: object, expected: object, atol: float) -> None:
        """Compare a scalar metric, treating port ``None`` as R's empty (NULL)."""
        if actual is None:
            assert _array(expected).size == 0
        else:
>           np.testing.assert_allclose(actual, _array(expected), atol=atol)
E           AssertionError: 
E           Not equal to tolerance rtol=1e-07, atol=1e-10
E           
E           Mismatched elements: 1 / 1 (100%)
E           Max absolute difference among violations: 0.00290371
E           Max relative difference among violations: 0.00295788
E            ACTUAL: array(0.984587)
E            DESIRED: array(0.981684)

tests/parity/test_regression.py:1002: AssertionError
_________ test_nns_reg_mode_noise_reduction_matches_r[1-quadratic-50] __________
[gw2] linux -- Python 3.11.15 /opt/hostedtoolcache/Python/3.11.15/x64/bin/python

rng = Generator(PCG64) at 0x7F97EE883E60, size = 50, relationship = 'quadratic'
order = 1

    @pytest.mark.parity
    @pytest.mark.parametrize("size", SIZES)
    @pytest.mark.parametrize("relationship", MODE_RELATIONSHIPS)
    @pytest.mark.parametrize("order", MODE_ORDERS)
    def test_nns_reg_mode_noise_reduction_matches_r(
        rng: np.random.Generator,
        size: int,
        relationship: str,
        order: int | None,
    ) -> None:
        x, y = _relationship(relationship, size, rng)
    
        expected = _r_nns_reg(x, y, order=order, noise="mode", point_est=None)
        actual = nns_reg(x, y, order=order, noise_reduction="mode")
    
>       _assert_reg_matches(actual, expected)

tests/parity/test_regression.py:220: 
_ _ _ _ _ _ _ _ _ _ _ _ _ _ _ _ _ _ _ _ _ _ _ _ _ _ _ _ _ _ _ _ _ _ _ _ _ _ _ _ 
tests/parity/test_regression.py:938: in _assert_reg_matches
    _assert_scalar_or_empty(actual["R2"], expected["R2"], atol)
_ _ _ _ _ _ _ _ _ _ _ _ _ _ _ _ _ _ _ _ _ _ _ _ _ _ _ _ _ _ _ _ _ _ _ _ _ _ _ _ 

actual = 0.9378751500600239, expected = array(0.66035068), atol = 1e-10

    def _assert_scalar_or_empty(actual: object, expected: object, atol: float) -> None:
        """Compare a scalar metric, treating port ``None`` as R's empty (NULL)."""
        if actual is None:
            assert _array(expected).size == 0
        else:
>           np.testing.assert_allclose(actual, _array(expected), atol=atol)
E           AssertionError: 
E           Not equal to tolerance rtol=1e-07, atol=1e-10
E           
E           Mismatched elements: 1 / 1 (100%)
E           Max absolute difference among violations: 0.27752447
E           Max relative difference among violations: 0.42026832
E            ACTUAL: array(0.937875)
E            DESIRED: array(0.660351)

tests/parity/test_regression.py:1002: AssertionError
______ test_nns_reg_mean_out_of_range_point_est_matches_r[point_est2-200] ______
[gw0] linux -- Python 3.11.15 /opt/hostedtoolcache/Python/3.11.15/x64/bin/python

size = 200, point_est = array([-3. , -1. ,  0. ,  2.5])

    @pytest.mark.parity
    @pytest.mark.parametrize("size", SIZES)
    @pytest.mark.parametrize("point_est", MEAN_POINT_EST_CASES)
    def test_nns_reg_mean_out_of_range_point_est_matches_r(
        size: int,
        point_est: np.ndarray,
    ) -> None:
        x = np.linspace(-2.0, 2.0, size)
        y = np.sin(x)
    
        expected = _r_nns_reg(x, y, order=1, noise="mean", point_est=point_est)
        actual = nns_reg(x, y, order=1, noise_reduction="mean", point_est=point_est)
    
>       _assert_reg_matches(actual, expected)

tests/parity/test_regression.py:245: 
_ _ _ _ _ _ _ _ _ _ _ _ _ _ _ _ _ _ _ _ _ _ _ _ _ _ _ _ _ _ _ _ _ _ _ _ _ _ _ _ 
tests/parity/test_regression.py:938: in _assert_reg_matches
    _assert_scalar_or_empty(actual["R2"], expected["R2"], atol)
_ _ _ _ _ _ _ _ _ _ _ _ _ _ _ _ _ _ _ _ _ _ _ _ _ _ _ _ _ _ _ _ _ _ _ _ _ _ _ _ 

actual = 0.9554390818885374, expected = array(0.86906653), atol = 1e-10

    def _assert_scalar_or_empty(actual: object, expected: object, atol: float) -> None:
        """Compare a scalar metric, treating port ``None`` as R's empty (NULL)."""
        if actual is None:
            assert _array(expected).size == 0
        else:
>           np.testing.assert_allclose(actual, _array(expected), atol=atol)
E           AssertionError: 
E           Not equal to tolerance rtol=1e-07, atol=1e-10
E           
E           Mismatched elements: 1 / 1 (100%)
E           Max absolute difference among violations: 0.08637255
E           Max relative difference among violations: 0.09938543
E            ACTUAL: array(0.955439)
E            DESIRED: array(0.869067)

tests/parity/test_regression.py:1002: AssertionError
_________ test_nns_reg_mode_noise_reduction_matches_r[1-quadratic-200] _________
[gw2] linux -- Python 3.11.15 /opt/hostedtoolcache/Python/3.11.15/x64/bin/python

rng = Generator(PCG64) at 0x7F97EE869C40, size = 200, relationship = 'quadratic'
order = 1

    @pytest.mark.parity
    @pytest.mark.parametrize("size", SIZES)
    @pytest.mark.parametrize("relationship", MODE_RELATIONSHIPS)
    @pytest.mark.parametrize("order", MODE_ORDERS)
    def test_nns_reg_mode_noise_reduction_matches_r(
        rng: np.random.Generator,
        size: int,
        relationship: str,
        order: int | None,
    ) -> None:
        x, y = _relationship(relationship, size, rng)
    
        expected = _r_nns_reg(x, y, order=order, noise="mode", point_est=None)
        actual = nns_reg(x, y, order=order, noise_reduction="mode")
    
>       _assert_reg_matches(actual, expected)

tests/parity/test_regression.py:220: 
_ _ _ _ _ _ _ _ _ _ _ _ _ _ _ _ _ _ _ _ _ _ _ _ _ _ _ _ _ _ _ _ _ _ _ _ _ _ _ _ 
tests/parity/test_regression.py:938: in _assert_reg_matches
    _assert_scalar_or_empty(actual["R2"], expected["R2"], atol)
_ _ _ _ _ _ _ _ _ _ _ _ _ _ _ _ _ _ _ _ _ _ _ _ _ _ _ _ _ _ _ _ _ _ _ _ _ _ _ _ 

actual = 0.9375234380859523, expected = array(0.634236), atol = 1e-10

    def _assert_scalar_or_empty(actual: object, expected: object, atol: float) -> None:
        """Compare a scalar metric, treating port ``None`` as R's empty (NULL)."""
        if actual is None:
            assert _array(expected).size == 0
        else:
>           np.testing.assert_allclose(actual, _array(expected), atol=atol)
E           AssertionError: 
E           Not equal to tolerance rtol=1e-07, atol=1e-10
E           
E           Mismatched elements: 1 / 1 (100%)
E           Max absolute difference among violations: 0.30328744
E           Max relative difference among violations: 0.47819336
E            ACTUAL: array(0.937523)
E            DESIRED: array(0.634236)

tests/parity/test_regression.py:1002: AssertionError
___ test_nns_reg_confidence_interval_matches_r[None-off-point_est1-0.8-sin] ____
[gw3] linux -- Python 3.11.15 /opt/hostedtoolcache/Python/3.11.15/x64/bin/python

rng = Generator(PCG64) at 0x7F62561590E0, relationship = 'sin'
confidence_interval = 0.8, point_est = array([-1.,  0.,  1.]), order = None
noise = 'off'

    @pytest.mark.parity
    @pytest.mark.parametrize("relationship", ["linear", "quadratic", "sin"])
    @pytest.mark.parametrize("confidence_interval", [0.8, 0.95])
    @pytest.mark.parametrize(
        "point_est",
        [
            None,
            np.array([-1.0, 0.0, 1.0]),
            np.array([-3.0, -1.0, 0.0, 2.5]),
        ],
    )
    @pytest.mark.parametrize(("order", "noise"), CI_REGRESSION_CASES)
    def test_nns_reg_confidence_interval_matches_r(
        rng: np.random.Generator,
        relationship: str,
        confidence_interval: float,
        point_est: np.ndarray | None,
        order: int | None,
        noise: str,
    ) -> None:
        x, y = _relationship(relationship, 50, rng)
    
        expected = _r_nns_reg(
            x,
            y,
            order=order,
            noise=noise,
            point_est=point_est,
            confidence_interval=confidence_interval,
        )
        actual = nns_reg(
            x,
            y,
            order=order,
            noise_reduction=cast(NoiseReduction, noise),
            point_est=point_est,
            confidence_interval=confidence_interval,
        )
    
>       _assert_reg_matches(actual, expected)

tests/parity/test_regression.py:582: 
_ _ _ _ _ _ _ _ _ _ _ _ _ _ _ _ _ _ _ _ _ _ _ _ _ _ _ _ _ _ _ _ _ _ _ _ _ _ _ _ 
tests/parity/test_regression.py:938: in _assert_reg_matches
    _assert_scalar_or_empty(actual["R2"], expected["R2"], atol)
_ _ _ _ _ _ _ _ _ _ _ _ _ _ _ _ _ _ _ _ _ _ _ _ _ _ _ _ _ _ _ _ _ _ _ _ _ _ _ _ 

actual = 0.9999007243798149, expected = array(0.99985394), atol = 1e-10

    def _assert_scalar_or_empty(actual: object, expected: object, atol: float) -> None:
        """Compare a scalar metric, treating port ``None`` as R's empty (NULL)."""
        if actual is None:
            assert _array(expected).size == 0
        else:
>           np.testing.assert_allclose(actual, _array(expected), atol=atol)
E           AssertionError: 
E           Not equal to tolerance rtol=1e-07, atol=1e-10
E           
E           Mismatched elements: 1 / 1 (100%)
E           Max absolute difference among violations: 4.67837357e-05
E           Max relative difference among violations: 4.67905699e-05
E            ACTUAL: array(0.999901)
E            DESIRED: array(0.999854)

tests/parity/test_regression.py:1002: AssertionError
_ test_nns_reg_confidence_interval_matches_r[None-off-point_est1-0.95-linear] __
[gw3] linux -- Python 3.11.15 /opt/hostedtoolcache/Python/3.11.15/x64/bin/python

rng = Generator(PCG64) at 0x7F62561589E0, relationship = 'linear'
confidence_interval = 0.95, point_est = array([-1.,  0.,  1.]), order = None
noise = 'off'

    @pytest.mark.parity
    @pytest.mark.parametrize("relationship", ["linear", "quadratic", "sin"])
    @pytest.mark.parametrize("confidence_interval", [0.8, 0.95])
    @pytest.mark.parametrize(
        "point_est",
        [
            None,
            np.array([-1.0, 0.0, 1.0]),
            np.array([-3.0, -1.0, 0.0, 2.5]),
        ],
    )
    @pytest.mark.parametrize(("order", "noise"), CI_REGRESSION_CASES)
    def test_nns_reg_confidence_interval_matches_r(
        rng: np.random.Generator,
        relationship: str,
        confidence_interval: float,
        point_est: np.ndarray | None,
        order: int | None,
        noise: str,
    ) -> None:
        x, y = _relationship(relationship, 50, rng)
    
        expected = _r_nns_reg(
            x,
            y,
            order=order,
            noise=noise,
            point_est=point_est,
            confidence_interval=confidence_interval,
        )
        actual = nns_reg(
            x,
            y,
            order=order,
            noise_reduction=cast(NoiseReduction, noise),
            point_est=point_est,
            confidence_interval=confidence_interval,
        )
    
>       _assert_reg_matches(actual, expected)

tests/parity/test_regression.py:582: 
_ _ _ _ _ _ _ _ _ _ _ _ _ _ _ _ _ _ _ _ _ _ _ _ _ _ _ _ _ _ _ _ _ _ _ _ _ _ _ _ 
tests/parity/test_regression.py:938: in _assert_reg_matches
    _assert_scalar_or_empty(actual["R2"], expected["R2"], atol)
_ _ _ _ _ _ _ _ _ _ _ _ _ _ _ _ _ _ _ _ _ _ _ _ _ _ _ _ _ _ _ _ _ _ _ _ _ _ _ _ 

actual = 0.9998047664418673, expected = array(0.99979195), atol = 1e-10

    def _assert_scalar_or_empty(actual: object, expected: object, atol: float) -> None:
        """Compare a scalar metric, treating port ``None`` as R's empty (NULL)."""
        if actual is None:
            assert _array(expected).size == 0
        else:
>           np.testing.assert_allclose(actual, _array(expected), atol=atol)
E           AssertionError: 
E           Not equal to tolerance rtol=1e-07, atol=1e-10
E           
E           Mismatched elements: 1 / 1 (100%)
E           Max absolute difference among violations: 1.28128482e-05
E           Max relative difference among violations: 1.28155144e-05
E            ACTUAL: array(0.999805)
E            DESIRED: array(0.999792)

tests/parity/test_regression.py:1002: AssertionError
________ test_nns_reg_mode_noise_reduction_matches_r[1-quadratic-1000] _________
[gw2] linux -- Python 3.11.15 /opt/hostedtoolcache/Python/3.11.15/x64/bin/python

rng = Generator(PCG64) at 0x7F97EE738740, size = 1000
relationship = 'quadratic', order = 1

    @pytest.mark.parity
    @pytest.mark.parametrize("size", SIZES)
    @pytest.mark.parametrize("relationship", MODE_RELATIONSHIPS)
    @pytest.mark.parametrize("order", MODE_ORDERS)
    def test_nns_reg_mode_noise_reduction_matches_r(
        rng: np.random.Generator,
        size: int,
        relationship: str,
        order: int | None,
    ) -> None:
        x, y = _relationship(relationship, size, rng)
    
        expected = _r_nns_reg(x, y, order=order, noise="mode", point_est=None)
        actual = nns_reg(x, y, order=order, noise_reduction="mode")
    
>       _assert_reg_matches(actual, expected)

tests/parity/test_regression.py:220: 
_ _ _ _ _ _ _ _ _ _ _ _ _ _ _ _ _ _ _ _ _ _ _ _ _ _ _ _ _ _ _ _ _ _ _ _ _ _ _ _ 
tests/parity/test_regression.py:938: in _assert_reg_matches
    _assert_scalar_or_empty(actual["R2"], expected["R2"], atol)
_ _ _ _ _ _ _ _ _ _ _ _ _ _ _ _ _ _ _ _ _ _ _ _ _ _ _ _ _ _ _ _ _ _ _ _ _ _ _ _ 

actual = 0.9375009375009372, expected = array(0.62686939), atol = 1e-10

    def _assert_scalar_or_empty(actual: object, expected: object, atol: float) -> None:
        """Compare a scalar metric, treating port ``None`` as R's empty (NULL)."""
        if actual is None:
            assert _array(expected).size == 0
        else:
>           np.testing.assert_allclose(actual, _array(expected), atol=atol)
E           AssertionError: 
E           Not equal to tolerance rtol=1e-07, atol=1e-10
E           
E           Mismatched elements: 1 / 1 (100%)
E           Max absolute difference among violations: 0.31063155
E           Max relative difference among violations: 0.49552834
E            ACTUAL: array(0.937501)
E            DESIRED: array(0.626869)

tests/parity/test_regression.py:1002: AssertionError
_ test_nns_reg_confidence_interval_matches_r[None-off-point_est1-0.95-quadratic] _
[gw3] linux -- Python 3.11.15 /opt/hostedtoolcache/Python/3.11.15/x64/bin/python

rng = Generator(PCG64) at 0x7F6256158740, relationship = 'quadratic'
confidence_interval = 0.95, point_est = array([-1.,  0.,  1.]), order = None
noise = 'off'

    @pytest.mark.parity
    @pytest.mark.parametrize("relationship", ["linear", "quadratic", "sin"])
    @pytest.mark.parametrize("confidence_interval", [0.8, 0.95])
    @pytest.mark.parametrize(
        "point_est",
        [
            None,
            np.array([-1.0, 0.0, 1.0]),
            np.array([-3.0, -1.0, 0.0, 2.5]),
        ],
    )
    @pytest.mark.parametrize(("order", "noise"), CI_REGRESSION_CASES)
    def test_nns_reg_confidence_interval_matches_r(
        rng: np.random.Generator,
        relationship: str,
        confidence_interval: float,
        point_est: np.ndarray | None,
        order: int | None,
        noise: str,
    ) -> None:
        x, y = _relationship(relationship, 50, rng)
    
        expected = _r_nns_reg(
            x,
            y,
            order=order,
            noise=noise,
            point_est=point_est,
            confidence_interval=confidence_interval,
        )
        actual = nns_reg(
            x,
            y,
            order=order,
            noise_reduction=cast(NoiseReduction, noise),
            point_est=point_est,
            confidence_interval=confidence_interval,
        )
    
>       _assert_reg_matches(actual, expected)

tests/parity/test_regression.py:582: 
_ _ _ _ _ _ _ _ _ _ _ _ _ _ _ _ _ _ _ _ _ _ _ _ _ _ _ _ _ _ _ _ _ _ _ _ _ _ _ _ 
tests/parity/test_regression.py:938: in _assert_reg_matches
    _assert_scalar_or_empty(actual["R2"], expected["R2"], atol)
_ _ _ _ _ _ _ _ _ _ _ _ _ _ _ _ _ _ _ _ _ _ _ _ _ _ _ _ _ _ _ _ _ _ _ _ _ _ _ _ 

actual = 0.9845873500710444, expected = array(0.98168364), atol = 1e-10

    def _assert_scalar_or_empty(actual: object, expected: object, atol: float) -> None:
        """Compare a scalar metric, treating port ``None`` as R's empty (NULL)."""
        if actual is None:
            assert _array(expected).size == 0
        else:
>           np.testing.assert_allclose(actual, _array(expected), atol=atol)
E           AssertionError: 
E           Not equal to tolerance rtol=1e-07, atol=1e-10
E           
E           Mismatched elements: 1 / 1 (100%)
E           Max absolute difference among violations: 0.00290371
E           Max relative difference among violations: 0.00295788
E            ACTUAL: array(0.984587)
E            DESIRED: array(0.981684)

tests/parity/test_regression.py:1002: AssertionError
____________ test_nns_reg_mode_noise_reduction_matches_r[1-sin-50] _____________
[gw2] linux -- Python 3.11.15 /opt/hostedtoolcache/Python/3.11.15/x64/bin/python

rng = Generator(PCG64) at 0x7F97EE738C80, size = 50, relationship = 'sin'
order = 1

    @pytest.mark.parity
    @pytest.mark.parametrize("size", SIZES)
    @pytest.mark.parametrize("relationship", MODE_RELATIONSHIPS)
    @pytest.mark.parametrize("order", MODE_ORDERS)
    def test_nns_reg_mode_noise_reduction_matches_r(
        rng: np.random.Generator,
        size: int,
        relationship: str,
        order: int | None,
    ) -> None:
        x, y = _relationship(relationship, size, rng)
    
        expected = _r_nns_reg(x, y, order=order, noise="mode", point_est=None)
        actual = nns_reg(x, y, order=order, noise_reduction="mode")
    
>       _assert_reg_matches(actual, expected)

tests/parity/test_regression.py:220: 
_ _ _ _ _ _ _ _ _ _ _ _ _ _ _ _ _ _ _ _ _ _ _ _ _ _ _ _ _ _ _ _ _ _ _ _ _ _ _ _ 
tests/parity/test_regression.py:938: in _assert_reg_matches
    _assert_scalar_or_empty(actual["R2"], expected["R2"], atol)
_ _ _ _ _ _ _ _ _ _ _ _ _ _ _ _ _ _ _ _ _ _ _ _ _ _ _ _ _ _ _ _ _ _ _ _ _ _ _ _ 

actual = 0.9523361668629529, expected = array(0.8717489), atol = 1e-10

    def _assert_scalar_or_empty(actual: object, expected: object, atol: float) -> None:
        """Compare a scalar metric, treating port ``None`` as R's empty (NULL)."""
        if actual is None:
            assert _array(expected).size == 0
        else:
>           np.testing.assert_allclose(actual, _array(expected), atol=atol)
E           AssertionError: 
E           Not equal to tolerance rtol=1e-07, atol=1e-10
E           
E           Mismatched elements: 1 / 1 (100%)
E           Max absolute difference among violations: 0.08058727
E           Max relative difference among violations: 0.09244322
E            ACTUAL: array(0.952336)
E            DESIRED: array(0.871749)

tests/parity/test_regression.py:1002: AssertionError
_____ test_nns_reg_mean_out_of_range_point_est_matches_r[point_est2-1000] ______
[gw0] linux -- Python 3.11.15 /opt/hostedtoolcache/Python/3.11.15/x64/bin/python

size = 1000, point_est = array([-3. , -1. ,  0. ,  2.5])

    @pytest.mark.parity
    @pytest.mark.parametrize("size", SIZES)
    @pytest.mark.parametrize("point_est", MEAN_POINT_EST_CASES)
    def test_nns_reg_mean_out_of_range_point_est_matches_r(
        size: int,
        point_est: np.ndarray,
    ) -> None:
        x = np.linspace(-2.0, 2.0, size)
        y = np.sin(x)
    
        expected = _r_nns_reg(x, y, order=1, noise="mean", point_est=point_est)
        actual = nns_reg(x, y, order=1, noise_reduction="mean", point_est=point_est)
    
>       _assert_reg_matches(actual, expected)

tests/parity/test_regression.py:245: 
_ _ _ _ _ _ _ _ _ _ _ _ _ _ _ _ _ _ _ _ _ _ _ _ _ _ _ _ _ _ _ _ _ _ _ _ _ _ _ _ 
tests/parity/test_regression.py:938: in _assert_reg_matches
    _assert_scalar_or_empty(actual["R2"], expected["R2"], atol)
_ _ _ _ _ _ _ _ _ _ _ _ _ _ _ _ _ _ _ _ _ _ _ _ _ _ _ _ _ _ _ _ _ _ _ _ _ _ _ _ 

actual = 0.9562592870507807, expected = array(0.86833756), atol = 1e-10

    def _assert_scalar_or_empty(actual: object, expected: object, atol: float) -> None:
        """Compare a scalar metric, treating port ``None`` as R's empty (NULL)."""
        if actual is None:
            assert _array(expected).size == 0
        else:
>           np.testing.assert_allclose(actual, _array(expected), atol=atol)
E           AssertionError: 
E           Not equal to tolerance rtol=1e-07, atol=1e-10
E           
E           Mismatched elements: 1 / 1 (100%)
E           Max absolute difference among violations: 0.08792172
E           Max relative difference among violations: 0.10125293
E            ACTUAL: array(0.956259)
E            DESIRED: array(0.868338)

tests/parity/test_regression.py:1002: AssertionError
____________ test_nns_reg_mode_noise_reduction_matches_r[1-sin-200] ____________
[gw2] linux -- Python 3.11.15 /opt/hostedtoolcache/Python/3.11.15/x64/bin/python

rng = Generator(PCG64) at 0x7F97EE739000, size = 200, relationship = 'sin'
order = 1

    @pytest.mark.parity
    @pytest.mark.parametrize("size", SIZES)
    @pytest.mark.parametrize("relationship", MODE_RELATIONSHIPS)
    @pytest.mark.parametrize("order", MODE_ORDERS)
    def test_nns_reg_mode_noise_reduction_matches_r(
        rng: np.random.Generator,
        size: int,
        relationship: str,
        order: int | None,
    ) -> None:
        x, y = _relationship(relationship, size, rng)
    
        expected = _r_nns_reg(x, y, order=order, noise="mode", point_est=None)
        actual = nns_reg(x, y, order=order, noise_reduction="mode")
    
>       _assert_reg_matches(actual, expected)

tests/parity/test_regression.py:220: 
_ _ _ _ _ _ _ _ _ _ _ _ _ _ _ _ _ _ _ _ _ _ _ _ _ _ _ _ _ _ _ _ _ _ _ _ _ _ _ _ 
tests/parity/test_regression.py:938: in _assert_reg_matches
    _assert_scalar_or_empty(actual["R2"], expected["R2"], atol)
_ _ _ _ _ _ _ _ _ _ _ _ _ _ _ _ _ _ _ _ _ _ _ _ _ _ _ _ _ _ _ _ _ _ _ _ _ _ _ _ 

actual = 0.9554390818885374, expected = array(0.86906653), atol = 1e-10

    def _assert_scalar_or_empty(actual: object, expected: object, atol: float) -> None:
        """Compare a scalar metric, treating port ``None`` as R's empty (NULL)."""
        if actual is None:
            assert _array(expected).size == 0
        else:
>           np.testing.assert_allclose(actual, _array(expected), atol=atol)
E           AssertionError: 
E           Not equal to tolerance rtol=1e-07, atol=1e-10
E           
E           Mismatched elements: 1 / 1 (100%)
E           Max absolute difference among violations: 0.08637255
E           Max relative difference among violations: 0.09938543
E            ACTUAL: array(0.955439)
E            DESIRED: array(0.869067)

tests/parity/test_regression.py:1002: AssertionError
_____________________ test_nns_reg_dim_red_matches_r[cor] ______________________
[gw0] linux -- Python 3.11.15 /opt/hostedtoolcache/Python/3.11.15/x64/bin/python

method = 'cor'

    @pytest.mark.parity
    @pytest.mark.parametrize("method", DIM_RED_METHODS)
    def test_nns_reg_dim_red_matches_r(method: str | list[float]) -> None:
        x1 = np.linspace(-2.0, 2.0, 50)
        x = np.column_stack((x1, np.sin(x1), np.cos(x1)))
        y = x[:, 0] + x[:, 1] + 0.25 * x[:, 2]
        point_est = np.array([[0.0, 0.0, 1.0], [3.0, 0.0, 1.0]])
    
        expected = _r_nns_reg_dimred(
            x,
            y,
            order=2,
            dim_red_method=method,
            threshold=0.0,
            point_est=point_est,
            point_only=False,
        )
        actual = nns_reg(
            x,
            y,
            order=2,
            dim_red_method=method,
            point_est=point_est,
        )
    
        tolerance = 5e-2 if method == "NNS.caus" else COMPOUND
>       _assert_reg_matches(actual, expected, check_dimred=True, atol=tolerance)

tests/parity/test_regression.py:274: 
_ _ _ _ _ _ _ _ _ _ _ _ _ _ _ _ _ _ _ _ _ _ _ _ _ _ _ _ _ _ _ _ _ _ _ _ _ _ _ _ 
tests/parity/test_regression.py:938: in _assert_reg_matches
    _assert_scalar_or_empty(actual["R2"], expected["R2"], atol)
_ _ _ _ _ _ _ _ _ _ _ _ _ _ _ _ _ _ _ _ _ _ _ _ _ _ _ _ _ _ _ _ _ _ _ _ _ _ _ _ 

actual = 0.9989870109284172, expected = array(0.99613621), atol = 1e-10

    def _assert_scalar_or_empty(actual: object, expected: object, atol: float) -> None:
        """Compare a scalar metric, treating port ``None`` as R's empty (NULL)."""
        if actual is None:
            assert _array(expected).size == 0
        else:
>           np.testing.assert_allclose(actual, _array(expected), atol=atol)
E           AssertionError: 
E           Not equal to tolerance rtol=1e-07, atol=1e-10
E           
E           Mismatched elements: 1 / 1 (100%)
E           Max absolute difference among violations: 0.0028508
E           Max relative difference among violations: 0.00286185
E            ACTUAL: array(0.998987)
E            DESIRED: array(0.996136)

tests/parity/test_regression.py:1002: AssertionError
___________ test_nns_reg_mode_noise_reduction_matches_r[1-sin-1000] ____________
[gw2] linux -- Python 3.11.15 /opt/hostedtoolcache/Python/3.11.15/x64/bin/python

rng = Generator(PCG64) at 0x7F97EE73B060, size = 1000, relationship = 'sin'
order = 1

    @pytest.mark.parity
    @pytest.mark.parametrize("size", SIZES)
    @pytest.mark.parametrize("relationship", MODE_RELATIONSHIPS)
    @pytest.mark.parametrize("order", MODE_ORDERS)
    def test_nns_reg_mode_noise_reduction_matches_r(
        rng: np.random.Generator,
        size: int,
        relationship: str,
        order: int | None,
    ) -> None:
        x, y = _relationship(relationship, size, rng)
    
        expected = _r_nns_reg(x, y, order=order, noise="mode", point_est=None)
        actual = nns_reg(x, y, order=order, noise_reduction="mode")
    
>       _assert_reg_matches(actual, expected)

tests/parity/test_regression.py:220: 
_ _ _ _ _ _ _ _ _ _ _ _ _ _ _ _ _ _ _ _ _ _ _ _ _ _ _ _ _ _ _ _ _ _ _ _ _ _ _ _ 
tests/parity/test_regression.py:938: in _assert_reg_matches
    _assert_scalar_or_empty(actual["R2"], expected["R2"], atol)
_ _ _ _ _ _ _ _ _ _ _ _ _ _ _ _ _ _ _ _ _ _ _ _ _ _ _ _ _ _ _ _ _ _ _ _ _ _ _ _ 

actual = 0.9562592870507807, expected = array(0.86833756), atol = 1e-10

    def _assert_scalar_or_empty(actual: object, expected: object, atol: float) -> None:
        """Compare a scalar metric, treating port ``None`` as R's empty (NULL)."""
        if actual is None:
            assert _array(expected).size == 0
        else:
>           np.testing.assert_allclose(actual, _array(expected), atol=atol)
E           AssertionError: 
E           Not equal to tolerance rtol=1e-07, atol=1e-10
E           
E           Mismatched elements: 1 / 1 (100%)
E           Max absolute difference among violations: 0.08792172
E           Max relative difference among violations: 0.10125293
E            ACTUAL: array(0.956259)
E            DESIRED: array(0.868338)

tests/parity/test_regression.py:1002: AssertionError
___________________ test_nns_reg_dim_red_matches_r[NNS.dep] ____________________
[gw0] linux -- Python 3.11.15 /opt/hostedtoolcache/Python/3.11.15/x64/bin/python

method = 'NNS.dep'

    @pytest.mark.parity
    @pytest.mark.parametrize("method", DIM_RED_METHODS)
    def test_nns_reg_dim_red_matches_r(method: str | list[float]) -> None:
        x1 = np.linspace(-2.0, 2.0, 50)
        x = np.column_stack((x1, np.sin(x1), np.cos(x1)))
        y = x[:, 0] + x[:, 1] + 0.25 * x[:, 2]
        point_est = np.array([[0.0, 0.0, 1.0], [3.0, 0.0, 1.0]])
    
        expected = _r_nns_reg_dimred(
            x,
            y,
            order=2,
            dim_red_method=method,
            threshold=0.0,
            point_est=point_est,
            point_only=False,
        )
        actual = nns_reg(
            x,
            y,
            order=2,
            dim_red_method=method,
            point_est=point_est,
        )
    
        tolerance = 5e-2 if method == "NNS.caus" else COMPOUND
>       _assert_reg_matches(actual, expected, check_dimred=True, atol=tolerance)

tests/parity/test_regression.py:274: 
_ _ _ _ _ _ _ _ _ _ _ _ _ _ _ _ _ _ _ _ _ _ _ _ _ _ _ _ _ _ _ _ _ _ _ _ _ _ _ _ 
tests/parity/test_regression.py:938: in _assert_reg_matches
    _assert_scalar_or_empty(actual["R2"], expected["R2"], atol)
_ _ _ _ _ _ _ _ _ _ _ _ _ _ _ _ _ _ _ _ _ _ _ _ _ _ _ _ _ _ _ _ _ _ _ _ _ _ _ _ 

actual = 0.9847892019829718, expected = array(0.97809834), atol = 1e-10

    def _assert_scalar_or_empty(actual: object, expected: object, atol: float) -> None:
        """Compare a scalar metric, treating port ``None`` as R's empty (NULL)."""
        if actual is None:
            assert _array(expected).size == 0
        else:
>           np.testing.assert_allclose(actual, _array(expected), atol=atol)
E           AssertionError: 
E           Not equal to tolerance rtol=1e-07, atol=1e-10
E           
E           Mismatched elements: 1 / 1 (100%)
E           Max absolute difference among violations: 0.00669086
E           Max relative difference among violations: 0.00684069
E            ACTUAL: array(0.984789)
E            DESIRED: array(0.978098)

tests/parity/test_regression.py:1002: AssertionError
___ test_nns_reg_confidence_interval_matches_r[None-off-point_est1-0.95-sin] ___
[gw3] linux -- Python 3.11.15 /opt/hostedtoolcache/Python/3.11.15/x64/bin/python

rng = Generator(PCG64) at 0x7F6256158820, relationship = 'sin'
confidence_interval = 0.95, point_est = array([-1.,  0.,  1.]), order = None
noise = 'off'

    @pytest.mark.parity
    @pytest.mark.parametrize("relationship", ["linear", "quadratic", "sin"])
    @pytest.mark.parametrize("confidence_interval", [0.8, 0.95])
    @pytest.mark.parametrize(
        "point_est",
        [
            None,
            np.array([-1.0, 0.0, 1.0]),
            np.array([-3.0, -1.0, 0.0, 2.5]),
        ],
    )
    @pytest.mark.parametrize(("order", "noise"), CI_REGRESSION_CASES)
    def test_nns_reg_confidence_interval_matches_r(
        rng: np.random.Generator,
        relationship: str,
        confidence_interval: float,
        point_est: np.ndarray | None,
        order: int | None,
        noise: str,
    ) -> None:
        x, y = _relationship(relationship, 50, rng)
    
        expected = _r_nns_reg(
            x,
            y,
            order=order,
            noise=noise,
            point_est=point_est,
            confidence_interval=confidence_interval,
        )
        actual = nns_reg(
            x,
            y,
            order=order,
            noise_reduction=cast(NoiseReduction, noise),
            point_est=point_est,
            confidence_interval=confidence_interval,
        )
    
>       _assert_reg_matches(actual, expected)

tests/parity/test_regression.py:582: 
_ _ _ _ _ _ _ _ _ _ _ _ _ _ _ _ _ _ _ _ _ _ _ _ _ _ _ _ _ _ _ _ _ _ _ _ _ _ _ _ 
tests/parity/test_regression.py:938: in _assert_reg_matches
    _assert_scalar_or_empty(actual["R2"], expected["R2"], atol)
_ _ _ _ _ _ _ _ _ _ _ _ _ _ _ _ _ _ _ _ _ _ _ _ _ _ _ _ _ _ _ _ _ _ _ _ _ _ _ _ 

actual = 0.9999007243798149, expected = array(0.99985394), atol = 1e-10

    def _assert_scalar_or_empty(actual: object, expected: object, atol: float) -> None:
        """Compare a scalar metric, treating port ``None`` as R's empty (NULL)."""
        if actual is None:
            assert _array(expected).size == 0
        else:
>           np.testing.assert_allclose(actual, _array(expected), atol=atol)
E           AssertionError: 
E           Not equal to tolerance rtol=1e-07, atol=1e-10
E           
E           Mismatched elements: 1 / 1 (100%)
E           Max absolute difference among violations: 4.67837357e-05
E           Max relative difference among violations: 4.67905699e-05
E            ACTUAL: array(0.999901)
E            DESIRED: array(0.999854)

tests/parity/test_regression.py:1002: AssertionError
__ test_nns_reg_confidence_interval_matches_r[None-off-point_est2-0.8-linear] __
[gw3] linux -- Python 3.11.15 /opt/hostedtoolcache/Python/3.11.15/x64/bin/python

rng = Generator(PCG64) at 0x7F62560CB4C0, relationship = 'linear'
confidence_interval = 0.8, point_est = array([-3. , -1. ,  0. ,  2.5])
order = None, noise = 'off'

    @pytest.mark.parity
    @pytest.mark.parametrize("relationship", ["linear", "quadratic", "sin"])
    @pytest.mark.parametrize("confidence_interval", [0.8, 0.95])
    @pytest.mark.parametrize(
        "point_est",
        [
            None,
            np.array([-1.0, 0.0, 1.0]),
            np.array([-3.0, -1.0, 0.0, 2.5]),
        ],
    )
    @pytest.mark.parametrize(("order", "noise"), CI_REGRESSION_CASES)
    def test_nns_reg_confidence_interval_matches_r(
        rng: np.random.Generator,
        relationship: str,
        confidence_interval: float,
        point_est: np.ndarray | None,
        order: int | None,
        noise: str,
    ) -> None:
        x, y = _relationship(relationship, 50, rng)
    
        expected = _r_nns_reg(
            x,
            y,
            order=order,
            noise=noise,
            point_est=point_est,
            confidence_interval=confidence_interval,
        )
        actual = nns_reg(
            x,
            y,
            order=order,
            noise_reduction=cast(NoiseReduction, noise),
            point_est=point_est,
            confidence_interval=confidence_interval,
        )
    
>       _assert_reg_matches(actual, expected)

tests/parity/test_regression.py:582: 
_ _ _ _ _ _ _ _ _ _ _ _ _ _ _ _ _ _ _ _ _ _ _ _ _ _ _ _ _ _ _ _ _ _ _ _ _ _ _ _ 
tests/parity/test_regression.py:938: in _assert_reg_matches
    _assert_scalar_or_empty(actual["R2"], expected["R2"], atol)
_ _ _ _ _ _ _ _ _ _ _ _ _ _ _ _ _ _ _ _ _ _ _ _ _ _ _ _ _ _ _ _ _ _ _ _ _ _ _ _ 

actual = 0.9998047664418673, expected = array(0.99979195), atol = 1e-10

    def _assert_scalar_or_empty(actual: object, expected: object, atol: float) -> None:
        """Compare a scalar metric, treating port ``None`` as R's empty (NULL)."""
        if actual is None:
            assert _array(expected).size == 0
        else:
>           np.testing.assert_allclose(actual, _array(expected), atol=atol)
E           AssertionError: 
E           Not equal to tolerance rtol=1e-07, atol=1e-10
E           
E           Mismatched elements: 1 / 1 (100%)
E           Max absolute difference among violations: 1.28128482e-05
E           Max relative difference among violations: 1.28155144e-05
E            ACTUAL: array(0.999805)
E            DESIRED: array(0.999792)

tests/parity/test_regression.py:1002: AssertionError
_____________________ test_nns_reg_dim_red_matches_r[all] ______________________
[gw0] linux -- Python 3.11.15 /opt/hostedtoolcache/Python/3.11.15/x64/bin/python

method = 'all'

    @pytest.mark.parity
    @pytest.mark.parametrize("method", DIM_RED_METHODS)
    def test_nns_reg_dim_red_matches_r(method: str | list[float]) -> None:
        x1 = np.linspace(-2.0, 2.0, 50)
        x = np.column_stack((x1, np.sin(x1), np.cos(x1)))
        y = x[:, 0] + x[:, 1] + 0.25 * x[:, 2]
        point_est = np.array([[0.0, 0.0, 1.0], [3.0, 0.0, 1.0]])
    
        expected = _r_nns_reg_dimred(
            x,
            y,
            order=2,
            dim_red_method=method,
            threshold=0.0,
            point_est=point_est,
            point_only=False,
        )
        actual = nns_reg(
            x,
            y,
            order=2,
            dim_red_method=method,
            point_est=point_est,
        )
    
        tolerance = 5e-2 if method == "NNS.caus" else COMPOUND
>       _assert_reg_matches(actual, expected, check_dimred=True, atol=tolerance)

tests/parity/test_regression.py:274: 
_ _ _ _ _ _ _ _ _ _ _ _ _ _ _ _ _ _ _ _ _ _ _ _ _ _ _ _ _ _ _ _ _ _ _ _ _ _ _ _ 
tests/parity/test_regression.py:938: in _assert_reg_matches
    _assert_scalar_or_empty(actual["R2"], expected["R2"], atol)
_ _ _ _ _ _ _ _ _ _ _ _ _ _ _ _ _ _ _ _ _ _ _ _ _ _ _ _ _ _ _ _ _ _ _ _ _ _ _ _ 

actual = 0.9828877365236797, expected = array(0.9778077), atol = 1e-10

    def _assert_scalar_or_empty(actual: object, expected: object, atol: float) -> None:
        """Compare a scalar metric, treating port ``None`` as R's empty (NULL)."""
        if actual is None:
            assert _array(expected).size == 0
        else:
>           np.testing.assert_allclose(actual, _array(expected), atol=atol)
E           AssertionError: 
E           Not equal to tolerance rtol=1e-07, atol=1e-10
E           
E           Mismatched elements: 1 / 1 (100%)
E           Max absolute difference among violations: 0.00508004
E           Max relative difference among violations: 0.00519534
E            ACTUAL: array(0.982888)
E            DESIRED: array(0.977808)

tests/parity/test_regression.py:1002: AssertionError
_ test_nns_reg_confidence_interval_matches_r[None-off-point_est2-0.8-quadratic] _
[gw3] linux -- Python 3.11.15 /opt/hostedtoolcache/Python/3.11.15/x64/bin/python

rng = Generator(PCG64) at 0x7F62560CB760, relationship = 'quadratic'
confidence_interval = 0.8, point_est = array([-3. , -1. ,  0. ,  2.5])
order = None, noise = 'off'

    @pytest.mark.parity
    @pytest.mark.parametrize("relationship", ["linear", "quadratic", "sin"])
    @pytest.mark.parametrize("confidence_interval", [0.8, 0.95])
    @pytest.mark.parametrize(
        "point_est",
        [
            None,
            np.array([-1.0, 0.0, 1.0]),
            np.array([-3.0, -1.0, 0.0, 2.5]),
        ],
    )
    @pytest.mark.parametrize(("order", "noise"), CI_REGRESSION_CASES)
    def test_nns_reg_confidence_interval_matches_r(
        rng: np.random.Generator,
        relationship: str,
        confidence_interval: float,
        point_est: np.ndarray | None,
        order: int | None,
        noise: str,
    ) -> None:
        x, y = _relationship(relationship, 50, rng)
    
        expected = _r_nns_reg(
            x,
            y,
            order=order,
            noise=noise,
            point_est=point_est,
            confidence_interval=confidence_interval,
        )
        actual = nns_reg(
            x,
            y,
            order=order,
            noise_reduction=cast(NoiseReduction, noise),
            point_est=point_est,
            confidence_interval=confidence_interval,
        )
    
>       _assert_reg_matches(actual, expected)

tests/parity/test_regression.py:582: 
_ _ _ _ _ _ _ _ _ _ _ _ _ _ _ _ _ _ _ _ _ _ _ _ _ _ _ _ _ _ _ _ _ _ _ _ _ _ _ _ 
tests/parity/test_regression.py:938: in _assert_reg_matches
    _assert_scalar_or_empty(actual["R2"], expected["R2"], atol)
_ _ _ _ _ _ _ _ _ _ _ _ _ _ _ _ _ _ _ _ _ _ _ _ _ _ _ _ _ _ _ _ _ _ _ _ _ _ _ _ 

actual = 0.9845873500710444, expected = array(0.98168364), atol = 1e-10

    def _assert_scalar_or_empty(actual: object, expected: object, atol: float) -> None:
        """Compare a scalar metric, treating port ``None`` as R's empty (NULL)."""
        if actual is None:
            assert _array(expected).size == 0
        else:
>           np.testing.assert_allclose(actual, _array(expected), atol=atol)
E           AssertionError: 
E           Not equal to tolerance rtol=1e-07, atol=1e-10
E           
E           Mismatched elements: 1 / 1 (100%)
E           Max absolute difference among violations: 0.00290371
E           Max relative difference among violations: 0.00295788
E            ACTUAL: array(0.984587)
E            DESIRED: array(0.981684)

tests/parity/test_regression.py:1002: AssertionError
____________________ test_nns_reg_dim_red_matches_r[equal] _____________________
[gw0] linux -- Python 3.11.15 /opt/hostedtoolcache/Python/3.11.15/x64/bin/python

method = 'equal'

    @pytest.mark.parity
    @pytest.mark.parametrize("method", DIM_RED_METHODS)
    def test_nns_reg_dim_red_matches_r(method: str | list[float]) -> None:
        x1 = np.linspace(-2.0, 2.0, 50)
        x = np.column_stack((x1, np.sin(x1), np.cos(x1)))
        y = x[:, 0] + x[:, 1] + 0.25 * x[:, 2]
        point_est = np.array([[0.0, 0.0, 1.0], [3.0, 0.0, 1.0]])
    
        expected = _r_nns_reg_dimred(
            x,
            y,
            order=2,
            dim_red_method=method,
            threshold=0.0,
            point_est=point_est,
            point_only=False,
        )
        actual = nns_reg(
            x,
            y,
            order=2,
            dim_red_method=method,
            point_est=point_est,
        )
    
        tolerance = 5e-2 if method == "NNS.caus" else COMPOUND
>       _assert_reg_matches(actual, expected, check_dimred=True, atol=tolerance)

tests/parity/test_regression.py:274: 
_ _ _ _ _ _ _ _ _ _ _ _ _ _ _ _ _ _ _ _ _ _ _ _ _ _ _ _ _ _ _ _ _ _ _ _ _ _ _ _ 
tests/parity/test_regression.py:938: in _assert_reg_matches
    _assert_scalar_or_empty(actual["R2"], expected["R2"], atol)
_ _ _ _ _ _ _ _ _ _ _ _ _ _ _ _ _ _ _ _ _ _ _ _ _ _ _ _ _ _ _ _ _ _ _ _ _ _ _ _ 

actual = 0.8676070177836724, expected = array(0.85682815), atol = 1e-10

    def _assert_scalar_or_empty(actual: object, expected: object, atol: float) -> None:
        """Compare a scalar metric, treating port ``None`` as R's empty (NULL)."""
        if actual is None:
            assert _array(expected).size == 0
        else:
>           np.testing.assert_allclose(actual, _array(expected), atol=atol)
E           AssertionError: 
E           Not equal to tolerance rtol=1e-07, atol=1e-10
E           
E           Mismatched elements: 1 / 1 (100%)
E           Max absolute difference among violations: 0.01077887
E           Max relative difference among violations: 0.01257997
E            ACTUAL: array(0.867607)
E            DESIRED: array(0.856828)

tests/parity/test_regression.py:1002: AssertionError
___________ test_nns_reg_mode_noise_reduction_matches_r[1-random-50] ___________
[gw2] linux -- Python 3.11.15 /opt/hostedtoolcache/Python/3.11.15/x64/bin/python

rng = Generator(PCG64) at 0x7F97EE73AB20, size = 50, relationship = 'random'
order = 1

    @pytest.mark.parity
    @pytest.mark.parametrize("size", SIZES)
    @pytest.mark.parametrize("relationship", MODE_RELATIONSHIPS)
    @pytest.mark.parametrize("order", MODE_ORDERS)
    def test_nns_reg_mode_noise_reduction_matches_r(
        rng: np.random.Generator,
        size: int,
        relationship: str,
        order: int | None,
    ) -> None:
        x, y = _relationship(relationship, size, rng)
    
        expected = _r_nns_reg(x, y, order=order, noise="mode", point_est=None)
        actual = nns_reg(x, y, order=order, noise_reduction="mode")
    
>       _assert_reg_matches(actual, expected)

tests/parity/test_regression.py:220: 
_ _ _ _ _ _ _ _ _ _ _ _ _ _ _ _ _ _ _ _ _ _ _ _ _ _ _ _ _ _ _ _ _ _ _ _ _ _ _ _ 
tests/parity/test_regression.py:938: in _assert_reg_matches
    _assert_scalar_or_empty(actual["R2"], expected["R2"], atol)
_ _ _ _ _ _ _ _ _ _ _ _ _ _ _ _ _ _ _ _ _ _ _ _ _ _ _ _ _ _ _ _ _ _ _ _ _ _ _ _ 

actual = 0.02991322319300354, expected = array(-0.05401754), atol = 1e-10

    def _assert_scalar_or_empty(actual: object, expected: object, atol: float) -> None:
        """Compare a scalar metric, treating port ``None`` as R's empty (NULL)."""
        if actual is None:
            assert _array(expected).size == 0
        else:
>           np.testing.assert_allclose(actual, _array(expected), atol=atol)
E           AssertionError: 
E           Not equal to tolerance rtol=1e-07, atol=1e-10
E           
E           Mismatched elements: 1 / 1 (100%)
E           Max absolute difference among violations: 0.08393077
E           Max relative difference among violations: 1.55376866
E            ACTUAL: array(0.029913)
E            DESIRED: array(-0.054018)

tests/parity/test_regression.py:1002: AssertionError
___ test_nns_reg_confidence_interval_matches_r[None-off-point_est2-0.8-sin] ____
[gw3] linux -- Python 3.11.15 /opt/hostedtoolcache/Python/3.11.15/x64/bin/python

rng = Generator(PCG64) at 0x7F6256158C80, relationship = 'sin'
confidence_interval = 0.8, point_est = array([-3. , -1. ,  0. ,  2.5])
order = None, noise = 'off'

    @pytest.mark.parity
    @pytest.mark.parametrize("relationship", ["linear", "quadratic", "sin"])
    @pytest.mark.parametrize("confidence_interval", [0.8, 0.95])
    @pytest.mark.parametrize(
        "point_est",
        [
            None,
            np.array([-1.0, 0.0, 1.0]),
            np.array([-3.0, -1.0, 0.0, 2.5]),
        ],
    )
    @pytest.mark.parametrize(("order", "noise"), CI_REGRESSION_CASES)
    def test_nns_reg_confidence_interval_matches_r(
        rng: np.random.Generator,
        relationship: str,
        confidence_interval: float,
        point_est: np.ndarray | None,
        order: int | None,
        noise: str,
    ) -> None:
        x, y = _relationship(relationship, 50, rng)
    
        expected = _r_nns_reg(
            x,
            y,
            order=order,
            noise=noise,
            point_est=point_est,
            confidence_interval=confidence_interval,
        )
        actual = nns_reg(
            x,
            y,
            order=order,
            noise_reduction=cast(NoiseReduction, noise),
            point_est=point_est,
            confidence_interval=confidence_interval,
        )
    
>       _assert_reg_matches(actual, expected)

tests/parity/test_regression.py:582: 
_ _ _ _ _ _ _ _ _ _ _ _ _ _ _ _ _ _ _ _ _ _ _ _ _ _ _ _ _ _ _ _ _ _ _ _ _ _ _ _ 
tests/parity/test_regression.py:938: in _assert_reg_matches
    _assert_scalar_or_empty(actual["R2"], expected["R2"], atol)
_ _ _ _ _ _ _ _ _ _ _ _ _ _ _ _ _ _ _ _ _ _ _ _ _ _ _ _ _ _ _ _ _ _ _ _ _ _ _ _ 

actual = 0.9999007243798149, expected = array(0.99985394), atol = 1e-10

    def _assert_scalar_or_empty(actual: object, expected: object, atol: float) -> None:
        """Compare a scalar metric, treating port ``None`` as R's empty (NULL)."""
        if actual is None:
            assert _array(expected).size == 0
        else:
>           np.testing.assert_allclose(actual, _array(expected), atol=atol)
E           AssertionError: 
E           Not equal to tolerance rtol=1e-07, atol=1e-10
E           
E           Mismatched elements: 1 / 1 (100%)
E           Max absolute difference among violations: 4.67837357e-05
E           Max relative difference among violations: 4.67905699e-05
E            ACTUAL: array(0.999901)
E            DESIRED: array(0.999854)

tests/parity/test_regression.py:1002: AssertionError
___________________ test_nns_reg_dim_red_matches_r[method5] ____________________
[gw0] linux -- Python 3.11.15 /opt/hostedtoolcache/Python/3.11.15/x64/bin/python

method = [1.0, 0.5, 0.25]

    @pytest.mark.parity
    @pytest.mark.parametrize("method", DIM_RED_METHODS)
    def test_nns_reg_dim_red_matches_r(method: str | list[float]) -> None:
        x1 = np.linspace(-2.0, 2.0, 50)
        x = np.column_stack((x1, np.sin(x1), np.cos(x1)))
        y = x[:, 0] + x[:, 1] + 0.25 * x[:, 2]
        point_est = np.array([[0.0, 0.0, 1.0], [3.0, 0.0, 1.0]])
    
        expected = _r_nns_reg_dimred(
            x,
            y,
            order=2,
            dim_red_method=method,
            threshold=0.0,
            point_est=point_est,
            point_only=False,
        )
        actual = nns_reg(
            x,
            y,
            order=2,
            dim_red_method=method,
            point_est=point_est,
        )
    
        tolerance = 5e-2 if method == "NNS.caus" else COMPOUND
>       _assert_reg_matches(actual, expected, check_dimred=True, atol=tolerance)

tests/parity/test_regression.py:274: 
_ _ _ _ _ _ _ _ _ _ _ _ _ _ _ _ _ _ _ _ _ _ _ _ _ _ _ _ _ _ _ _ _ _ _ _ _ _ _ _ 
tests/parity/test_regression.py:938: in _assert_reg_matches
    _assert_scalar_or_empty(actual["R2"], expected["R2"], atol)
_ _ _ _ _ _ _ _ _ _ _ _ _ _ _ _ _ _ _ _ _ _ _ _ _ _ _ _ _ _ _ _ _ _ _ _ _ _ _ _ 

actual = 0.997224532546717, expected = array(0.99071056), atol = 1e-10

    def _assert_scalar_or_empty(actual: object, expected: object, atol: float) -> None:
        """Compare a scalar metric, treating port ``None`` as R's empty (NULL)."""
        if actual is None:
            assert _array(expected).size == 0
        else:
>           np.testing.assert_allclose(actual, _array(expected), atol=atol)
E           AssertionError: 
E           Not equal to tolerance rtol=1e-07, atol=1e-10
E           
E           Mismatched elements: 1 / 1 (100%)
E           Max absolute difference among violations: 0.00651398
E           Max relative difference among violations: 0.00657506
E            ACTUAL: array(0.997225)
E            DESIRED: array(0.990711)

tests/parity/test_regression.py:1002: AssertionError
_ test_nns_reg_confidence_interval_matches_r[None-off-point_est2-0.95-linear] __
[gw3] linux -- Python 3.11.15 /opt/hostedtoolcache/Python/3.11.15/x64/bin/python

rng = Generator(PCG64) at 0x7F6256159540, relationship = 'linear'
confidence_interval = 0.95, point_est = array([-3. , -1. ,  0. ,  2.5])
order = None, noise = 'off'

    @pytest.mark.parity
    @pytest.mark.parametrize("relationship", ["linear", "quadratic", "sin"])
    @pytest.mark.parametrize("confidence_interval", [0.8, 0.95])
    @pytest.mark.parametrize(
        "point_est",
        [
            None,
            np.array([-1.0, 0.0, 1.0]),
            np.array([-3.0, -1.0, 0.0, 2.5]),
        ],
    )
    @pytest.mark.parametrize(("order", "noise"), CI_REGRESSION_CASES)
    def test_nns_reg_confidence_interval_matches_r(
        rng: np.random.Generator,
        relationship: str,
        confidence_interval: float,
        point_est: np.ndarray | None,
        order: int | None,
        noise: str,
    ) -> None:
        x, y = _relationship(relationship, 50, rng)
    
        expected = _r_nns_reg(
            x,
            y,
            order=order,
            noise=noise,
            point_est=point_est,
            confidence_interval=confidence_interval,
        )
        actual = nns_reg(
            x,
            y,
            order=order,
            noise_reduction=cast(NoiseReduction, noise),
            point_est=point_est,
            confidence_interval=confidence_interval,
        )
    
>       _assert_reg_matches(actual, expected)

tests/parity/test_regression.py:582: 
_ _ _ _ _ _ _ _ _ _ _ _ _ _ _ _ _ _ _ _ _ _ _ _ _ _ _ _ _ _ _ _ _ _ _ _ _ _ _ _ 
tests/parity/test_regression.py:938: in _assert_reg_matches
    _assert_scalar_or_empty(actual["R2"], expected["R2"], atol)
_ _ _ _ _ _ _ _ _ _ _ _ _ _ _ _ _ _ _ _ _ _ _ _ _ _ _ _ _ _ _ _ _ _ _ _ _ _ _ _ 

actual = 0.9998047664418673, expected = array(0.99979195), atol = 1e-10

    def _assert_scalar_or_empty(actual: object, expected: object, atol: float) -> None:
        """Compare a scalar metric, treating port ``None`` as R's empty (NULL)."""
        if actual is None:
            assert _array(expected).size == 0
        else:
>           np.testing.assert_allclose(actual, _array(expected), atol=atol)
E           AssertionError: 
E           Not equal to tolerance rtol=1e-07, atol=1e-10
E           
E           Mismatched elements: 1 / 1 (100%)
E           Max absolute difference among violations: 1.28128482e-05
E           Max relative difference among violations: 1.28155144e-05
E            ACTUAL: array(0.999805)
E            DESIRED: array(0.999792)

tests/parity/test_regression.py:1002: AssertionError
______ test_nns_reg_confidence_interval_matches_r[1-off-None-0.8-linear] _______
[gw2] linux -- Python 3.11.15 /opt/hostedtoolcache/Python/3.11.15/x64/bin/python

rng = Generator(PCG64) at 0x7F97EE8825E0, relationship = 'linear'
confidence_interval = 0.8, point_est = None, order = 1, noise = 'off'

    @pytest.mark.parity
    @pytest.mark.parametrize("relationship", ["linear", "quadratic", "sin"])
    @pytest.mark.parametrize("confidence_interval", [0.8, 0.95])
    @pytest.mark.parametrize(
        "point_est",
        [
            None,
            np.array([-1.0, 0.0, 1.0]),
            np.array([-3.0, -1.0, 0.0, 2.5]),
        ],
    )
    @pytest.mark.parametrize(("order", "noise"), CI_REGRESSION_CASES)
    def test_nns_reg_confidence_interval_matches_r(
        rng: np.random.Generator,
        relationship: str,
        confidence_interval: float,
        point_est: np.ndarray | None,
        order: int | None,
        noise: str,
    ) -> None:
        x, y = _relationship(relationship, 50, rng)
    
        expected = _r_nns_reg(
            x,
            y,
            order=order,
            noise=noise,
            point_est=point_est,
            confidence_interval=confidence_interval,
        )
        actual = nns_reg(
            x,
            y,
            order=order,
            noise_reduction=cast(NoiseReduction, noise),
            point_est=point_est,
            confidence_interval=confidence_interval,
        )
    
>       _assert_reg_matches(actual, expected)

tests/parity/test_regression.py:582: 
_ _ _ _ _ _ _ _ _ _ _ _ _ _ _ _ _ _ _ _ _ _ _ _ _ _ _ _ _ _ _ _ _ _ _ _ _ _ _ _ 
tests/parity/test_regression.py:938: in _assert_reg_matches
    _assert_scalar_or_empty(actual["R2"], expected["R2"], atol)
_ _ _ _ _ _ _ _ _ _ _ _ _ _ _ _ _ _ _ _ _ _ _ _ _ _ _ _ _ _ _ _ _ _ _ _ _ _ _ _ 

actual = 0.9997050884385357, expected = array(0.99957559), atol = 1e-10

    def _assert_scalar_or_empty(actual: object, expected: object, atol: float) -> None:
        """Compare a scalar metric, treating port ``None`` as R's empty (NULL)."""
        if actual is None:
            assert _array(expected).size == 0
        else:
>           np.testing.assert_allclose(actual, _array(expected), atol=atol)
E           AssertionError: 
E           Not equal to tolerance rtol=1e-07, atol=1e-10
E           
E           Mismatched elements: 1 / 1 (100%)
E           Max absolute difference among violations: 0.00012949
E           Max relative difference among violations: 0.00012955
E            ACTUAL: array(0.999705)
E            DESIRED: array(0.999576)

tests/parity/test_regression.py:1002: AssertionError
_ test_nns_reg_confidence_interval_matches_r[None-off-point_est2-0.95-quadratic] _
[gw3] linux -- Python 3.11.15 /opt/hostedtoolcache/Python/3.11.15/x64/bin/python

rng = Generator(PCG64) at 0x7F6256159A80, relationship = 'quadratic'
confidence_interval = 0.95, point_est = array([-3. , -1. ,  0. ,  2.5])
order = None, noise = 'off'

    @pytest.mark.parity
    @pytest.mark.parametrize("relationship", ["linear", "quadratic", "sin"])
    @pytest.mark.parametrize("confidence_interval", [0.8, 0.95])
    @pytest.mark.parametrize(
        "point_est",
        [
            None,
            np.array([-1.0, 0.0, 1.0]),
            np.array([-3.0, -1.0, 0.0, 2.5]),
        ],
    )
    @pytest.mark.parametrize(("order", "noise"), CI_REGRESSION_CASES)
    def test_nns_reg_confidence_interval_matches_r(
        rng: np.random.Generator,
        relationship: str,
        confidence_interval: float,
        point_est: np.ndarray | None,
        order: int | None,
        noise: str,
    ) -> None:
        x, y = _relationship(relationship, 50, rng)
    
        expected = _r_nns_reg(
            x,
            y,
            order=order,
            noise=noise,
            point_est=point_est,
            confidence_interval=confidence_interval,
        )
        actual = nns_reg(
            x,
            y,
            order=order,
            noise_reduction=cast(NoiseReduction, noise),
            point_est=point_est,
            confidence_interval=confidence_interval,
        )
    
>       _assert_reg_matches(actual, expected)

tests/parity/test_regression.py:582: 
_ _ _ _ _ _ _ _ _ _ _ _ _ _ _ _ _ _ _ _ _ _ _ _ _ _ _ _ _ _ _ _ _ _ _ _ _ _ _ _ 
tests/parity/test_regression.py:938: in _assert_reg_matches
    _assert_scalar_or_empty(actual["R2"], expected["R2"], atol)
_ _ _ _ _ _ _ _ _ _ _ _ _ _ _ _ _ _ _ _ _ _ _ _ _ _ _ _ _ _ _ _ _ _ _ _ _ _ _ _ 

actual = 0.9845873500710444, expected = array(0.98168364), atol = 1e-10

    def _assert_scalar_or_empty(actual: object, expected: object, atol: float) -> None:
        """Compare a scalar metric, treating port ``None`` as R's empty (NULL)."""
        if actual is None:
            assert _array(expected).size == 0
        else:
>           np.testing.assert_allclose(actual, _array(expected), atol=atol)
E           AssertionError: 
E           Not equal to tolerance rtol=1e-07, atol=1e-10
E           
E           Mismatched elements: 1 / 1 (100%)
E           Max absolute difference among violations: 0.00290371
E           Max relative difference among violations: 0.00295788
E            ACTUAL: array(0.984587)
E            DESIRED: array(0.981684)

tests/parity/test_regression.py:1002: AssertionError
_____ test_nns_reg_confidence_interval_matches_r[1-off-None-0.8-quadratic] _____
[gw2] linux -- Python 3.11.15 /opt/hostedtoolcache/Python/3.11.15/x64/bin/python

rng = Generator(PCG64) at 0x7F97EE883300, relationship = 'quadratic'
confidence_interval = 0.8, point_est = None, order = 1, noise = 'off'

    @pytest.mark.parity
    @pytest.mark.parametrize("relationship", ["linear", "quadratic", "sin"])
    @pytest.mark.parametrize("confidence_interval", [0.8, 0.95])
    @pytest.mark.parametrize(
        "point_est",
        [
            None,
            np.array([-1.0, 0.0, 1.0]),
            np.array([-3.0, -1.0, 0.0, 2.5]),
        ],
    )
    @pytest.mark.parametrize(("order", "noise"), CI_REGRESSION_CASES)
    def test_nns_reg_confidence_interval_matches_r(
        rng: np.random.Generator,
        relationship: str,
        confidence_interval: float,
        point_est: np.ndarray | None,
        order: int | None,
        noise: str,
    ) -> None:
        x, y = _relationship(relationship, 50, rng)
    
        expected = _r_nns_reg(
            x,
            y,
            order=order,
            noise=noise,
            point_est=point_est,
            confidence_interval=confidence_interval,
        )
        actual = nns_reg(
            x,
            y,
            order=order,
            noise_reduction=cast(NoiseReduction, noise),
            point_est=point_est,
            confidence_interval=confidence_interval,
        )
    
>       _assert_reg_matches(actual, expected)

tests/parity/test_regression.py:582: 
_ _ _ _ _ _ _ _ _ _ _ _ _ _ _ _ _ _ _ _ _ _ _ _ _ _ _ _ _ _ _ _ _ _ _ _ _ _ _ _ 
tests/parity/test_regression.py:938: in _assert_reg_matches
    _assert_scalar_or_empty(actual["R2"], expected["R2"], atol)
_ _ _ _ _ _ _ _ _ _ _ _ _ _ _ _ _ _ _ _ _ _ _ _ _ _ _ _ _ _ _ _ _ _ _ _ _ _ _ _ 

actual = 0.9358840137673635, expected = array(0.07683621), atol = 1e-10

    def _assert_scalar_or_empty(actual: object, expected: object, atol: float) -> None:
        """Compare a scalar metric, treating port ``None`` as R's empty (NULL)."""
        if actual is None:
            assert _array(expected).size == 0
        else:
>           np.testing.assert_allclose(actual, _array(expected), atol=atol)
E           AssertionError: 
E           Not equal to tolerance rtol=1e-07, atol=1e-10
E           
E           Mismatched elements: 1 / 1 (100%)
E           Max absolute difference among violations: 0.85904781
E           Max relative difference among violations: 11.18024717
E            ACTUAL: array(0.935884)
E            DESIRED: array(0.076836)

tests/parity/test_regression.py:1002: AssertionError
____ test_nns_reg_confidence_interval_matches_r[1-mean-point_est1-0.95-sin] ____
[gw0] linux -- Python 3.11.15 /opt/hostedtoolcache/Python/3.11.15/x64/bin/python

rng = Generator(PCG64) at 0x7FBB8D4591C0, relationship = 'sin'
confidence_interval = 0.95, point_est = array([-1.,  0.,  1.]), order = 1
noise = 'mean'

    @pytest.mark.parity
    @pytest.mark.parametrize("relationship", ["linear", "quadratic", "sin"])
    @pytest.mark.parametrize("confidence_interval", [0.8, 0.95])
    @pytest.mark.parametrize(
        "point_est",
        [
            None,
            np.array([-1.0, 0.0, 1.0]),
            np.array([-3.0, -1.0, 0.0, 2.5]),
        ],
    )
    @pytest.mark.parametrize(("order", "noise"), CI_REGRESSION_CASES)
    def test_nns_reg_confidence_interval_matches_r(
        rng: np.random.Generator,
        relationship: str,
        confidence_interval: float,
        point_est: np.ndarray | None,
        order: int | None,
        noise: str,
    ) -> None:
        x, y = _relationship(relationship, 50, rng)
    
        expected = _r_nns_reg(
            x,
            y,
            order=order,
            noise=noise,
            point_est=point_est,
            confidence_interval=confidence_interval,
        )
        actual = nns_reg(
            x,
            y,
            order=order,
            noise_reduction=cast(NoiseReduction, noise),
            point_est=point_est,
            confidence_interval=confidence_interval,
        )
    
>       _assert_reg_matches(actual, expected)

tests/parity/test_regression.py:582: 
_ _ _ _ _ _ _ _ _ _ _ _ _ _ _ _ _ _ _ _ _ _ _ _ _ _ _ _ _ _ _ _ _ _ _ _ _ _ _ _ 
tests/parity/test_regression.py:938: in _assert_reg_matches
    _assert_scalar_or_empty(actual["R2"], expected["R2"], atol)
_ _ _ _ _ _ _ _ _ _ _ _ _ _ _ _ _ _ _ _ _ _ _ _ _ _ _ _ _ _ _ _ _ _ _ _ _ _ _ _ 

actual = 0.9523361668629529, expected = array(0.8717489), atol = 1e-10

    def _assert_scalar_or_empty(actual: object, expected: object, atol: float) -> None:
        """Compare a scalar metric, treating port ``None`` as R's empty (NULL)."""
        if actual is None:
            assert _array(expected).size == 0
        else:
>           np.testing.assert_allclose(actual, _array(expected), atol=atol)
E           AssertionError: 
E           Not equal to tolerance rtol=1e-07, atol=1e-10
E           
E           Mismatched elements: 1 / 1 (100%)
E           Max absolute difference among violations: 0.08058727
E           Max relative difference among violations: 0.09244322
E            ACTUAL: array(0.952336)
E            DESIRED: array(0.871749)

tests/parity/test_regression.py:1002: AssertionError
___ test_nns_reg_confidence_interval_matches_r[None-off-point_est2-0.95-sin] ___
[gw3] linux -- Python 3.11.15 /opt/hostedtoolcache/Python/3.11.15/x64/bin/python

rng = Generator(PCG64) at 0x7F6256159FC0, relationship = 'sin'
confidence_interval = 0.95, point_est = array([-3. , -1. ,  0. ,  2.5])
order = None, noise = 'off'

    @pytest.mark.parity
    @pytest.mark.parametrize("relationship", ["linear", "quadratic", "sin"])
    @pytest.mark.parametrize("confidence_interval", [0.8, 0.95])
    @pytest.mark.parametrize(
        "point_est",
        [
            None,
            np.array([-1.0, 0.0, 1.0]),
            np.array([-3.0, -1.0, 0.0, 2.5]),
        ],
    )
    @pytest.mark.parametrize(("order", "noise"), CI_REGRESSION_CASES)
    def test_nns_reg_confidence_interval_matches_r(
        rng: np.random.Generator,
        relationship: str,
        confidence_interval: float,
        point_est: np.ndarray | None,
        order: int | None,
        noise: str,
    ) -> None:
        x, y = _relationship(relationship, 50, rng)
    
        expected = _r_nns_reg(
            x,
            y,
            order=order,
            noise=noise,
            point_est=point_est,
            confidence_interval=confidence_interval,
        )
        actual = nns_reg(
            x,
            y,
            order=order,
            noise_reduction=cast(NoiseReduction, noise),
            point_est=point_est,
            confidence_interval=confidence_interval,
        )
    
>       _assert_reg_matches(actual, expected)

tests/parity/test_regression.py:582: 
_ _ _ _ _ _ _ _ _ _ _ _ _ _ _ _ _ _ _ _ _ _ _ _ _ _ _ _ _ _ _ _ _ _ _ _ _ _ _ _ 
tests/parity/test_regression.py:938: in _assert_reg_matches
    _assert_scalar_or_empty(actual["R2"], expected["R2"], atol)
_ _ _ _ _ _ _ _ _ _ _ _ _ _ _ _ _ _ _ _ _ _ _ _ _ _ _ _ _ _ _ _ _ _ _ _ _ _ _ _ 

actual = 0.9999007243798149, expected = array(0.99985394), atol = 1e-10

    def _assert_scalar_or_empty(actual: object, expected: object, atol: float) -> None:
        """Compare a scalar metric, treating port ``None`` as R's empty (NULL)."""
        if actual is None:
            assert _array(expected).size == 0
        else:
>           np.testing.assert_allclose(actual, _array(expected), atol=atol)
E           AssertionError: 
E           Not equal to tolerance rtol=1e-07, atol=1e-10
E           
E           Mismatched elements: 1 / 1 (100%)
E           Max absolute difference among violations: 4.67837357e-05
E           Max relative difference among violations: 4.67905699e-05
E            ACTUAL: array(0.999901)
E            DESIRED: array(0.999854)

tests/parity/test_regression.py:1002: AssertionError
________ test_nns_reg_confidence_interval_matches_r[1-off-None-0.8-sin] ________
[gw2] linux -- Python 3.11.15 /opt/hostedtoolcache/Python/3.11.15/x64/bin/python

rng = Generator(PCG64) at 0x7F97EE883BC0, relationship = 'sin'
confidence_interval = 0.8, point_est = None, order = 1, noise = 'off'

    @pytest.mark.parity
    @pytest.mark.parametrize("relationship", ["linear", "quadratic", "sin"])
    @pytest.mark.parametrize("confidence_interval", [0.8, 0.95])
    @pytest.mark.parametrize(
        "point_est",
        [
            None,
            np.array([-1.0, 0.0, 1.0]),
            np.array([-3.0, -1.0, 0.0, 2.5]),
        ],
    )
    @pytest.mark.parametrize(("order", "noise"), CI_REGRESSION_CASES)
    def test_nns_reg_confidence_interval_matches_r(
        rng: np.random.Generator,
        relationship: str,
        confidence_interval: float,
        point_est: np.ndarray | None,
        order: int | None,
        noise: str,
    ) -> None:
        x, y = _relationship(relationship, 50, rng)
    
        expected = _r_nns_reg(
            x,
            y,
            order=order,
            noise=noise,
            point_est=point_est,
            confidence_interval=confidence_interval,
        )
        actual = nns_reg(
            x,
            y,
            order=order,
            noise_reduction=cast(NoiseReduction, noise),
            point_est=point_est,
            confidence_interval=confidence_interval,
        )
    
>       _assert_reg_matches(actual, expected)

tests/parity/test_regression.py:582: 
_ _ _ _ _ _ _ _ _ _ _ _ _ _ _ _ _ _ _ _ _ _ _ _ _ _ _ _ _ _ _ _ _ _ _ _ _ _ _ _ 
tests/parity/test_regression.py:938: in _assert_reg_matches
    _assert_scalar_or_empty(actual["R2"], expected["R2"], atol)
_ _ _ _ _ _ _ _ _ _ _ _ _ _ _ _ _ _ _ _ _ _ _ _ _ _ _ _ _ _ _ _ _ _ _ _ _ _ _ _ 

actual = 0.9398028417066483, expected = array(0.84650604), atol = 1e-10

    def _assert_scalar_or_empty(actual: object, expected: object, atol: float) -> None:
        """Compare a scalar metric, treating port ``None`` as R's empty (NULL)."""
        if actual is None:
            assert _array(expected).size == 0
        else:
>           np.testing.assert_allclose(actual, _array(expected), atol=atol)
E           AssertionError: 
E           Not equal to tolerance rtol=1e-07, atol=1e-10
E           
E           Mismatched elements: 1 / 1 (100%)
E           Max absolute difference among violations: 0.0932968
E           Max relative difference among violations: 0.11021398
E            ACTUAL: array(0.939803)
E            DESIRED: array(0.846506)

tests/parity/test_regression.py:1002: AssertionError
___ test_nns_reg_confidence_interval_matches_r[1-mean-point_est2-0.8-linear] ___
[gw0] linux -- Python 3.11.15 /opt/hostedtoolcache/Python/3.11.15/x64/bin/python

rng = Generator(PCG64) at 0x7FBB8D459700, relationship = 'linear'
confidence_interval = 0.8, point_est = array([-3. , -1. ,  0. ,  2.5])
order = 1, noise = 'mean'

    @pytest.mark.parity
    @pytest.mark.parametrize("relationship", ["linear", "quadratic", "sin"])
    @pytest.mark.parametrize("confidence_interval", [0.8, 0.95])
    @pytest.mark.parametrize(
        "point_est",
        [
            None,
            np.array([-1.0, 0.0, 1.0]),
            np.array([-3.0, -1.0, 0.0, 2.5]),
        ],
    )
    @pytest.mark.parametrize(("order", "noise"), CI_REGRESSION_CASES)
    def test_nns_reg_confidence_interval_matches_r(
        rng: np.random.Generator,
        relationship: str,
        confidence_interval: float,
        point_est: np.ndarray | None,
        order: int | None,
        noise: str,
    ) -> None:
        x, y = _relationship(relationship, 50, rng)
    
        expected = _r_nns_reg(
            x,
            y,
            order=order,
            noise=noise,
            point_est=point_est,
            confidence_interval=confidence_interval,
        )
        actual = nns_reg(
            x,
            y,
            order=order,
            noise_reduction=cast(NoiseReduction, noise),
            point_est=point_est,
            confidence_interval=confidence_interval,
        )
    
>       _assert_reg_matches(actual, expected)

tests/parity/test_regression.py:582: 
_ _ _ _ _ _ _ _ _ _ _ _ _ _ _ _ _ _ _ _ _ _ _ _ _ _ _ _ _ _ _ _ _ _ _ _ _ _ _ _ 
tests/parity/test_regression.py:938: in _assert_reg_matches
    _assert_scalar_or_empty(actual["R2"], expected["R2"], atol)
_ _ _ _ _ _ _ _ _ _ _ _ _ _ _ _ _ _ _ _ _ _ _ _ _ _ _ _ _ _ _ _ _ _ _ _ _ _ _ _ 

actual = 0.999693720605179, expected = array(0.99962918), atol = 1e-10

    def _assert_scalar_or_empty(actual: object, expected: object, atol: float) -> None:
        """Compare a scalar metric, treating port ``None`` as R's empty (NULL)."""
        if actual is None:
            assert _array(expected).size == 0
        else:
>           np.testing.assert_allclose(actual, _array(expected), atol=atol)
E           AssertionError: 
E           Not equal to tolerance rtol=1e-07, atol=1e-10
E           
E           Mismatched elements: 1 / 1 (100%)
E           Max absolute difference among violations: 6.45397606e-05
E           Max relative difference among violations: 6.45637021e-05
E            ACTUAL: array(0.999694)
E            DESIRED: array(0.999629)

tests/parity/test_regression.py:1002: AssertionError
___ test_nns_reg_confidence_interval_matches_r[2-off-point_est1-0.8-linear] ____
[gw3] linux -- Python 3.11.15 /opt/hostedtoolcache/Python/3.11.15/x64/bin/python

rng = Generator(PCG64) at 0x7F62561598C0, relationship = 'linear'
confidence_interval = 0.8, point_est = array([-1.,  0.,  1.]), order = 2
noise = 'off'

    @pytest.mark.parity
    @pytest.mark.parametrize("relationship", ["linear", "quadratic", "sin"])
    @pytest.mark.parametrize("confidence_interval", [0.8, 0.95])
    @pytest.mark.parametrize(
        "point_est",
        [
            None,
            np.array([-1.0, 0.0, 1.0]),
            np.array([-3.0, -1.0, 0.0, 2.5]),
        ],
    )
    @pytest.mark.parametrize(("order", "noise"), CI_REGRESSION_CASES)
    def test_nns_reg_confidence_interval_matches_r(
        rng: np.random.Generator,
        relationship: str,
        confidence_interval: float,
        point_est: np.ndarray | None,
        order: int | None,
        noise: str,
    ) -> None:
        x, y = _relationship(relationship, 50, rng)
    
        expected = _r_nns_reg(
            x,
            y,
            order=order,
            noise=noise,
            point_est=point_est,
            confidence_interval=confidence_interval,
        )
        actual = nns_reg(
            x,
            y,
            order=order,
            noise_reduction=cast(NoiseReduction, noise),
            point_est=point_est,
            confidence_interval=confidence_interval,
        )
    
>       _assert_reg_matches(actual, expected)

tests/parity/test_regression.py:582: 
_ _ _ _ _ _ _ _ _ _ _ _ _ _ _ _ _ _ _ _ _ _ _ _ _ _ _ _ _ _ _ _ _ _ _ _ _ _ _ _ 
tests/parity/test_regression.py:938: in _assert_reg_matches
    _assert_scalar_or_empty(actual["R2"], expected["R2"], atol)
_ _ _ _ _ _ _ _ _ _ _ _ _ _ _ _ _ _ _ _ _ _ _ _ _ _ _ _ _ _ _ _ _ _ _ _ _ _ _ _ 

actual = 0.9997072411752134, expected = array(0.99956473), atol = 1e-10

    def _assert_scalar_or_empty(actual: object, expected: object, atol: float) -> None:
        """Compare a scalar metric, treating port ``None`` as R's empty (NULL)."""
        if actual is None:
            assert _array(expected).size == 0
        else:
>           np.testing.assert_allclose(actual, _array(expected), atol=atol)
E           AssertionError: 
E           Not equal to tolerance rtol=1e-07, atol=1e-10
E           
E           Mismatched elements: 1 / 1 (100%)
E           Max absolute difference among violations: 0.00014252
E           Max relative difference among violations: 0.00014258
E            ACTUAL: array(0.999707)
E            DESIRED: array(0.999565)

tests/parity/test_regression.py:1002: AssertionError
______ test_nns_reg_confidence_interval_matches_r[1-off-None-0.95-linear] ______
[gw2] linux -- Python 3.11.15 /opt/hostedtoolcache/Python/3.11.15/x64/bin/python

rng = Generator(PCG64) at 0x7F97EE883680, relationship = 'linear'
confidence_interval = 0.95, point_est = None, order = 1, noise = 'off'

    @pytest.mark.parity
    @pytest.mark.parametrize("relationship", ["linear", "quadratic", "sin"])
    @pytest.mark.parametrize("confidence_interval", [0.8, 0.95])
    @pytest.mark.parametrize(
        "point_est",
        [
            None,
            np.array([-1.0, 0.0, 1.0]),
            np.array([-3.0, -1.0, 0.0, 2.5]),
        ],
    )
    @pytest.mark.parametrize(("order", "noise"), CI_REGRESSION_CASES)
    def test_nns_reg_confidence_interval_matches_r(
        rng: np.random.Generator,
        relationship: str,
        confidence_interval: float,
        point_est: np.ndarray | None,
        order: int | None,
        noise: str,
    ) -> None:
        x, y = _relationship(relationship, 50, rng)
    
        expected = _r_nns_reg(
            x,
            y,
            order=order,
            noise=noise,
            point_est=point_est,
            confidence_interval=confidence_interval,
        )
        actual = nns_reg(
            x,
            y,
            order=order,
            noise_reduction=cast(NoiseReduction, noise),
            point_est=point_est,
            confidence_interval=confidence_interval,
        )
    
>       _assert_reg_matches(actual, expected)

tests/parity/test_regression.py:582: 
_ _ _ _ _ _ _ _ _ _ _ _ _ _ _ _ _ _ _ _ _ _ _ _ _ _ _ _ _ _ _ _ _ _ _ _ _ _ _ _ 
tests/parity/test_regression.py:938: in _assert_reg_matches
    _assert_scalar_or_empty(actual["R2"], expected["R2"], atol)
_ _ _ _ _ _ _ _ _ _ _ _ _ _ _ _ _ _ _ _ _ _ _ _ _ _ _ _ _ _ _ _ _ _ _ _ _ _ _ _ 

actual = 0.9997050884385357, expected = array(0.99957559), atol = 1e-10

    def _assert_scalar_or_empty(actual: object, expected: object, atol: float) -> None:
        """Compare a scalar metric, treating port ``None`` as R's empty (NULL)."""
        if actual is None:
            assert _array(expected).size == 0
        else:
>           np.testing.assert_allclose(actual, _array(expected), atol=atol)
E           AssertionError: 
E           Not equal to tolerance rtol=1e-07, atol=1e-10
E           
E           Mismatched elements: 1 / 1 (100%)
E           Max absolute difference among violations: 0.00012949
E           Max relative difference among violations: 0.00012955
E            ACTUAL: array(0.999705)
E            DESIRED: array(0.999576)

tests/parity/test_regression.py:1002: AssertionError
_ test_nns_reg_confidence_interval_matches_r[1-mean-point_est2-0.8-quadratic] __
[gw0] linux -- Python 3.11.15 /opt/hostedtoolcache/Python/3.11.15/x64/bin/python

rng = Generator(PCG64) at 0x7FBB8D459000, relationship = 'quadratic'
confidence_interval = 0.8, point_est = array([-3. , -1. ,  0. ,  2.5])
order = 1, noise = 'mean'

    @pytest.mark.parity
    @pytest.mark.parametrize("relationship", ["linear", "quadratic", "sin"])
    @pytest.mark.parametrize("confidence_interval", [0.8, 0.95])
    @pytest.mark.parametrize(
        "point_est",
        [
            None,
            np.array([-1.0, 0.0, 1.0]),
            np.array([-3.0, -1.0, 0.0, 2.5]),
        ],
    )
    @pytest.mark.parametrize(("order", "noise"), CI_REGRESSION_CASES)
    def test_nns_reg_confidence_interval_matches_r(
        rng: np.random.Generator,
        relationship: str,
        confidence_interval: float,
        point_est: np.ndarray | None,
        order: int | None,
        noise: str,
    ) -> None:
        x, y = _relationship(relationship, 50, rng)
    
        expected = _r_nns_reg(
            x,
            y,
            order=order,
            noise=noise,
            point_est=point_est,
            confidence_interval=confidence_interval,
        )
        actual = nns_reg(
            x,
            y,
            order=order,
            noise_reduction=cast(NoiseReduction, noise),
            point_est=point_est,
            confidence_interval=confidence_interval,
        )
    
>       _assert_reg_matches(actual, expected)

tests/parity/test_regression.py:582: 
_ _ _ _ _ _ _ _ _ _ _ _ _ _ _ _ _ _ _ _ _ _ _ _ _ _ _ _ _ _ _ _ _ _ _ _ _ _ _ _ 
tests/parity/test_regression.py:938: in _assert_reg_matches
    _assert_scalar_or_empty(actual["R2"], expected["R2"], atol)
_ _ _ _ _ _ _ _ _ _ _ _ _ _ _ _ _ _ _ _ _ _ _ _ _ _ _ _ _ _ _ _ _ _ _ _ _ _ _ _ 

actual = 0.9378751500600243, expected = array(-0.33798135), atol = 1e-10

    def _assert_scalar_or_empty(actual: object, expected: object, atol: float) -> None:
        """Compare a scalar metric, treating port ``None`` as R's empty (NULL)."""
        if actual is None:
            assert _array(expected).size == 0
        else:
>           np.testing.assert_allclose(actual, _array(expected), atol=atol)
E           AssertionError: 
E           Not equal to tolerance rtol=1e-07, atol=1e-10
E           
E           Mismatched elements: 1 / 1 (100%)
E           Max absolute difference among violations: 1.2758565
E           Max relative difference among violations: 3.77493169
E            ACTUAL: array(0.937875)
E            DESIRED: array(-0.337981)

tests/parity/test_regression.py:1002: AssertionError
__ test_nns_reg_confidence_interval_matches_r[2-off-point_est1-0.8-quadratic] __
[gw3] linux -- Python 3.11.15 /opt/hostedtoolcache/Python/3.11.15/x64/bin/python

rng = Generator(PCG64) at 0x7F625615A340, relationship = 'quadratic'
confidence_interval = 0.8, point_est = array([-1.,  0.,  1.]), order = 2
noise = 'off'

    @pytest.mark.parity
    @pytest.mark.parametrize("relationship", ["linear", "quadratic", "sin"])
    @pytest.mark.parametrize("confidence_interval", [0.8, 0.95])
    @pytest.mark.parametrize(
        "point_est",
        [
            None,
            np.array([-1.0, 0.0, 1.0]),
            np.array([-3.0, -1.0, 0.0, 2.5]),
        ],
    )
    @pytest.mark.parametrize(("order", "noise"), CI_REGRESSION_CASES)
    def test_nns_reg_confidence_interval_matches_r(
        rng: np.random.Generator,
        relationship: str,
        confidence_interval: float,
        point_est: np.ndarray | None,
        order: int | None,
        noise: str,
    ) -> None:
        x, y = _relationship(relationship, 50, rng)
    
        expected = _r_nns_reg(
            x,
            y,
            order=order,
            noise=noise,
            point_est=point_est,
            confidence_interval=confidence_interval,
        )
        actual = nns_reg(
            x,
            y,
            order=order,
            noise_reduction=cast(NoiseReduction, noise),
            point_est=point_est,
            confidence_interval=confidence_interval,
        )
    
>       _assert_reg_matches(actual, expected)

tests/parity/test_regression.py:582: 
_ _ _ _ _ _ _ _ _ _ _ _ _ _ _ _ _ _ _ _ _ _ _ _ _ _ _ _ _ _ _ _ _ _ _ _ _ _ _ _ 
tests/parity/test_regression.py:938: in _assert_reg_matches
    _assert_scalar_or_empty(actual["R2"], expected["R2"], atol)
_ _ _ _ _ _ _ _ _ _ _ _ _ _ _ _ _ _ _ _ _ _ _ _ _ _ _ _ _ _ _ _ _ _ _ _ _ _ _ _ 

actual = 0.9469616489366707, expected = array(0.85722284), atol = 1e-10

    def _assert_scalar_or_empty(actual: object, expected: object, atol: float) -> None:
        """Compare a scalar metric, treating port ``None`` as R's empty (NULL)."""
        if actual is None:
            assert _array(expected).size == 0
        else:
>           np.testing.assert_allclose(actual, _array(expected), atol=atol)
E           AssertionError: 
E           Not equal to tolerance rtol=1e-07, atol=1e-10
E           
E           Mismatched elements: 1 / 1 (100%)
E           Max absolute difference among violations: 0.08973881
E           Max relative difference among violations: 0.10468551
E            ACTUAL: array(0.946962)
E            DESIRED: array(0.857223)

tests/parity/test_regression.py:1002: AssertionError
____ test_nns_reg_confidence_interval_matches_r[1-off-None-0.95-quadratic] _____
[gw2] linux -- Python 3.11.15 /opt/hostedtoolcache/Python/3.11.15/x64/bin/python

rng = Generator(PCG64) at 0x7F97EE883840, relationship = 'quadratic'
confidence_interval = 0.95, point_est = None, order = 1, noise = 'off'

    @pytest.mark.parity
    @pytest.mark.parametrize("relationship", ["linear", "quadratic", "sin"])
    @pytest.mark.parametrize("confidence_interval", [0.8, 0.95])
    @pytest.mark.parametrize(
        "point_est",
        [
            None,
            np.array([-1.0, 0.0, 1.0]),
            np.array([-3.0, -1.0, 0.0, 2.5]),
        ],
    )
    @pytest.mark.parametrize(("order", "noise"), CI_REGRESSION_CASES)
    def test_nns_reg_confidence_interval_matches_r(
        rng: np.random.Generator,
        relationship: str,
        confidence_interval: float,
        point_est: np.ndarray | None,
        order: int | None,
        noise: str,
    ) -> None:
        x, y = _relationship(relationship, 50, rng)
    
        expected = _r_nns_reg(
            x,
            y,
            order=order,
            noise=noise,
            point_est=point_est,
            confidence_interval=confidence_interval,
        )
        actual = nns_reg(
            x,
            y,
            order=order,
            noise_reduction=cast(NoiseReduction, noise),
            point_est=point_est,
            confidence_interval=confidence_interval,
        )
    
>       _assert_reg_matches(actual, expected)

tests/parity/test_regression.py:582: 
_ _ _ _ _ _ _ _ _ _ _ _ _ _ _ _ _ _ _ _ _ _ _ _ _ _ _ _ _ _ _ _ _ _ _ _ _ _ _ _ 
tests/parity/test_regression.py:938: in _assert_reg_matches
    _assert_scalar_or_empty(actual["R2"], expected["R2"], atol)
_ _ _ _ _ _ _ _ _ _ _ _ _ _ _ _ _ _ _ _ _ _ _ _ _ _ _ _ _ _ _ _ _ _ _ _ _ _ _ _ 

actual = 0.9358840137673635, expected = array(0.07683621), atol = 1e-10

    def _assert_scalar_or_empty(actual: object, expected: object, atol: float) -> None:
        """Compare a scalar metric, treating port ``None`` as R's empty (NULL)."""
        if actual is None:
            assert _array(expected).size == 0
        else:
>           np.testing.assert_allclose(actual, _array(expected), atol=atol)
E           AssertionError: 
E           Not equal to tolerance rtol=1e-07, atol=1e-10
E           
E           Mismatched elements: 1 / 1 (100%)
E           Max absolute difference among violations: 0.85904781
E           Max relative difference among violations: 11.18024717
E            ACTUAL: array(0.935884)
E            DESIRED: array(0.076836)

tests/parity/test_regression.py:1002: AssertionError
_____ test_nns_reg_confidence_interval_matches_r[2-off-point_est1-0.8-sin] _____
[gw3] linux -- Python 3.11.15 /opt/hostedtoolcache/Python/3.11.15/x64/bin/python

rng = Generator(PCG64) at 0x7F625615A880, relationship = 'sin'
confidence_interval = 0.8, point_est = array([-1.,  0.,  1.]), order = 2
noise = 'off'

    @pytest.mark.parity
    @pytest.mark.parametrize("relationship", ["linear", "quadratic", "sin"])
    @pytest.mark.parametrize("confidence_interval", [0.8, 0.95])
    @pytest.mark.parametrize(
        "point_est",
        [
            None,
            np.array([-1.0, 0.0, 1.0]),
            np.array([-3.0, -1.0, 0.0, 2.5]),
        ],
    )
    @pytest.mark.parametrize(("order", "noise"), CI_REGRESSION_CASES)
    def test_nns_reg_confidence_interval_matches_r(
        rng: np.random.Generator,
        relationship: str,
        confidence_interval: float,
        point_est: np.ndarray | None,
        order: int | None,
        noise: str,
    ) -> None:
        x, y = _relationship(relationship, 50, rng)
    
        expected = _r_nns_reg(
            x,
            y,
            order=order,
            noise=noise,
            point_est=point_est,
            confidence_interval=confidence_interval,
        )
        actual = nns_reg(
            x,
            y,
            order=order,
            noise_reduction=cast(NoiseReduction, noise),
            point_est=point_est,
            confidence_interval=confidence_interval,
        )
    
>       _assert_reg_matches(actual, expected)

tests/parity/test_regression.py:582: 
_ _ _ _ _ _ _ _ _ _ _ _ _ _ _ _ _ _ _ _ _ _ _ _ _ _ _ _ _ _ _ _ _ _ _ _ _ _ _ _ 
tests/parity/test_regression.py:938: in _assert_reg_matches
    _assert_scalar_or_empty(actual["R2"], expected["R2"], atol)
_ _ _ _ _ _ _ _ _ _ _ _ _ _ _ _ _ _ _ _ _ _ _ _ _ _ _ _ _ _ _ _ _ _ _ _ _ _ _ _ 

actual = 0.996863828889251, expected = array(0.98544413), atol = 1e-10

    def _assert_scalar_or_empty(actual: object, expected: object, atol: float) -> None:
        """Compare a scalar metric, treating port ``None`` as R's empty (NULL)."""
        if actual is None:
            assert _array(expected).size == 0
        else:
>           np.testing.assert_allclose(actual, _array(expected), atol=atol)
E           AssertionError: 
E           Not equal to tolerance rtol=1e-07, atol=1e-10
E           
E           Mismatched elements: 1 / 1 (100%)
E           Max absolute difference among violations: 0.01141969
E           Max relative difference among violations: 0.01158837
E            ACTUAL: array(0.996864)
E            DESIRED: array(0.985444)

tests/parity/test_regression.py:1002: AssertionError
____ test_nns_reg_confidence_interval_matches_r[1-mean-point_est2-0.8-sin] _____
[gw0] linux -- Python 3.11.15 /opt/hostedtoolcache/Python/3.11.15/x64/bin/python

rng = Generator(PCG64) at 0x7FBB8D4599A0, relationship = 'sin'
confidence_interval = 0.8, point_est = array([-3. , -1. ,  0. ,  2.5])
order = 1, noise = 'mean'

    @pytest.mark.parity
    @pytest.mark.parametrize("relationship", ["linear", "quadratic", "sin"])
    @pytest.mark.parametrize("confidence_interval", [0.8, 0.95])
    @pytest.mark.parametrize(
        "point_est",
        [
            None,
            np.array([-1.0, 0.0, 1.0]),
            np.array([-3.0, -1.0, 0.0, 2.5]),
        ],
    )
    @pytest.mark.parametrize(("order", "noise"), CI_REGRESSION_CASES)
    def test_nns_reg_confidence_interval_matches_r(
        rng: np.random.Generator,
        relationship: str,
        confidence_interval: float,
        point_est: np.ndarray | None,
        order: int | None,
        noise: str,
    ) -> None:
        x, y = _relationship(relationship, 50, rng)
    
        expected = _r_nns_reg(
            x,
            y,
            order=order,
            noise=noise,
            point_est=point_est,
            confidence_interval=confidence_interval,
        )
        actual = nns_reg(
            x,
            y,
            order=order,
            noise_reduction=cast(NoiseReduction, noise),
            point_est=point_est,
            confidence_interval=confidence_interval,
        )
    
>       _assert_reg_matches(actual, expected)

tests/parity/test_regression.py:582: 
_ _ _ _ _ _ _ _ _ _ _ _ _ _ _ _ _ _ _ _ _ _ _ _ _ _ _ _ _ _ _ _ _ _ _ _ _ _ _ _ 
tests/parity/test_regression.py:938: in _assert_reg_matches
    _assert_scalar_or_empty(actual["R2"], expected["R2"], atol)
_ _ _ _ _ _ _ _ _ _ _ _ _ _ _ _ _ _ _ _ _ _ _ _ _ _ _ _ _ _ _ _ _ _ _ _ _ _ _ _ 

actual = 0.9523361668629529, expected = array(0.8717489), atol = 1e-10

    def _assert_scalar_or_empty(actual: object, expected: object, atol: float) -> None:
        """Compare a scalar metric, treating port ``None`` as R's empty (NULL)."""
        if actual is None:
            assert _array(expected).size == 0
        else:
>           np.testing.assert_allclose(actual, _array(expected), atol=atol)
E           AssertionError: 
E           Not equal to tolerance rtol=1e-07, atol=1e-10
E           
E           Mismatched elements: 1 / 1 (100%)
E           Max absolute difference among violations: 0.08058727
E           Max relative difference among violations: 0.09244322
E            ACTUAL: array(0.952336)
E            DESIRED: array(0.871749)

tests/parity/test_regression.py:1002: AssertionError
_______ test_nns_reg_confidence_interval_matches_r[1-off-None-0.95-sin] ________
[gw2] linux -- Python 3.11.15 /opt/hostedtoolcache/Python/3.11.15/x64/bin/python

rng = Generator(PCG64) at 0x7F97EE738E40, relationship = 'sin'
confidence_interval = 0.95, point_est = None, order = 1, noise = 'off'

    @pytest.mark.parity
    @pytest.mark.parametrize("relationship", ["linear", "quadratic", "sin"])
    @pytest.mark.parametrize("confidence_interval", [0.8, 0.95])
    @pytest.mark.parametrize(
        "point_est",
        [
            None,
            np.array([-1.0, 0.0, 1.0]),
            np.array([-3.0, -1.0, 0.0, 2.5]),
        ],
    )
    @pytest.mark.parametrize(("order", "noise"), CI_REGRESSION_CASES)
    def test_nns_reg_confidence_interval_matches_r(
        rng: np.random.Generator,
        relationship: str,
        confidence_interval: float,
        point_est: np.ndarray | None,
        order: int | None,
        noise: str,
    ) -> None:
        x, y = _relationship(relationship, 50, rng)
    
        expected = _r_nns_reg(
            x,
            y,
            order=order,
            noise=noise,
            point_est=point_est,
            confidence_interval=confidence_interval,
        )
        actual = nns_reg(
            x,
            y,
            order=order,
            noise_reduction=cast(NoiseReduction, noise),
            point_est=point_est,
            confidence_interval=confidence_interval,
        )
    
>       _assert_reg_matches(actual, expected)

tests/parity/test_regression.py:582: 
_ _ _ _ _ _ _ _ _ _ _ _ _ _ _ _ _ _ _ _ _ _ _ _ _ _ _ _ _ _ _ _ _ _ _ _ _ _ _ _ 
tests/parity/test_regression.py:938: in _assert_reg_matches
    _assert_scalar_or_empty(actual["R2"], expected["R2"], atol)
_ _ _ _ _ _ _ _ _ _ _ _ _ _ _ _ _ _ _ _ _ _ _ _ _ _ _ _ _ _ _ _ _ _ _ _ _ _ _ _ 

actual = 0.9398028417066483, expected = array(0.84650604), atol = 1e-10

    def _assert_scalar_or_empty(actual: object, expected: object, atol: float) -> None:
        """Compare a scalar metric, treating port ``None`` as R's empty (NULL)."""
        if actual is None:
            assert _array(expected).size == 0
        else:
>           np.testing.assert_allclose(actual, _array(expected), atol=atol)
E           AssertionError: 
E           Not equal to tolerance rtol=1e-07, atol=1e-10
E           
E           Mismatched elements: 1 / 1 (100%)
E           Max absolute difference among violations: 0.0932968
E           Max relative difference among violations: 0.11021398
E            ACTUAL: array(0.939803)
E            DESIRED: array(0.846506)

tests/parity/test_regression.py:1002: AssertionError
___ test_nns_reg_confidence_interval_matches_r[2-off-point_est1-0.95-linear] ___
[gw3] linux -- Python 3.11.15 /opt/hostedtoolcache/Python/3.11.15/x64/bin/python

rng = Generator(PCG64) at 0x7F625615AC00, relationship = 'linear'
confidence_interval = 0.95, point_est = array([-1.,  0.,  1.]), order = 2
noise = 'off'

    @pytest.mark.parity
    @pytest.mark.parametrize("relationship", ["linear", "quadratic", "sin"])
    @pytest.mark.parametrize("confidence_interval", [0.8, 0.95])
    @pytest.mark.parametrize(
        "point_est",
        [
            None,
            np.array([-1.0, 0.0, 1.0]),
            np.array([-3.0, -1.0, 0.0, 2.5]),
        ],
    )
    @pytest.mark.parametrize(("order", "noise"), CI_REGRESSION_CASES)
    def test_nns_reg_confidence_interval_matches_r(
        rng: np.random.Generator,
        relationship: str,
        confidence_interval: float,
        point_est: np.ndarray | None,
        order: int | None,
        noise: str,
    ) -> None:
        x, y = _relationship(relationship, 50, rng)
    
        expected = _r_nns_reg(
            x,
            y,
            order=order,
            noise=noise,
            point_est=point_est,
            confidence_interval=confidence_interval,
        )
        actual = nns_reg(
            x,
            y,
            order=order,
            noise_reduction=cast(NoiseReduction, noise),
            point_est=point_est,
            confidence_interval=confidence_interval,
        )
    
>       _assert_reg_matches(actual, expected)

tests/parity/test_regression.py:582: 
_ _ _ _ _ _ _ _ _ _ _ _ _ _ _ _ _ _ _ _ _ _ _ _ _ _ _ _ _ _ _ _ _ _ _ _ _ _ _ _ 
tests/parity/test_regression.py:938: in _assert_reg_matches
    _assert_scalar_or_empty(actual["R2"], expected["R2"], atol)
_ _ _ _ _ _ _ _ _ _ _ _ _ _ _ _ _ _ _ _ _ _ _ _ _ _ _ _ _ _ _ _ _ _ _ _ _ _ _ _ 

actual = 0.9997072411752134, expected = array(0.99956473), atol = 1e-10

    def _assert_scalar_or_empty(actual: object, expected: object, atol: float) -> None:
        """Compare a scalar metric, treating port ``None`` as R's empty (NULL)."""
        if actual is None:
            assert _array(expected).size == 0
        else:
>           np.testing.assert_allclose(actual, _array(expected), atol=atol)
E           AssertionError: 
E           Not equal to tolerance rtol=1e-07, atol=1e-10
E           
E           Mismatched elements: 1 / 1 (100%)
E           Max absolute difference among violations: 0.00014252
E           Max relative difference among violations: 0.00014258
E            ACTUAL: array(0.999707)
E            DESIRED: array(0.999565)

tests/parity/test_regression.py:1002: AssertionError
___ test_nns_reg_confidence_interval_matches_r[1-off-point_est1-0.8-linear] ____
[gw2] linux -- Python 3.11.15 /opt/hostedtoolcache/Python/3.11.15/x64/bin/python

rng = Generator(PCG64) at 0x7F97EE738AC0, relationship = 'linear'
confidence_interval = 0.8, point_est = array([-1.,  0.,  1.]), order = 1
noise = 'off'

    @pytest.mark.parity
    @pytest.mark.parametrize("relationship", ["linear", "quadratic", "sin"])
    @pytest.mark.parametrize("confidence_interval", [0.8, 0.95])
    @pytest.mark.parametrize(
        "point_est",
        [
            None,
            np.array([-1.0, 0.0, 1.0]),
            np.array([-3.0, -1.0, 0.0, 2.5]),
        ],
    )
    @pytest.mark.parametrize(("order", "noise"), CI_REGRESSION_CASES)
    def test_nns_reg_confidence_interval_matches_r(
        rng: np.random.Generator,
        relationship: str,
        confidence_interval: float,
        point_est: np.ndarray | None,
        order: int | None,
        noise: str,
    ) -> None:
        x, y = _relationship(relationship, 50, rng)
    
        expected = _r_nns_reg(
            x,
            y,
            order=order,
            noise=noise,
            point_est=point_est,
            confidence_interval=confidence_interval,
        )
        actual = nns_reg(
            x,
            y,
            order=order,
            noise_reduction=cast(NoiseReduction, noise),
            point_est=point_est,
            confidence_interval=confidence_interval,
        )
    
>       _assert_reg_matches(actual, expected)

tests/parity/test_regression.py:582: 
_ _ _ _ _ _ _ _ _ _ _ _ _ _ _ _ _ _ _ _ _ _ _ _ _ _ _ _ _ _ _ _ _ _ _ _ _ _ _ _ 
tests/parity/test_regression.py:938: in _assert_reg_matches
    _assert_scalar_or_empty(actual["R2"], expected["R2"], atol)
_ _ _ _ _ _ _ _ _ _ _ _ _ _ _ _ _ _ _ _ _ _ _ _ _ _ _ _ _ _ _ _ _ _ _ _ _ _ _ _ 

actual = 0.9997050884385357, expected = array(0.99957559), atol = 1e-10

    def _assert_scalar_or_empty(actual: object, expected: object, atol: float) -> None:
        """Compare a scalar metric, treating port ``None`` as R's empty (NULL)."""
        if actual is None:
            assert _array(expected).size == 0
        else:
>           np.testing.assert_allclose(actual, _array(expected), atol=atol)
E           AssertionError: 
E           Not equal to tolerance rtol=1e-07, atol=1e-10
E           
E           Mismatched elements: 1 / 1 (100%)
E           Max absolute difference among violations: 0.00012949
E           Max relative difference among violations: 0.00012955
E            ACTUAL: array(0.999705)
E            DESIRED: array(0.999576)

tests/parity/test_regression.py:1002: AssertionError
__ test_nns_reg_confidence_interval_matches_r[1-off-point_est1-0.8-quadratic] __
[gw2] linux -- Python 3.11.15 /opt/hostedtoolcache/Python/3.11.15/x64/bin/python

rng = Generator(PCG64) at 0x7F97EE738580, relationship = 'quadratic'
confidence_interval = 0.8, point_est = array([-1.,  0.,  1.]), order = 1
noise = 'off'

    @pytest.mark.parity
    @pytest.mark.parametrize("relationship", ["linear", "quadratic", "sin"])
    @pytest.mark.parametrize("confidence_interval", [0.8, 0.95])
    @pytest.mark.parametrize(
        "point_est",
        [
            None,
            np.array([-1.0, 0.0, 1.0]),
            np.array([-3.0, -1.0, 0.0, 2.5]),
        ],
    )
    @pytest.mark.parametrize(("order", "noise"), CI_REGRESSION_CASES)
    def test_nns_reg_confidence_interval_matches_r(
        rng: np.random.Generator,
        relationship: str,
        confidence_interval: float,
        point_est: np.ndarray | None,
        order: int | None,
        noise: str,
    ) -> None:
        x, y = _relationship(relationship, 50, rng)
    
        expected = _r_nns_reg(
            x,
            y,
            order=order,
            noise=noise,
            point_est=point_est,
            confidence_interval=confidence_interval,
        )
        actual = nns_reg(
            x,
            y,
            order=order,
            noise_reduction=cast(NoiseReduction, noise),
            point_est=point_est,
            confidence_interval=confidence_interval,
        )
    
>       _assert_reg_matches(actual, expected)

tests/parity/test_regression.py:582: 
_ _ _ _ _ _ _ _ _ _ _ _ _ _ _ _ _ _ _ _ _ _ _ _ _ _ _ _ _ _ _ _ _ _ _ _ _ _ _ _ 
tests/parity/test_regression.py:938: in _assert_reg_matches
    _assert_scalar_or_empty(actual["R2"], expected["R2"], atol)
_ _ _ _ _ _ _ _ _ _ _ _ _ _ _ _ _ _ _ _ _ _ _ _ _ _ _ _ _ _ _ _ _ _ _ _ _ _ _ _ 

actual = 0.9358840137673635, expected = array(0.07683621), atol = 1e-10

    def _assert_scalar_or_empty(actual: object, expected: object, atol: float) -> None:
        """Compare a scalar metric, treating port ``None`` as R's empty (NULL)."""
        if actual is None:
            assert _array(expected).size == 0
        else:
>           np.testing.assert_allclose(actual, _array(expected), atol=atol)
E           AssertionError: 
E           Not equal to tolerance rtol=1e-07, atol=1e-10
E           
E           Mismatched elements: 1 / 1 (100%)
E           Max absolute difference among violations: 0.85904781
E           Max relative difference among violations: 11.18024717
E            ACTUAL: array(0.935884)
E            DESIRED: array(0.076836)

tests/parity/test_regression.py:1002: AssertionError
__ test_nns_reg_confidence_interval_matches_r[1-mean-point_est2-0.95-linear] ___
[gw0] linux -- Python 3.11.15 /opt/hostedtoolcache/Python/3.11.15/x64/bin/python

rng = Generator(PCG64) at 0x7FBB8D459B60, relationship = 'linear'
confidence_interval = 0.95, point_est = array([-3. , -1. ,  0. ,  2.5])
order = 1, noise = 'mean'

    @pytest.mark.parity
    @pytest.mark.parametrize("relationship", ["linear", "quadratic", "sin"])
    @pytest.mark.parametrize("confidence_interval", [0.8, 0.95])
    @pytest.mark.parametrize(
        "point_est",
        [
            None,
            np.array([-1.0, 0.0, 1.0]),
            np.array([-3.0, -1.0, 0.0, 2.5]),
        ],
    )
    @pytest.mark.parametrize(("order", "noise"), CI_REGRESSION_CASES)
    def test_nns_reg_confidence_interval_matches_r(
        rng: np.random.Generator,
        relationship: str,
        confidence_interval: float,
        point_est: np.ndarray | None,
        order: int | None,
        noise: str,
    ) -> None:
        x, y = _relationship(relationship, 50, rng)
    
        expected = _r_nns_reg(
            x,
            y,
            order=order,
            noise=noise,
            point_est=point_est,
            confidence_interval=confidence_interval,
        )
        actual = nns_reg(
            x,
            y,
            order=order,
            noise_reduction=cast(NoiseReduction, noise),
            point_est=point_est,
            confidence_interval=confidence_interval,
        )
    
>       _assert_reg_matches(actual, expected)

tests/parity/test_regression.py:582: 
_ _ _ _ _ _ _ _ _ _ _ _ _ _ _ _ _ _ _ _ _ _ _ _ _ _ _ _ _ _ _ _ _ _ _ _ _ _ _ _ 
tests/parity/test_regression.py:938: in _assert_reg_matches
    _assert_scalar_or_empty(actual["R2"], expected["R2"], atol)
_ _ _ _ _ _ _ _ _ _ _ _ _ _ _ _ _ _ _ _ _ _ _ _ _ _ _ _ _ _ _ _ _ _ _ _ _ _ _ _ 

actual = 0.999693720605179, expected = array(0.99962918), atol = 1e-10

    def _assert_scalar_or_empty(actual: object, expected: object, atol: float) -> None:
        """Compare a scalar metric, treating port ``None`` as R's empty (NULL)."""
        if actual is None:
            assert _array(expected).size == 0
        else:
>           np.testing.assert_allclose(actual, _array(expected), atol=atol)
E           AssertionError: 
E           Not equal to tolerance rtol=1e-07, atol=1e-10
E           
E           Mismatched elements: 1 / 1 (100%)
E           Max absolute difference among violations: 6.45397606e-05
E           Max relative difference among violations: 6.45637021e-05
E            ACTUAL: array(0.999694)
E            DESIRED: array(0.999629)

tests/parity/test_regression.py:1002: AssertionError
_____ test_nns_reg_confidence_interval_matches_r[1-off-point_est1-0.8-sin] _____
[gw2] linux -- Python 3.11.15 /opt/hostedtoolcache/Python/3.11.15/x64/bin/python

rng = Generator(PCG64) at 0x7F97EE738120, relationship = 'sin'
confidence_interval = 0.8, point_est = array([-1.,  0.,  1.]), order = 1
noise = 'off'

    @pytest.mark.parity
    @pytest.mark.parametrize("relationship", ["linear", "quadratic", "sin"])
    @pytest.mark.parametrize("confidence_interval", [0.8, 0.95])
    @pytest.mark.parametrize(
        "point_est",
        [
            None,
            np.array([-1.0, 0.0, 1.0]),
            np.array([-3.0, -1.0, 0.0, 2.5]),
        ],
    )
    @pytest.mark.parametrize(("order", "noise"), CI_REGRESSION_CASES)
    def test_nns_reg_confidence_interval_matches_r(
        rng: np.random.Generator,
        relationship: str,
        confidence_interval: float,
        point_est: np.ndarray | None,
        order: int | None,
        noise: str,
    ) -> None:
        x, y = _relationship(relationship, 50, rng)
    
        expected = _r_nns_reg(
            x,
            y,
            order=order,
            noise=noise,
            point_est=point_est,
            confidence_interval=confidence_interval,
        )
        actual = nns_reg(
            x,
            y,
            order=order,
            noise_reduction=cast(NoiseReduction, noise),
            point_est=point_est,
            confidence_interval=confidence_interval,
        )
    
>       _assert_reg_matches(actual, expected)

tests/parity/test_regression.py:582: 
_ _ _ _ _ _ _ _ _ _ _ _ _ _ _ _ _ _ _ _ _ _ _ _ _ _ _ _ _ _ _ _ _ _ _ _ _ _ _ _ 
tests/parity/test_regression.py:938: in _assert_reg_matches
    _assert_scalar_or_empty(actual["R2"], expected["R2"], atol)
_ _ _ _ _ _ _ _ _ _ _ _ _ _ _ _ _ _ _ _ _ _ _ _ _ _ _ _ _ _ _ _ _ _ _ _ _ _ _ _ 

actual = 0.9398028417066483, expected = array(0.84650604), atol = 1e-10

    def _assert_scalar_or_empty(actual: object, expected: object, atol: float) -> None:
        """Compare a scalar metric, treating port ``None`` as R's empty (NULL)."""
        if actual is None:
            assert _array(expected).size == 0
        else:
>           np.testing.assert_allclose(actual, _array(expected), atol=atol)
E           AssertionError: 
E           Not equal to tolerance rtol=1e-07, atol=1e-10
E           
E           Mismatched elements: 1 / 1 (100%)
E           Max absolute difference among violations: 0.0932968
E           Max relative difference among violations: 0.11021398
E            ACTUAL: array(0.939803)
E            DESIRED: array(0.846506)

tests/parity/test_regression.py:1002: AssertionError
_ test_nns_reg_confidence_interval_matches_r[2-off-point_est1-0.95-quadratic] __
[gw3] linux -- Python 3.11.15 /opt/hostedtoolcache/Python/3.11.15/x64/bin/python

rng = Generator(PCG64) at 0x7F625615B3E0, relationship = 'quadratic'
confidence_interval = 0.95, point_est = array([-1.,  0.,  1.]), order = 2
noise = 'off'

    @pytest.mark.parity
    @pytest.mark.parametrize("relationship", ["linear", "quadratic", "sin"])
    @pytest.mark.parametrize("confidence_interval", [0.8, 0.95])
    @pytest.mark.parametrize(
        "point_est",
        [
            None,
            np.array([-1.0, 0.0, 1.0]),
            np.array([-3.0, -1.0, 0.0, 2.5]),
        ],
    )
    @pytest.mark.parametrize(("order", "noise"), CI_REGRESSION_CASES)
    def test_nns_reg_confidence_interval_matches_r(
        rng: np.random.Generator,
        relationship: str,
        confidence_interval: float,
        point_est: np.ndarray | None,
        order: int | None,
        noise: str,
    ) -> None:
        x, y = _relationship(relationship, 50, rng)
    
        expected = _r_nns_reg(
            x,
            y,
            order=order,
            noise=noise,
            point_est=point_est,
            confidence_interval=confidence_interval,
        )
        actual = nns_reg(
            x,
            y,
            order=order,
            noise_reduction=cast(NoiseReduction, noise),
            point_est=point_est,
            confidence_interval=confidence_interval,
        )
    
>       _assert_reg_matches(actual, expected)

tests/parity/test_regression.py:582: 
_ _ _ _ _ _ _ _ _ _ _ _ _ _ _ _ _ _ _ _ _ _ _ _ _ _ _ _ _ _ _ _ _ _ _ _ _ _ _ _ 
tests/parity/test_regression.py:938: in _assert_reg_matches
    _assert_scalar_or_empty(actual["R2"], expected["R2"], atol)
_ _ _ _ _ _ _ _ _ _ _ _ _ _ _ _ _ _ _ _ _ _ _ _ _ _ _ _ _ _ _ _ _ _ _ _ _ _ _ _ 

actual = 0.9469616489366707, expected = array(0.85722284), atol = 1e-10

    def _assert_scalar_or_empty(actual: object, expected: object, atol: float) -> None:
        """Compare a scalar metric, treating port ``None`` as R's empty (NULL)."""
        if actual is None:
            assert _array(expected).size == 0
        else:
>           np.testing.assert_allclose(actual, _array(expected), atol=atol)
E           AssertionError: 
E           Not equal to tolerance rtol=1e-07, atol=1e-10
E           
E           Mismatched elements: 1 / 1 (100%)
E           Max absolute difference among violations: 0.08973881
E           Max relative difference among violations: 0.10468551
E            ACTUAL: array(0.946962)
E            DESIRED: array(0.857223)

tests/parity/test_regression.py:1002: AssertionError
_ test_nns_reg_confidence_interval_matches_r[1-mean-point_est2-0.95-quadratic] _
[gw0] linux -- Python 3.11.15 /opt/hostedtoolcache/Python/3.11.15/x64/bin/python

rng = Generator(PCG64) at 0x7FBB8FF27920, relationship = 'quadratic'
confidence_interval = 0.95, point_est = array([-3. , -1. ,  0. ,  2.5])
order = 1, noise = 'mean'

    @pytest.mark.parity
    @pytest.mark.parametrize("relationship", ["linear", "quadratic", "sin"])
    @pytest.mark.parametrize("confidence_interval", [0.8, 0.95])
    @pytest.mark.parametrize(
        "point_est",
        [
            None,
            np.array([-1.0, 0.0, 1.0]),
            np.array([-3.0, -1.0, 0.0, 2.5]),
        ],
    )
    @pytest.mark.parametrize(("order", "noise"), CI_REGRESSION_CASES)
    def test_nns_reg_confidence_interval_matches_r(
        rng: np.random.Generator,
        relationship: str,
        confidence_interval: float,
        point_est: np.ndarray | None,
        order: int | None,
        noise: str,
    ) -> None:
        x, y = _relationship(relationship, 50, rng)
    
        expected = _r_nns_reg(
            x,
            y,
            order=order,
            noise=noise,
            point_est=point_est,
            confidence_interval=confidence_interval,
        )
        actual = nns_reg(
            x,
            y,
            order=order,
            noise_reduction=cast(NoiseReduction, noise),
            point_est=point_est,
            confidence_interval=confidence_interval,
        )
    
>       _assert_reg_matches(actual, expected)

tests/parity/test_regression.py:582: 
_ _ _ _ _ _ _ _ _ _ _ _ _ _ _ _ _ _ _ _ _ _ _ _ _ _ _ _ _ _ _ _ _ _ _ _ _ _ _ _ 
tests/parity/test_regression.py:938: in _assert_reg_matches
    _assert_scalar_or_empty(actual["R2"], expected["R2"], atol)
_ _ _ _ _ _ _ _ _ _ _ _ _ _ _ _ _ _ _ _ _ _ _ _ _ _ _ _ _ _ _ _ _ _ _ _ _ _ _ _ 

actual = 0.9378751500600243, expected = array(-0.33798135), atol = 1e-10

    def _assert_scalar_or_empty(actual: object, expected: object, atol: float) -> None:
        """Compare a scalar metric, treating port ``None`` as R's empty (NULL)."""
        if actual is None:
            assert _array(expected).size == 0
        else:
>           np.testing.assert_allclose(actual, _array(expected), atol=atol)
E           AssertionError: 
E           Not equal to tolerance rtol=1e-07, atol=1e-10
E           
E           Mismatched elements: 1 / 1 (100%)
E           Max absolute difference among violations: 1.2758565
E           Max relative difference among violations: 3.77493169
E            ACTUAL: array(0.937875)
E            DESIRED: array(-0.337981)

tests/parity/test_regression.py:1002: AssertionError
____ test_nns_reg_confidence_interval_matches_r[2-off-point_est1-0.95-sin] _____
[gw3] linux -- Python 3.11.15 /opt/hostedtoolcache/Python/3.11.15/x64/bin/python

rng = Generator(PCG64) at 0x7F62560CBD80, relationship = 'sin'
confidence_interval = 0.95, point_est = array([-1.,  0.,  1.]), order = 2
noise = 'off'

    @pytest.mark.parity
    @pytest.mark.parametrize("relationship", ["linear", "quadratic", "sin"])
    @pytest.mark.parametrize("confidence_interval", [0.8, 0.95])
    @pytest.mark.parametrize(
        "point_est",
        [
            None,
            np.array([-1.0, 0.0, 1.0]),
            np.array([-3.0, -1.0, 0.0, 2.5]),
        ],
    )
    @pytest.mark.parametrize(("order", "noise"), CI_REGRESSION_CASES)
    def test_nns_reg_confidence_interval_matches_r(
        rng: np.random.Generator,
        relationship: str,
        confidence_interval: float,
        point_est: np.ndarray | None,
        order: int | None,
        noise: str,
    ) -> None:
        x, y = _relationship(relationship, 50, rng)
    
        expected = _r_nns_reg(
            x,
            y,
            order=order,
            noise=noise,
            point_est=point_est,
            confidence_interval=confidence_interval,
        )
        actual = nns_reg(
            x,
            y,
            order=order,
            noise_reduction=cast(NoiseReduction, noise),
            point_est=point_est,
            confidence_interval=confidence_interval,
        )
    
>       _assert_reg_matches(actual, expected)

tests/parity/test_regression.py:582: 
_ _ _ _ _ _ _ _ _ _ _ _ _ _ _ _ _ _ _ _ _ _ _ _ _ _ _ _ _ _ _ _ _ _ _ _ _ _ _ _ 
tests/parity/test_regression.py:938: in _assert_reg_matches
    _assert_scalar_or_empty(actual["R2"], expected["R2"], atol)
_ _ _ _ _ _ _ _ _ _ _ _ _ _ _ _ _ _ _ _ _ _ _ _ _ _ _ _ _ _ _ _ _ _ _ _ _ _ _ _ 

actual = 0.996863828889251, expected = array(0.98544413), atol = 1e-10

    def _assert_scalar_or_empty(actual: object, expected: object, atol: float) -> None:
        """Compare a scalar metric, treating port ``None`` as R's empty (NULL)."""
        if actual is None:
            assert _array(expected).size == 0
        else:
>           np.testing.assert_allclose(actual, _array(expected), atol=atol)
E           AssertionError: 
E           Not equal to tolerance rtol=1e-07, atol=1e-10
E           
E           Mismatched elements: 1 / 1 (100%)
E           Max absolute difference among violations: 0.01141969
E           Max relative difference among violations: 0.01158837
E            ACTUAL: array(0.996864)
E            DESIRED: array(0.985444)

tests/parity/test_regression.py:1002: AssertionError
____ test_nns_reg_confidence_interval_matches_r[1-mean-point_est2-0.95-sin] ____
[gw0] linux -- Python 3.11.15 /opt/hostedtoolcache/Python/3.11.15/x64/bin/python

rng = Generator(PCG64) at 0x7FBB8FF26960, relationship = 'sin'
confidence_interval = 0.95, point_est = array([-3. , -1. ,  0. ,  2.5])
order = 1, noise = 'mean'

    @pytest.mark.parity
    @pytest.mark.parametrize("relationship", ["linear", "quadratic", "sin"])
    @pytest.mark.parametrize("confidence_interval", [0.8, 0.95])
    @pytest.mark.parametrize(
        "point_est",
        [
            None,
            np.array([-1.0, 0.0, 1.0]),
            np.array([-3.0, -1.0, 0.0, 2.5]),
        ],
    )
    @pytest.mark.parametrize(("order", "noise"), CI_REGRESSION_CASES)
    def test_nns_reg_confidence_interval_matches_r(
        rng: np.random.Generator,
        relationship: str,
        confidence_interval: float,
        point_est: np.ndarray | None,
        order: int | None,
        noise: str,
    ) -> None:
        x, y = _relationship(relationship, 50, rng)
    
        expected = _r_nns_reg(
            x,
            y,
            order=order,
            noise=noise,
            point_est=point_est,
            confidence_interval=confidence_interval,
        )
        actual = nns_reg(
            x,
            y,
            order=order,
            noise_reduction=cast(NoiseReduction, noise),
            point_est=point_est,
            confidence_interval=confidence_interval,
        )
    
>       _assert_reg_matches(actual, expected)

tests/parity/test_regression.py:582: 
_ _ _ _ _ _ _ _ _ _ _ _ _ _ _ _ _ _ _ _ _ _ _ _ _ _ _ _ _ _ _ _ _ _ _ _ _ _ _ _ 
tests/parity/test_regression.py:938: in _assert_reg_matches
    _assert_scalar_or_empty(actual["R2"], expected["R2"], atol)
_ _ _ _ _ _ _ _ _ _ _ _ _ _ _ _ _ _ _ _ _ _ _ _ _ _ _ _ _ _ _ _ _ _ _ _ _ _ _ _ 

actual = 0.9523361668629529, expected = array(0.8717489), atol = 1e-10

    def _assert_scalar_or_empty(actual: object, expected: object, atol: float) -> None:
        """Compare a scalar metric, treating port ``None`` as R's empty (NULL)."""
        if actual is None:
            assert _array(expected).size == 0
        else:
>           np.testing.assert_allclose(actual, _array(expected), atol=atol)
E           AssertionError: 
E           Not equal to tolerance rtol=1e-07, atol=1e-10
E           
E           Mismatched elements: 1 / 1 (100%)
E           Max absolute difference among violations: 0.08058727
E           Max relative difference among violations: 0.09244322
E            ACTUAL: array(0.952336)
E            DESIRED: array(0.871749)

tests/parity/test_regression.py:1002: AssertionError
___ test_nns_reg_confidence_interval_matches_r[1-off-point_est1-0.95-linear] ___
[gw2] linux -- Python 3.11.15 /opt/hostedtoolcache/Python/3.11.15/x64/bin/python

rng = Generator(PCG64) at 0x7F97EE738820, relationship = 'linear'
confidence_interval = 0.95, point_est = array([-1.,  0.,  1.]), order = 1
noise = 'off'

    @pytest.mark.parity
    @pytest.mark.parametrize("relationship", ["linear", "quadratic", "sin"])
    @pytest.mark.parametrize("confidence_interval", [0.8, 0.95])
    @pytest.mark.parametrize(
        "point_est",
        [
            None,
            np.array([-1.0, 0.0, 1.0]),
            np.array([-3.0, -1.0, 0.0, 2.5]),
        ],
    )
    @pytest.mark.parametrize(("order", "noise"), CI_REGRESSION_CASES)
    def test_nns_reg_confidence_interval_matches_r(
        rng: np.random.Generator,
        relationship: str,
        confidence_interval: float,
        point_est: np.ndarray | None,
        order: int | None,
        noise: str,
    ) -> None:
        x, y = _relationship(relationship, 50, rng)
    
        expected = _r_nns_reg(
            x,
            y,
            order=order,
            noise=noise,
            point_est=point_est,
            confidence_interval=confidence_interval,
        )
        actual = nns_reg(
            x,
            y,
            order=order,
            noise_reduction=cast(NoiseReduction, noise),
            point_est=point_est,
            confidence_interval=confidence_interval,
        )
    
>       _assert_reg_matches(actual, expected)

tests/parity/test_regression.py:582: 
_ _ _ _ _ _ _ _ _ _ _ _ _ _ _ _ _ _ _ _ _ _ _ _ _ _ _ _ _ _ _ _ _ _ _ _ _ _ _ _ 
tests/parity/test_regression.py:938: in _assert_reg_matches
    _assert_scalar_or_empty(actual["R2"], expected["R2"], atol)
_ _ _ _ _ _ _ _ _ _ _ _ _ _ _ _ _ _ _ _ _ _ _ _ _ _ _ _ _ _ _ _ _ _ _ _ _ _ _ _ 

actual = 0.9997050884385357, expected = array(0.99957559), atol = 1e-10

    def _assert_scalar_or_empty(actual: object, expected: object, atol: float) -> None:
        """Compare a scalar metric, treating port ``None`` as R's empty (NULL)."""
        if actual is None:
            assert _array(expected).size == 0
        else:
>           np.testing.assert_allclose(actual, _array(expected), atol=atol)
E           AssertionError: 
E           Not equal to tolerance rtol=1e-07, atol=1e-10
E           
E           Mismatched elements: 1 / 1 (100%)
E           Max absolute difference among violations: 0.00012949
E           Max relative difference among violations: 0.00012955
E            ACTUAL: array(0.999705)
E            DESIRED: array(0.999576)

tests/parity/test_regression.py:1002: AssertionError
___ test_nns_reg_confidence_interval_matches_r[2-off-point_est2-0.8-linear] ____
[gw3] linux -- Python 3.11.15 /opt/hostedtoolcache/Python/3.11.15/x64/bin/python

rng = Generator(PCG64) at 0x7F62560CB140, relationship = 'linear'
confidence_interval = 0.8, point_est = array([-3. , -1. ,  0. ,  2.5])
order = 2, noise = 'off'

    @pytest.mark.parity
    @pytest.mark.parametrize("relationship", ["linear", "quadratic", "sin"])
    @pytest.mark.parametrize("confidence_interval", [0.8, 0.95])
    @pytest.mark.parametrize(
        "point_est",
        [
            None,
            np.array([-1.0, 0.0, 1.0]),
            np.array([-3.0, -1.0, 0.0, 2.5]),
        ],
    )
    @pytest.mark.parametrize(("order", "noise"), CI_REGRESSION_CASES)
    def test_nns_reg_confidence_interval_matches_r(
        rng: np.random.Generator,
        relationship: str,
        confidence_interval: float,
        point_est: np.ndarray | None,
        order: int | None,
        noise: str,
    ) -> None:
        x, y = _relationship(relationship, 50, rng)
    
        expected = _r_nns_reg(
            x,
            y,
            order=order,
            noise=noise,
            point_est=point_est,
            confidence_interval=confidence_interval,
        )
        actual = nns_reg(
            x,
            y,
            order=order,
            noise_reduction=cast(NoiseReduction, noise),
            point_est=point_est,
            confidence_interval=confidence_interval,
        )
    
>       _assert_reg_matches(actual, expected)

tests/parity/test_regression.py:582: 
_ _ _ _ _ _ _ _ _ _ _ _ _ _ _ _ _ _ _ _ _ _ _ _ _ _ _ _ _ _ _ _ _ _ _ _ _ _ _ _ 
tests/parity/test_regression.py:938: in _assert_reg_matches
    _assert_scalar_or_empty(actual["R2"], expected["R2"], atol)
_ _ _ _ _ _ _ _ _ _ _ _ _ _ _ _ _ _ _ _ _ _ _ _ _ _ _ _ _ _ _ _ _ _ _ _ _ _ _ _ 

actual = 0.9997072411752134, expected = array(0.99956473), atol = 1e-10

    def _assert_scalar_or_empty(actual: object, expected: object, atol: float) -> None:
        """Compare a scalar metric, treating port ``None`` as R's empty (NULL)."""
        if actual is None:
            assert _array(expected).size == 0
        else:
>           np.testing.assert_allclose(actual, _array(expected), atol=atol)
E           AssertionError: 
E           Not equal to tolerance rtol=1e-07, atol=1e-10
E           
E           Mismatched elements: 1 / 1 (100%)
E           Max absolute difference among violations: 0.00014252
E           Max relative difference among violations: 0.00014258
E            ACTUAL: array(0.999707)
E            DESIRED: array(0.999565)

tests/parity/test_regression.py:1002: AssertionError
___ test_nns_reg_confidence_interval_matches_r[None-median-None-0.8-linear] ____
[gw0] linux -- Python 3.11.15 /opt/hostedtoolcache/Python/3.11.15/x64/bin/python

rng = Generator(PCG64) at 0x7FBB8FF26DC0, relationship = 'linear'
confidence_interval = 0.8, point_est = None, order = None, noise = 'median'

    @pytest.mark.parity
    @pytest.mark.parametrize("relationship", ["linear", "quadratic", "sin"])
    @pytest.mark.parametrize("confidence_interval", [0.8, 0.95])
    @pytest.mark.parametrize(
        "point_est",
        [
            None,
            np.array([-1.0, 0.0, 1.0]),
            np.array([-3.0, -1.0, 0.0, 2.5]),
        ],
    )
    @pytest.mark.parametrize(("order", "noise"), CI_REGRESSION_CASES)
    def test_nns_reg_confidence_interval_matches_r(
        rng: np.random.Generator,
        relationship: str,
        confidence_interval: float,
        point_est: np.ndarray | None,
        order: int | None,
        noise: str,
    ) -> None:
        x, y = _relationship(relationship, 50, rng)
    
        expected = _r_nns_reg(
            x,
            y,
            order=order,
            noise=noise,
            point_est=point_est,
            confidence_interval=confidence_interval,
        )
        actual = nns_reg(
            x,
            y,
            order=order,
            noise_reduction=cast(NoiseReduction, noise),
            point_est=point_est,
            confidence_interval=confidence_interval,
        )
    
>       _assert_reg_matches(actual, expected)

tests/parity/test_regression.py:582: 
_ _ _ _ _ _ _ _ _ _ _ _ _ _ _ _ _ _ _ _ _ _ _ _ _ _ _ _ _ _ _ _ _ _ _ _ _ _ _ _ 
tests/parity/test_regression.py:938: in _assert_reg_matches
    _assert_scalar_or_empty(actual["R2"], expected["R2"], atol)
_ _ _ _ _ _ _ _ _ _ _ _ _ _ _ _ _ _ _ _ _ _ _ _ _ _ _ _ _ _ _ _ _ _ _ _ _ _ _ _ 

actual = 0.9999669552983784, expected = array(0.99996656), atol = 1e-10

    def _assert_scalar_or_empty(actual: object, expected: object, atol: float) -> None:
        """Compare a scalar metric, treating port ``None`` as R's empty (NULL)."""
        if actual is None:
            assert _array(expected).size == 0
        else:
>           np.testing.assert_allclose(actual, _array(expected), atol=atol)
E           AssertionError: 
E           Not equal to tolerance rtol=1e-07, atol=1e-10
E           
E           Mismatched elements: 1 / 1 (100%)
E           Max absolute difference among violations: 3.97067093e-07
E           Max relative difference among violations: 3.97080372e-07
E            ACTUAL: array(0.999967)
E            DESIRED: array(0.999967)

tests/parity/test_regression.py:1002: AssertionError
_ test_nns_reg_confidence_interval_matches_r[1-off-point_est1-0.95-quadratic] __
[gw2] linux -- Python 3.11.15 /opt/hostedtoolcache/Python/3.11.15/x64/bin/python

rng = Generator(PCG64) at 0x7F97EE883060, relationship = 'quadratic'
confidence_interval = 0.95, point_est = array([-1.,  0.,  1.]), order = 1
noise = 'off'

    @pytest.mark.parity
    @pytest.mark.parametrize("relationship", ["linear", "quadratic", "sin"])
    @pytest.mark.parametrize("confidence_interval", [0.8, 0.95])
    @pytest.mark.parametrize(
        "point_est",
        [
            None,
            np.array([-1.0, 0.0, 1.0]),
            np.array([-3.0, -1.0, 0.0, 2.5]),
        ],
    )
    @pytest.mark.parametrize(("order", "noise"), CI_REGRESSION_CASES)
    def test_nns_reg_confidence_interval_matches_r(
        rng: np.random.Generator,
        relationship: str,
        confidence_interval: float,
        point_est: np.ndarray | None,
        order: int | None,
        noise: str,
    ) -> None:
        x, y = _relationship(relationship, 50, rng)
    
        expected = _r_nns_reg(
            x,
            y,
            order=order,
            noise=noise,
            point_est=point_est,
            confidence_interval=confidence_interval,
        )
        actual = nns_reg(
            x,
            y,
            order=order,
            noise_reduction=cast(NoiseReduction, noise),
            point_est=point_est,
            confidence_interval=confidence_interval,
        )
    
>       _assert_reg_matches(actual, expected)

tests/parity/test_regression.py:582: 
_ _ _ _ _ _ _ _ _ _ _ _ _ _ _ _ _ _ _ _ _ _ _ _ _ _ _ _ _ _ _ _ _ _ _ _ _ _ _ _ 
tests/parity/test_regression.py:938: in _assert_reg_matches
    _assert_scalar_or_empty(actual["R2"], expected["R2"], atol)
_ _ _ _ _ _ _ _ _ _ _ _ _ _ _ _ _ _ _ _ _ _ _ _ _ _ _ _ _ _ _ _ _ _ _ _ _ _ _ _ 

actual = 0.9358840137673635, expected = array(0.07683621), atol = 1e-10

    def _assert_scalar_or_empty(actual: object, expected: object, atol: float) -> None:
        """Compare a scalar metric, treating port ``None`` as R's empty (NULL)."""
        if actual is None:
            assert _array(expected).size == 0
        else:
>           np.testing.assert_allclose(actual, _array(expected), atol=atol)
E           AssertionError: 
E           Not equal to tolerance rtol=1e-07, atol=1e-10
E           
E           Mismatched elements: 1 / 1 (100%)
E           Max absolute difference among violations: 0.85904781
E           Max relative difference among violations: 11.18024717
E            ACTUAL: array(0.935884)
E            DESIRED: array(0.076836)

tests/parity/test_regression.py:1002: AssertionError
__ test_nns_reg_confidence_interval_matches_r[2-off-point_est2-0.8-quadratic] __
[gw3] linux -- Python 3.11.15 /opt/hostedtoolcache/Python/3.11.15/x64/bin/python

rng = Generator(PCG64) at 0x7F625615A7A0, relationship = 'quadratic'
confidence_interval = 0.8, point_est = array([-3. , -1. ,  0. ,  2.5])
order = 2, noise = 'off'

    @pytest.mark.parity
    @pytest.mark.parametrize("relationship", ["linear", "quadratic", "sin"])
    @pytest.mark.parametrize("confidence_interval", [0.8, 0.95])
    @pytest.mark.parametrize(
        "point_est",
        [
            None,
            np.array([-1.0, 0.0, 1.0]),
            np.array([-3.0, -1.0, 0.0, 2.5]),
        ],
    )
    @pytest.mark.parametrize(("order", "noise"), CI_REGRESSION_CASES)
    def test_nns_reg_confidence_interval_matches_r(
        rng: np.random.Generator,
        relationship: str,
        confidence_interval: float,
        point_est: np.ndarray | None,
        order: int | None,
        noise: str,
    ) -> None:
        x, y = _relationship(relationship, 50, rng)
    
        expected = _r_nns_reg(
            x,
            y,
            order=order,
            noise=noise,
            point_est=point_est,
            confidence_interval=confidence_interval,
        )
        actual = nns_reg(
            x,
            y,
            order=order,
            noise_reduction=cast(NoiseReduction, noise),
            point_est=point_est,
            confidence_interval=confidence_interval,
        )
    
>       _assert_reg_matches(actual, expected)

tests/parity/test_regression.py:582: 
_ _ _ _ _ _ _ _ _ _ _ _ _ _ _ _ _ _ _ _ _ _ _ _ _ _ _ _ _ _ _ _ _ _ _ _ _ _ _ _ 
tests/parity/test_regression.py:938: in _assert_reg_matches
    _assert_scalar_or_empty(actual["R2"], expected["R2"], atol)
_ _ _ _ _ _ _ _ _ _ _ _ _ _ _ _ _ _ _ _ _ _ _ _ _ _ _ _ _ _ _ _ _ _ _ _ _ _ _ _ 

actual = 0.9469616489366707, expected = array(0.85722284), atol = 1e-10

    def _assert_scalar_or_empty(actual: object, expected: object, atol: float) -> None:
        """Compare a scalar metric, treating port ``None`` as R's empty (NULL)."""
        if actual is None:
            assert _array(expected).size == 0
        else:
>           np.testing.assert_allclose(actual, _array(expected), atol=atol)
E           AssertionError: 
E           Not equal to tolerance rtol=1e-07, atol=1e-10
E           
E           Mismatched elements: 1 / 1 (100%)
E           Max absolute difference among violations: 0.08973881
E           Max relative difference among violations: 0.10468551
E            ACTUAL: array(0.946962)
E            DESIRED: array(0.857223)

tests/parity/test_regression.py:1002: AssertionError
__ test_nns_reg_confidence_interval_matches_r[None-median-None-0.8-quadratic] __
[gw0] linux -- Python 3.11.15 /opt/hostedtoolcache/Python/3.11.15/x64/bin/python

rng = Generator(PCG64) at 0x7FBB8FF26B20, relationship = 'quadratic'
confidence_interval = 0.8, point_est = None, order = None, noise = 'median'

    @pytest.mark.parity
    @pytest.mark.parametrize("relationship", ["linear", "quadratic", "sin"])
    @pytest.mark.parametrize("confidence_interval", [0.8, 0.95])
    @pytest.mark.parametrize(
        "point_est",
        [
            None,
            np.array([-1.0, 0.0, 1.0]),
            np.array([-3.0, -1.0, 0.0, 2.5]),
        ],
    )
    @pytest.mark.parametrize(("order", "noise"), CI_REGRESSION_CASES)
    def test_nns_reg_confidence_interval_matches_r(
        rng: np.random.Generator,
        relationship: str,
        confidence_interval: float,
        point_est: np.ndarray | None,
        order: int | None,
        noise: str,
    ) -> None:
        x, y = _relationship(relationship, 50, rng)
    
        expected = _r_nns_reg(
            x,
            y,
            order=order,
            noise=noise,
            point_est=point_est,
            confidence_interval=confidence_interval,
        )
        actual = nns_reg(
            x,
            y,
            order=order,
            noise_reduction=cast(NoiseReduction, noise),
            point_est=point_est,
            confidence_interval=confidence_interval,
        )
    
>       _assert_reg_matches(actual, expected)

tests/parity/test_regression.py:582: 
_ _ _ _ _ _ _ _ _ _ _ _ _ _ _ _ _ _ _ _ _ _ _ _ _ _ _ _ _ _ _ _ _ _ _ _ _ _ _ _ 
tests/parity/test_regression.py:938: in _assert_reg_matches
    _assert_scalar_or_empty(actual["R2"], expected["R2"], atol)
_ _ _ _ _ _ _ _ _ _ _ _ _ _ _ _ _ _ _ _ _ _ _ _ _ _ _ _ _ _ _ _ _ _ _ _ _ _ _ _ 

actual = 0.9997401864052399, expected = array(0.99866136), atol = 1e-10

    def _assert_scalar_or_empty(actual: object, expected: object, atol: float) -> None:
        """Compare a scalar metric, treating port ``None`` as R's empty (NULL)."""
        if actual is None:
            assert _array(expected).size == 0
        else:
>           np.testing.assert_allclose(actual, _array(expected), atol=atol)
E           AssertionError: 
E           Not equal to tolerance rtol=1e-07, atol=1e-10
E           
E           Mismatched elements: 1 / 1 (100%)
E           Max absolute difference among violations: 0.00107883
E           Max relative difference among violations: 0.00108027
E            ACTUAL: array(0.99974)
E            DESIRED: array(0.998661)

tests/parity/test_regression.py:1002: AssertionError
_____ test_nns_reg_confidence_interval_matches_r[2-off-point_est2-0.8-sin] _____
[gw3] linux -- Python 3.11.15 /opt/hostedtoolcache/Python/3.11.15/x64/bin/python

rng = Generator(PCG64) at 0x7F6256159E00, relationship = 'sin'
confidence_interval = 0.8, point_est = array([-3. , -1. ,  0. ,  2.5])
order = 2, noise = 'off'

    @pytest.mark.parity
    @pytest.mark.parametrize("relationship", ["linear", "quadratic", "sin"])
    @pytest.mark.parametrize("confidence_interval", [0.8, 0.95])
    @pytest.mark.parametrize(
        "point_est",
        [
            None,
            np.array([-1.0, 0.0, 1.0]),
            np.array([-3.0, -1.0, 0.0, 2.5]),
        ],
    )
    @pytest.mark.parametrize(("order", "noise"), CI_REGRESSION_CASES)
    def test_nns_reg_confidence_interval_matches_r(
        rng: np.random.Generator,
        relationship: str,
        confidence_interval: float,
        point_est: np.ndarray | None,
        order: int | None,
        noise: str,
    ) -> None:
        x, y = _relationship(relationship, 50, rng)
    
        expected = _r_nns_reg(
            x,
            y,
            order=order,
            noise=noise,
            point_est=point_est,
            confidence_interval=confidence_interval,
        )
        actual = nns_reg(
            x,
            y,
            order=order,
            noise_reduction=cast(NoiseReduction, noise),
            point_est=point_est,
            confidence_interval=confidence_interval,
        )
    
>       _assert_reg_matches(actual, expected)

tests/parity/test_regression.py:582: 
_ _ _ _ _ _ _ _ _ _ _ _ _ _ _ _ _ _ _ _ _ _ _ _ _ _ _ _ _ _ _ _ _ _ _ _ _ _ _ _ 
tests/parity/test_regression.py:938: in _assert_reg_matches
    _assert_scalar_or_empty(actual["R2"], expected["R2"], atol)
_ _ _ _ _ _ _ _ _ _ _ _ _ _ _ _ _ _ _ _ _ _ _ _ _ _ _ _ _ _ _ _ _ _ _ _ _ _ _ _ 

actual = 0.996863828889251, expected = array(0.98544413), atol = 1e-10

    def _assert_scalar_or_empty(actual: object, expected: object, atol: float) -> None:
        """Compare a scalar metric, treating port ``None`` as R's empty (NULL)."""
        if actual is None:
            assert _array(expected).size == 0
        else:
>           np.testing.assert_allclose(actual, _array(expected), atol=atol)
E           AssertionError: 
E           Not equal to tolerance rtol=1e-07, atol=1e-10
E           
E           Mismatched elements: 1 / 1 (100%)
E           Max absolute difference among violations: 0.01141969
E           Max relative difference among violations: 0.01158837
E            ACTUAL: array(0.996864)
E            DESIRED: array(0.985444)

tests/parity/test_regression.py:1002: AssertionError
____ test_nns_reg_confidence_interval_matches_r[1-off-point_est1-0.95-sin] _____
[gw2] linux -- Python 3.11.15 /opt/hostedtoolcache/Python/3.11.15/x64/bin/python

rng = Generator(PCG64) at 0x7F97EE882C00, relationship = 'sin'
confidence_interval = 0.95, point_est = array([-1.,  0.,  1.]), order = 1
noise = 'off'

    @pytest.mark.parity
    @pytest.mark.parametrize("relationship", ["linear", "quadratic", "sin"])
    @pytest.mark.parametrize("confidence_interval", [0.8, 0.95])
    @pytest.mark.parametrize(
        "point_est",
        [
            None,
            np.array([-1.0, 0.0, 1.0]),
            np.array([-3.0, -1.0, 0.0, 2.5]),
        ],
    )
    @pytest.mark.parametrize(("order", "noise"), CI_REGRESSION_CASES)
    def test_nns_reg_confidence_interval_matches_r(
        rng: np.random.Generator,
        relationship: str,
        confidence_interval: float,
        point_est: np.ndarray | None,
        order: int | None,
        noise: str,
    ) -> None:
        x, y = _relationship(relationship, 50, rng)
    
        expected = _r_nns_reg(
            x,
            y,
            order=order,
            noise=noise,
            point_est=point_est,
            confidence_interval=confidence_interval,
        )
        actual = nns_reg(
            x,
            y,
            order=order,
            noise_reduction=cast(NoiseReduction, noise),
            point_est=point_est,
            confidence_interval=confidence_interval,
        )
    
>       _assert_reg_matches(actual, expected)

tests/parity/test_regression.py:582: 
_ _ _ _ _ _ _ _ _ _ _ _ _ _ _ _ _ _ _ _ _ _ _ _ _ _ _ _ _ _ _ _ _ _ _ _ _ _ _ _ 
tests/parity/test_regression.py:938: in _assert_reg_matches
    _assert_scalar_or_empty(actual["R2"], expected["R2"], atol)
_ _ _ _ _ _ _ _ _ _ _ _ _ _ _ _ _ _ _ _ _ _ _ _ _ _ _ _ _ _ _ _ _ _ _ _ _ _ _ _ 

actual = 0.9398028417066483, expected = array(0.84650604), atol = 1e-10

    def _assert_scalar_or_empty(actual: object, expected: object, atol: float) -> None:
        """Compare a scalar metric, treating port ``None`` as R's empty (NULL)."""
        if actual is None:
            assert _array(expected).size == 0
        else:
>           np.testing.assert_allclose(actual, _array(expected), atol=atol)
E           AssertionError: 
E           Not equal to tolerance rtol=1e-07, atol=1e-10
E           
E           Mismatched elements: 1 / 1 (100%)
E           Max absolute difference among violations: 0.0932968
E           Max relative difference among violations: 0.11021398
E            ACTUAL: array(0.939803)
E            DESIRED: array(0.846506)

tests/parity/test_regression.py:1002: AssertionError
_____ test_nns_reg_confidence_interval_matches_r[None-median-None-0.8-sin] _____
[gw0] linux -- Python 3.11.15 /opt/hostedtoolcache/Python/3.11.15/x64/bin/python

rng = Generator(PCG64) at 0x7FBB8D459380, relationship = 'sin'
confidence_interval = 0.8, point_est = None, order = None, noise = 'median'

    @pytest.mark.parity
    @pytest.mark.parametrize("relationship", ["linear", "quadratic", "sin"])
    @pytest.mark.parametrize("confidence_interval", [0.8, 0.95])
    @pytest.mark.parametrize(
        "point_est",
        [
            None,
            np.array([-1.0, 0.0, 1.0]),
            np.array([-3.0, -1.0, 0.0, 2.5]),
        ],
    )
    @pytest.mark.parametrize(("order", "noise"), CI_REGRESSION_CASES)
    def test_nns_reg_confidence_interval_matches_r(
        rng: np.random.Generator,
        relationship: str,
        confidence_interval: float,
        point_est: np.ndarray | None,
        order: int | None,
        noise: str,
    ) -> None:
        x, y = _relationship(relationship, 50, rng)
    
        expected = _r_nns_reg(
            x,
            y,
            order=order,
            noise=noise,
            point_est=point_est,
            confidence_interval=confidence_interval,
        )
        actual = nns_reg(
            x,
            y,
            order=order,
            noise_reduction=cast(NoiseReduction, noise),
            point_est=point_est,
            confidence_interval=confidence_interval,
        )
    
>       _assert_reg_matches(actual, expected)

tests/parity/test_regression.py:582: 
_ _ _ _ _ _ _ _ _ _ _ _ _ _ _ _ _ _ _ _ _ _ _ _ _ _ _ _ _ _ _ _ _ _ _ _ _ _ _ _ 
tests/parity/test_regression.py:938: in _assert_reg_matches
    _assert_scalar_or_empty(actual["R2"], expected["R2"], atol)
_ _ _ _ _ _ _ _ _ _ _ _ _ _ _ _ _ _ _ _ _ _ _ _ _ _ _ _ _ _ _ _ _ _ _ _ _ _ _ _ 

actual = 0.9999879530612474, expected = array(0.9999672), atol = 1e-10

    def _assert_scalar_or_empty(actual: object, expected: object, atol: float) -> None:
        """Compare a scalar metric, treating port ``None`` as R's empty (NULL)."""
        if actual is None:
            assert _array(expected).size == 0
        else:
>           np.testing.assert_allclose(actual, _array(expected), atol=atol)
E           AssertionError: 
E           Not equal to tolerance rtol=1e-07, atol=1e-10
E           
E           Mismatched elements: 1 / 1 (100%)
E           Max absolute difference among violations: 2.07566372e-05
E           Max relative difference among violations: 2.07573181e-05
E            ACTUAL: array(0.999988)
E            DESIRED: array(0.999967)

tests/parity/test_regression.py:1002: AssertionError
___ test_nns_reg_confidence_interval_matches_r[2-off-point_est2-0.95-linear] ___
[gw3] linux -- Python 3.11.15 /opt/hostedtoolcache/Python/3.11.15/x64/bin/python

rng = Generator(PCG64) at 0x7F625615A0A0, relationship = 'linear'
confidence_interval = 0.95, point_est = array([-3. , -1. ,  0. ,  2.5])
order = 2, noise = 'off'

    @pytest.mark.parity
    @pytest.mark.parametrize("relationship", ["linear", "quadratic", "sin"])
    @pytest.mark.parametrize("confidence_interval", [0.8, 0.95])
    @pytest.mark.parametrize(
        "point_est",
        [
            None,
            np.array([-1.0, 0.0, 1.0]),
            np.array([-3.0, -1.0, 0.0, 2.5]),
        ],
    )
    @pytest.mark.parametrize(("order", "noise"), CI_REGRESSION_CASES)
    def test_nns_reg_confidence_interval_matches_r(
        rng: np.random.Generator,
        relationship: str,
        confidence_interval: float,
        point_est: np.ndarray | None,
        order: int | None,
        noise: str,
    ) -> None:
        x, y = _relationship(relationship, 50, rng)
    
        expected = _r_nns_reg(
            x,
            y,
            order=order,
            noise=noise,
            point_est=point_est,
            confidence_interval=confidence_interval,
        )
        actual = nns_reg(
            x,
            y,
            order=order,
            noise_reduction=cast(NoiseReduction, noise),
            point_est=point_est,
            confidence_interval=confidence_interval,
        )
    
>       _assert_reg_matches(actual, expected)

tests/parity/test_regression.py:582: 
_ _ _ _ _ _ _ _ _ _ _ _ _ _ _ _ _ _ _ _ _ _ _ _ _ _ _ _ _ _ _ _ _ _ _ _ _ _ _ _ 
tests/parity/test_regression.py:938: in _assert_reg_matches
    _assert_scalar_or_empty(actual["R2"], expected["R2"], atol)
_ _ _ _ _ _ _ _ _ _ _ _ _ _ _ _ _ _ _ _ _ _ _ _ _ _ _ _ _ _ _ _ _ _ _ _ _ _ _ _ 

actual = 0.9997072411752134, expected = array(0.99956473), atol = 1e-10

    def _assert_scalar_or_empty(actual: object, expected: object, atol: float) -> None:
        """Compare a scalar metric, treating port ``None`` as R's empty (NULL)."""
        if actual is None:
            assert _array(expected).size == 0
        else:
>           np.testing.assert_allclose(actual, _array(expected), atol=atol)
E           AssertionError: 
E           Not equal to tolerance rtol=1e-07, atol=1e-10
E           
E           Mismatched elements: 1 / 1 (100%)
E           Max absolute difference among violations: 0.00014252
E           Max relative difference among violations: 0.00014258
E            ACTUAL: array(0.999707)
E            DESIRED: array(0.999565)

tests/parity/test_regression.py:1002: AssertionError
___ test_nns_reg_confidence_interval_matches_r[1-off-point_est2-0.8-linear] ____
[gw2] linux -- Python 3.11.15 /opt/hostedtoolcache/Python/3.11.15/x64/bin/python

rng = Generator(PCG64) at 0x7F97EE882420, relationship = 'linear'
confidence_interval = 0.8, point_est = array([-3. , -1. ,  0. ,  2.5])
order = 1, noise = 'off'

    @pytest.mark.parity
    @pytest.mark.parametrize("relationship", ["linear", "quadratic", "sin"])
    @pytest.mark.parametrize("confidence_interval", [0.8, 0.95])
    @pytest.mark.parametrize(
        "point_est",
        [
            None,
            np.array([-1.0, 0.0, 1.0]),
            np.array([-3.0, -1.0, 0.0, 2.5]),
        ],
    )
    @pytest.mark.parametrize(("order", "noise"), CI_REGRESSION_CASES)
    def test_nns_reg_confidence_interval_matches_r(
        rng: np.random.Generator,
        relationship: str,
        confidence_interval: float,
        point_est: np.ndarray | None,
        order: int | None,
        noise: str,
    ) -> None:
        x, y = _relationship(relationship, 50, rng)
    
        expected = _r_nns_reg(
            x,
            y,
            order=order,
            noise=noise,
            point_est=point_est,
            confidence_interval=confidence_interval,
        )
        actual = nns_reg(
            x,
            y,
            order=order,
            noise_reduction=cast(NoiseReduction, noise),
            point_est=point_est,
            confidence_interval=confidence_interval,
        )
    
>       _assert_reg_matches(actual, expected)

tests/parity/test_regression.py:582: 
_ _ _ _ _ _ _ _ _ _ _ _ _ _ _ _ _ _ _ _ _ _ _ _ _ _ _ _ _ _ _ _ _ _ _ _ _ _ _ _ 
tests/parity/test_regression.py:938: in _assert_reg_matches
    _assert_scalar_or_empty(actual["R2"], expected["R2"], atol)
_ _ _ _ _ _ _ _ _ _ _ _ _ _ _ _ _ _ _ _ _ _ _ _ _ _ _ _ _ _ _ _ _ _ _ _ _ _ _ _ 

actual = 0.9997050884385357, expected = array(0.99957559), atol = 1e-10

    def _assert_scalar_or_empty(actual: object, expected: object, atol: float) -> None:
        """Compare a scalar metric, treating port ``None`` as R's empty (NULL)."""
        if actual is None:
            assert _array(expected).size == 0
        else:
>           np.testing.assert_allclose(actual, _array(expected), atol=atol)
E           AssertionError: 
E           Not equal to tolerance rtol=1e-07, atol=1e-10
E           
E           Mismatched elements: 1 / 1 (100%)
E           Max absolute difference among violations: 0.00012949
E           Max relative difference among violations: 0.00012955
E            ACTUAL: array(0.999705)
E            DESIRED: array(0.999576)

tests/parity/test_regression.py:1002: AssertionError
___ test_nns_reg_confidence_interval_matches_r[None-median-None-0.95-linear] ___
[gw0] linux -- Python 3.11.15 /opt/hostedtoolcache/Python/3.11.15/x64/bin/python

rng = Generator(PCG64) at 0x7FBB8D459C40, relationship = 'linear'
confidence_interval = 0.95, point_est = None, order = None, noise = 'median'

    @pytest.mark.parity
    @pytest.mark.parametrize("relationship", ["linear", "quadratic", "sin"])
    @pytest.mark.parametrize("confidence_interval", [0.8, 0.95])
    @pytest.mark.parametrize(
        "point_est",
        [
            None,
            np.array([-1.0, 0.0, 1.0]),
            np.array([-3.0, -1.0, 0.0, 2.5]),
        ],
    )
    @pytest.mark.parametrize(("order", "noise"), CI_REGRESSION_CASES)
    def test_nns_reg_confidence_interval_matches_r(
        rng: np.random.Generator,
        relationship: str,
        confidence_interval: float,
        point_est: np.ndarray | None,
        order: int | None,
        noise: str,
    ) -> None:
        x, y = _relationship(relationship, 50, rng)
    
        expected = _r_nns_reg(
            x,
            y,
            order=order,
            noise=noise,
            point_est=point_est,
            confidence_interval=confidence_interval,
        )
        actual = nns_reg(
            x,
            y,
            order=order,
            noise_reduction=cast(NoiseReduction, noise),
            point_est=point_est,
            confidence_interval=confidence_interval,
        )
    
>       _assert_reg_matches(actual, expected)

tests/parity/test_regression.py:582: 
_ _ _ _ _ _ _ _ _ _ _ _ _ _ _ _ _ _ _ _ _ _ _ _ _ _ _ _ _ _ _ _ _ _ _ _ _ _ _ _ 
tests/parity/test_regression.py:938: in _assert_reg_matches
    _assert_scalar_or_empty(actual["R2"], expected["R2"], atol)
_ _ _ _ _ _ _ _ _ _ _ _ _ _ _ _ _ _ _ _ _ _ _ _ _ _ _ _ _ _ _ _ _ _ _ _ _ _ _ _ 

actual = 0.9999669552983784, expected = array(0.99996656), atol = 1e-10

    def _assert_scalar_or_empty(actual: object, expected: object, atol: float) -> None:
        """Compare a scalar metric, treating port ``None`` as R's empty (NULL)."""
        if actual is None:
            assert _array(expected).size == 0
        else:
>           np.testing.assert_allclose(actual, _array(expected), atol=atol)
E           AssertionError: 
E           Not equal to tolerance rtol=1e-07, atol=1e-10
E           
E           Mismatched elements: 1 / 1 (100%)
E           Max absolute difference among violations: 3.97067093e-07
E           Max relative difference among violations: 3.97080372e-07
E            ACTUAL: array(0.999967)
E            DESIRED: array(0.999967)

tests/parity/test_regression.py:1002: AssertionError
_ test_nns_reg_confidence_interval_matches_r[2-off-point_est2-0.95-quadratic] __
[gw3] linux -- Python 3.11.15 /opt/hostedtoolcache/Python/3.11.15/x64/bin/python

rng = Generator(PCG64) at 0x7F6256159620, relationship = 'quadratic'
confidence_interval = 0.95, point_est = array([-3. , -1. ,  0. ,  2.5])
order = 2, noise = 'off'

    @pytest.mark.parity
    @pytest.mark.parametrize("relationship", ["linear", "quadratic", "sin"])
    @pytest.mark.parametrize("confidence_interval", [0.8, 0.95])
    @pytest.mark.parametrize(
        "point_est",
        [
            None,
            np.array([-1.0, 0.0, 1.0]),
            np.array([-3.0, -1.0, 0.0, 2.5]),
        ],
    )
    @pytest.mark.parametrize(("order", "noise"), CI_REGRESSION_CASES)
    def test_nns_reg_confidence_interval_matches_r(
        rng: np.random.Generator,
        relationship: str,
        confidence_interval: float,
        point_est: np.ndarray | None,
        order: int | None,
        noise: str,
    ) -> None:
        x, y = _relationship(relationship, 50, rng)
    
        expected = _r_nns_reg(
            x,
            y,
            order=order,
            noise=noise,
            point_est=point_est,
            confidence_interval=confidence_interval,
        )
        actual = nns_reg(
            x,
            y,
            order=order,
            noise_reduction=cast(NoiseReduction, noise),
            point_est=point_est,
            confidence_interval=confidence_interval,
        )
    
>       _assert_reg_matches(actual, expected)

tests/parity/test_regression.py:582: 
_ _ _ _ _ _ _ _ _ _ _ _ _ _ _ _ _ _ _ _ _ _ _ _ _ _ _ _ _ _ _ _ _ _ _ _ _ _ _ _ 
tests/parity/test_regression.py:938: in _assert_reg_matches
    _assert_scalar_or_empty(actual["R2"], expected["R2"], atol)
_ _ _ _ _ _ _ _ _ _ _ _ _ _ _ _ _ _ _ _ _ _ _ _ _ _ _ _ _ _ _ _ _ _ _ _ _ _ _ _ 

actual = 0.9469616489366707, expected = array(0.85722284), atol = 1e-10

    def _assert_scalar_or_empty(actual: object, expected: object, atol: float) -> None:
        """Compare a scalar metric, treating port ``None`` as R's empty (NULL)."""
        if actual is None:
            assert _array(expected).size == 0
        else:
>           np.testing.assert_allclose(actual, _array(expected), atol=atol)
E           AssertionError: 
E           Not equal to tolerance rtol=1e-07, atol=1e-10
E           
E           Mismatched elements: 1 / 1 (100%)
E           Max absolute difference among violations: 0.08973881
E           Max relative difference among violations: 0.10468551
E            ACTUAL: array(0.946962)
E            DESIRED: array(0.857223)

tests/parity/test_regression.py:1002: AssertionError
__ test_nns_reg_confidence_interval_matches_r[1-off-point_est2-0.8-quadratic] __
[gw2] linux -- Python 3.11.15 /opt/hostedtoolcache/Python/3.11.15/x64/bin/python

rng = Generator(PCG64) at 0x7F97EE882260, relationship = 'quadratic'
confidence_interval = 0.8, point_est = array([-3. , -1. ,  0. ,  2.5])
order = 1, noise = 'off'

    @pytest.mark.parity
    @pytest.mark.parametrize("relationship", ["linear", "quadratic", "sin"])
    @pytest.mark.parametrize("confidence_interval", [0.8, 0.95])
    @pytest.mark.parametrize(
        "point_est",
        [
            None,
            np.array([-1.0, 0.0, 1.0]),
            np.array([-3.0, -1.0, 0.0, 2.5]),
        ],
    )
    @pytest.mark.parametrize(("order", "noise"), CI_REGRESSION_CASES)
    def test_nns_reg_confidence_interval_matches_r(
        rng: np.random.Generator,
        relationship: str,
        confidence_interval: float,
        point_est: np.ndarray | None,
        order: int | None,
        noise: str,
    ) -> None:
        x, y = _relationship(relationship, 50, rng)
    
        expected = _r_nns_reg(
            x,
            y,
            order=order,
            noise=noise,
            point_est=point_est,
            confidence_interval=confidence_interval,
        )
        actual = nns_reg(
            x,
            y,
            order=order,
            noise_reduction=cast(NoiseReduction, noise),
            point_est=point_est,
            confidence_interval=confidence_interval,
        )
    
>       _assert_reg_matches(actual, expected)

tests/parity/test_regression.py:582: 
_ _ _ _ _ _ _ _ _ _ _ _ _ _ _ _ _ _ _ _ _ _ _ _ _ _ _ _ _ _ _ _ _ _ _ _ _ _ _ _ 
tests/parity/test_regression.py:938: in _assert_reg_matches
    _assert_scalar_or_empty(actual["R2"], expected["R2"], atol)
_ _ _ _ _ _ _ _ _ _ _ _ _ _ _ _ _ _ _ _ _ _ _ _ _ _ _ _ _ _ _ _ _ _ _ _ _ _ _ _ 

actual = 0.9358840137673635, expected = array(0.07683621), atol = 1e-10

    def _assert_scalar_or_empty(actual: object, expected: object, atol: float) -> None:
        """Compare a scalar metric, treating port ``None`` as R's empty (NULL)."""
        if actual is None:
            assert _array(expected).size == 0
        else:
>           np.testing.assert_allclose(actual, _array(expected), atol=atol)
E           AssertionError: 
E           Not equal to tolerance rtol=1e-07, atol=1e-10
E           
E           Mismatched elements: 1 / 1 (100%)
E           Max absolute difference among violations: 0.85904781
E           Max relative difference among violations: 11.18024717
E            ACTUAL: array(0.935884)
E            DESIRED: array(0.076836)

tests/parity/test_regression.py:1002: AssertionError
_ test_nns_reg_confidence_interval_matches_r[None-median-None-0.95-quadratic] __
[gw0] linux -- Python 3.11.15 /opt/hostedtoolcache/Python/3.11.15/x64/bin/python

rng = Generator(PCG64) at 0x7FBB8D4590E0, relationship = 'quadratic'
confidence_interval = 0.95, point_est = None, order = None, noise = 'median'

    @pytest.mark.parity
    @pytest.mark.parametrize("relationship", ["linear", "quadratic", "sin"])
    @pytest.mark.parametrize("confidence_interval", [0.8, 0.95])
    @pytest.mark.parametrize(
        "point_est",
        [
            None,
            np.array([-1.0, 0.0, 1.0]),
            np.array([-3.0, -1.0, 0.0, 2.5]),
        ],
    )
    @pytest.mark.parametrize(("order", "noise"), CI_REGRESSION_CASES)
    def test_nns_reg_confidence_interval_matches_r(
        rng: np.random.Generator,
        relationship: str,
        confidence_interval: float,
        point_est: np.ndarray | None,
        order: int | None,
        noise: str,
    ) -> None:
        x, y = _relationship(relationship, 50, rng)
    
        expected = _r_nns_reg(
            x,
            y,
            order=order,
            noise=noise,
            point_est=point_est,
            confidence_interval=confidence_interval,
        )
        actual = nns_reg(
            x,
            y,
            order=order,
            noise_reduction=cast(NoiseReduction, noise),
            point_est=point_est,
            confidence_interval=confidence_interval,
        )
    
>       _assert_reg_matches(actual, expected)

tests/parity/test_regression.py:582: 
_ _ _ _ _ _ _ _ _ _ _ _ _ _ _ _ _ _ _ _ _ _ _ _ _ _ _ _ _ _ _ _ _ _ _ _ _ _ _ _ 
tests/parity/test_regression.py:938: in _assert_reg_matches
    _assert_scalar_or_empty(actual["R2"], expected["R2"], atol)
_ _ _ _ _ _ _ _ _ _ _ _ _ _ _ _ _ _ _ _ _ _ _ _ _ _ _ _ _ _ _ _ _ _ _ _ _ _ _ _ 

actual = 0.9997401864052399, expected = array(0.99866136), atol = 1e-10

    def _assert_scalar_or_empty(actual: object, expected: object, atol: float) -> None:
        """Compare a scalar metric, treating port ``None`` as R's empty (NULL)."""
        if actual is None:
            assert _array(expected).size == 0
        else:
>           np.testing.assert_allclose(actual, _array(expected), atol=atol)
E           AssertionError: 
E           Not equal to tolerance rtol=1e-07, atol=1e-10
E           
E           Mismatched elements: 1 / 1 (100%)
E           Max absolute difference among violations: 0.00107883
E           Max relative difference among violations: 0.00108027
E            ACTUAL: array(0.99974)
E            DESIRED: array(0.998661)

tests/parity/test_regression.py:1002: AssertionError
____ test_nns_reg_confidence_interval_matches_r[2-off-point_est2-0.95-sin] _____
[gw3] linux -- Python 3.11.15 /opt/hostedtoolcache/Python/3.11.15/x64/bin/python

rng = Generator(PCG64) at 0x7F62561599A0, relationship = 'sin'
confidence_interval = 0.95, point_est = array([-3. , -1. ,  0. ,  2.5])
order = 2, noise = 'off'

    @pytest.mark.parity
    @pytest.mark.parametrize("relationship", ["linear", "quadratic", "sin"])
    @pytest.mark.parametrize("confidence_interval", [0.8, 0.95])
    @pytest.mark.parametrize(
        "point_est",
        [
            None,
            np.array([-1.0, 0.0, 1.0]),
            np.array([-3.0, -1.0, 0.0, 2.5]),
        ],
    )
    @pytest.mark.parametrize(("order", "noise"), CI_REGRESSION_CASES)
    def test_nns_reg_confidence_interval_matches_r(
        rng: np.random.Generator,
        relationship: str,
        confidence_interval: float,
        point_est: np.ndarray | None,
        order: int | None,
        noise: str,
    ) -> None:
        x, y = _relationship(relationship, 50, rng)
    
        expected = _r_nns_reg(
            x,
            y,
            order=order,
            noise=noise,
            point_est=point_est,
            confidence_interval=confidence_interval,
        )
        actual = nns_reg(
            x,
            y,
            order=order,
            noise_reduction=cast(NoiseReduction, noise),
            point_est=point_est,
            confidence_interval=confidence_interval,
        )
    
>       _assert_reg_matches(actual, expected)

tests/parity/test_regression.py:582: 
_ _ _ _ _ _ _ _ _ _ _ _ _ _ _ _ _ _ _ _ _ _ _ _ _ _ _ _ _ _ _ _ _ _ _ _ _ _ _ _ 
tests/parity/test_regression.py:938: in _assert_reg_matches
    _assert_scalar_or_empty(actual["R2"], expected["R2"], atol)
_ _ _ _ _ _ _ _ _ _ _ _ _ _ _ _ _ _ _ _ _ _ _ _ _ _ _ _ _ _ _ _ _ _ _ _ _ _ _ _ 

actual = 0.996863828889251, expected = array(0.98544413), atol = 1e-10

    def _assert_scalar_or_empty(actual: object, expected: object, atol: float) -> None:
        """Compare a scalar metric, treating port ``None`` as R's empty (NULL)."""
        if actual is None:
            assert _array(expected).size == 0
        else:
>           np.testing.assert_allclose(actual, _array(expected), atol=atol)
E           AssertionError: 
E           Not equal to tolerance rtol=1e-07, atol=1e-10
E           
E           Mismatched elements: 1 / 1 (100%)
E           Max absolute difference among violations: 0.01141969
E           Max relative difference among violations: 0.01158837
E            ACTUAL: array(0.996864)
E            DESIRED: array(0.985444)

tests/parity/test_regression.py:1002: AssertionError
_____ test_nns_reg_confidence_interval_matches_r[1-off-point_est2-0.8-sin] _____
[gw2] linux -- Python 3.11.15 /opt/hostedtoolcache/Python/3.11.15/x64/bin/python

rng = Generator(PCG64) at 0x7F97EE869C40, relationship = 'sin'
confidence_interval = 0.8, point_est = array([-3. , -1. ,  0. ,  2.5])
order = 1, noise = 'off'

    @pytest.mark.parity
    @pytest.mark.parametrize("relationship", ["linear", "quadratic", "sin"])
    @pytest.mark.parametrize("confidence_interval", [0.8, 0.95])
    @pytest.mark.parametrize(
        "point_est",
        [
            None,
            np.array([-1.0, 0.0, 1.0]),
            np.array([-3.0, -1.0, 0.0, 2.5]),
        ],
    )
    @pytest.mark.parametrize(("order", "noise"), CI_REGRESSION_CASES)
    def test_nns_reg_confidence_interval_matches_r(
        rng: np.random.Generator,
        relationship: str,
        confidence_interval: float,
        point_est: np.ndarray | None,
        order: int | None,
        noise: str,
    ) -> None:
        x, y = _relationship(relationship, 50, rng)
    
        expected = _r_nns_reg(
            x,
            y,
            order=order,
            noise=noise,
            point_est=point_est,
            confidence_interval=confidence_interval,
        )
        actual = nns_reg(
            x,
            y,
            order=order,
            noise_reduction=cast(NoiseReduction, noise),
            point_est=point_est,
            confidence_interval=confidence_interval,
        )
    
>       _assert_reg_matches(actual, expected)

tests/parity/test_regression.py:582: 
_ _ _ _ _ _ _ _ _ _ _ _ _ _ _ _ _ _ _ _ _ _ _ _ _ _ _ _ _ _ _ _ _ _ _ _ _ _ _ _ 
tests/parity/test_regression.py:938: in _assert_reg_matches
    _assert_scalar_or_empty(actual["R2"], expected["R2"], atol)
_ _ _ _ _ _ _ _ _ _ _ _ _ _ _ _ _ _ _ _ _ _ _ _ _ _ _ _ _ _ _ _ _ _ _ _ _ _ _ _ 

actual = 0.9398028417066483, expected = array(0.84650604), atol = 1e-10

    def _assert_scalar_or_empty(actual: object, expected: object, atol: float) -> None:
        """Compare a scalar metric, treating port ``None`` as R's empty (NULL)."""
        if actual is None:
            assert _array(expected).size == 0
        else:
>           np.testing.assert_allclose(actual, _array(expected), atol=atol)
E           AssertionError: 
E           Not equal to tolerance rtol=1e-07, atol=1e-10
E           
E           Mismatched elements: 1 / 1 (100%)
E           Max absolute difference among violations: 0.0932968
E           Max relative difference among violations: 0.11021398
E            ACTUAL: array(0.939803)
E            DESIRED: array(0.846506)

tests/parity/test_regression.py:1002: AssertionError
___ test_nns_reg_confidence_interval_matches_r[1-off-point_est2-0.95-linear] ___
[gw2] linux -- Python 3.11.15 /opt/hostedtoolcache/Python/3.11.15/x64/bin/python

rng = Generator(PCG64) at 0x7F97EE738660, relationship = 'linear'
confidence_interval = 0.95, point_est = array([-3. , -1. ,  0. ,  2.5])
order = 1, noise = 'off'

    @pytest.mark.parity
    @pytest.mark.parametrize("relationship", ["linear", "quadratic", "sin"])
    @pytest.mark.parametrize("confidence_interval", [0.8, 0.95])
    @pytest.mark.parametrize(
        "point_est",
        [
            None,
            np.array([-1.0, 0.0, 1.0]),
            np.array([-3.0, -1.0, 0.0, 2.5]),
        ],
    )
    @pytest.mark.parametrize(("order", "noise"), CI_REGRESSION_CASES)
    def test_nns_reg_confidence_interval_matches_r(
        rng: np.random.Generator,
        relationship: str,
        confidence_interval: float,
        point_est: np.ndarray | None,
        order: int | None,
        noise: str,
    ) -> None:
        x, y = _relationship(relationship, 50, rng)
    
        expected = _r_nns_reg(
            x,
            y,
            order=order,
            noise=noise,
            point_est=point_est,
            confidence_interval=confidence_interval,
        )
        actual = nns_reg(
            x,
            y,
            order=order,
            noise_reduction=cast(NoiseReduction, noise),
            point_est=point_est,
            confidence_interval=confidence_interval,
        )
    
>       _assert_reg_matches(actual, expected)

tests/parity/test_regression.py:582: 
_ _ _ _ _ _ _ _ _ _ _ _ _ _ _ _ _ _ _ _ _ _ _ _ _ _ _ _ _ _ _ _ _ _ _ _ _ _ _ _ 
tests/parity/test_regression.py:938: in _assert_reg_matches
    _assert_scalar_or_empty(actual["R2"], expected["R2"], atol)
_ _ _ _ _ _ _ _ _ _ _ _ _ _ _ _ _ _ _ _ _ _ _ _ _ _ _ _ _ _ _ _ _ _ _ _ _ _ _ _ 

actual = 0.9997050884385357, expected = array(0.99957559), atol = 1e-10

    def _assert_scalar_or_empty(actual: object, expected: object, atol: float) -> None:
        """Compare a scalar metric, treating port ``None`` as R's empty (NULL)."""
        if actual is None:
            assert _array(expected).size == 0
        else:
>           np.testing.assert_allclose(actual, _array(expected), atol=atol)
E           AssertionError: 
E           Not equal to tolerance rtol=1e-07, atol=1e-10
E           
E           Mismatched elements: 1 / 1 (100%)
E           Max absolute difference among violations: 0.00012949
E           Max relative difference among violations: 0.00012955
E            ACTUAL: array(0.999705)
E            DESIRED: array(0.999576)

tests/parity/test_regression.py:1002: AssertionError
____ test_nns_reg_confidence_interval_matches_r[None-median-None-0.95-sin] _____
[gw0] linux -- Python 3.11.15 /opt/hostedtoolcache/Python/3.11.15/x64/bin/python

rng = Generator(PCG64) at 0x7FBB8D458AC0, relationship = 'sin'
confidence_interval = 0.95, point_est = None, order = None, noise = 'median'

    @pytest.mark.parity
    @pytest.mark.parametrize("relationship", ["linear", "quadratic", "sin"])
    @pytest.mark.parametrize("confidence_interval", [0.8, 0.95])
    @pytest.mark.parametrize(
        "point_est",
        [
            None,
            np.array([-1.0, 0.0, 1.0]),
            np.array([-3.0, -1.0, 0.0, 2.5]),
        ],
    )
    @pytest.mark.parametrize(("order", "noise"), CI_REGRESSION_CASES)
    def test_nns_reg_confidence_interval_matches_r(
        rng: np.random.Generator,
        relationship: str,
        confidence_interval: float,
        point_est: np.ndarray | None,
        order: int | None,
        noise: str,
    ) -> None:
        x, y = _relationship(relationship, 50, rng)
    
        expected = _r_nns_reg(
            x,
            y,
            order=order,
            noise=noise,
            point_est=point_est,
            confidence_interval=confidence_interval,
        )
        actual = nns_reg(
            x,
            y,
            order=order,
            noise_reduction=cast(NoiseReduction, noise),
            point_est=point_est,
            confidence_interval=confidence_interval,
        )
    
>       _assert_reg_matches(actual, expected)

tests/parity/test_regression.py:582: 
_ _ _ _ _ _ _ _ _ _ _ _ _ _ _ _ _ _ _ _ _ _ _ _ _ _ _ _ _ _ _ _ _ _ _ _ _ _ _ _ 
tests/parity/test_regression.py:938: in _assert_reg_matches
    _assert_scalar_or_empty(actual["R2"], expected["R2"], atol)
_ _ _ _ _ _ _ _ _ _ _ _ _ _ _ _ _ _ _ _ _ _ _ _ _ _ _ _ _ _ _ _ _ _ _ _ _ _ _ _ 

actual = 0.9999879530612474, expected = array(0.9999672), atol = 1e-10

    def _assert_scalar_or_empty(actual: object, expected: object, atol: float) -> None:
        """Compare a scalar metric, treating port ``None`` as R's empty (NULL)."""
        if actual is None:
            assert _array(expected).size == 0
        else:
>           np.testing.assert_allclose(actual, _array(expected), atol=atol)
E           AssertionError: 
E           Not equal to tolerance rtol=1e-07, atol=1e-10
E           
E           Mismatched elements: 1 / 1 (100%)
E           Max absolute difference among violations: 2.07566372e-05
E           Max relative difference among violations: 2.07573181e-05
E            ACTUAL: array(0.999988)
E            DESIRED: array(0.999967)

tests/parity/test_regression.py:1002: AssertionError
______ test_nns_reg_confidence_interval_matches_r[1-mean-None-0.8-linear] ______
[gw3] linux -- Python 3.11.15 /opt/hostedtoolcache/Python/3.11.15/x64/bin/python

rng = Generator(PCG64) at 0x7F6256159460, relationship = 'linear'
confidence_interval = 0.8, point_est = None, order = 1, noise = 'mean'

    @pytest.mark.parity
    @pytest.mark.parametrize("relationship", ["linear", "quadratic", "sin"])
    @pytest.mark.parametrize("confidence_interval", [0.8, 0.95])
    @pytest.mark.parametrize(
        "point_est",
        [
            None,
            np.array([-1.0, 0.0, 1.0]),
            np.array([-3.0, -1.0, 0.0, 2.5]),
        ],
    )
    @pytest.mark.parametrize(("order", "noise"), CI_REGRESSION_CASES)
    def test_nns_reg_confidence_interval_matches_r(
        rng: np.random.Generator,
        relationship: str,
        confidence_interval: float,
        point_est: np.ndarray | None,
        order: int | None,
        noise: str,
    ) -> None:
        x, y = _relationship(relationship, 50, rng)
    
        expected = _r_nns_reg(
            x,
            y,
            order=order,
            noise=noise,
            point_est=point_est,
            confidence_interval=confidence_interval,
        )
        actual = nns_reg(
            x,
            y,
            order=order,
            noise_reduction=cast(NoiseReduction, noise),
            point_est=point_est,
            confidence_interval=confidence_interval,
        )
    
>       _assert_reg_matches(actual, expected)

tests/parity/test_regression.py:582: 
_ _ _ _ _ _ _ _ _ _ _ _ _ _ _ _ _ _ _ _ _ _ _ _ _ _ _ _ _ _ _ _ _ _ _ _ _ _ _ _ 
tests/parity/test_regression.py:938: in _assert_reg_matches
    _assert_scalar_or_empty(actual["R2"], expected["R2"], atol)
_ _ _ _ _ _ _ _ _ _ _ _ _ _ _ _ _ _ _ _ _ _ _ _ _ _ _ _ _ _ _ _ _ _ _ _ _ _ _ _ 

actual = 0.999693720605179, expected = array(0.99962918), atol = 1e-10

    def _assert_scalar_or_empty(actual: object, expected: object, atol: float) -> None:
        """Compare a scalar metric, treating port ``None`` as R's empty (NULL)."""
        if actual is None:
            assert _array(expected).size == 0
        else:
>           np.testing.assert_allclose(actual, _array(expected), atol=atol)
E           AssertionError: 
E           Not equal to tolerance rtol=1e-07, atol=1e-10
E           
E           Mismatched elements: 1 / 1 (100%)
E           Max absolute difference among violations: 6.45397606e-05
E           Max relative difference among violations: 6.45637021e-05
E            ACTUAL: array(0.999694)
E            DESIRED: array(0.999629)

tests/parity/test_regression.py:1002: AssertionError
_ test_nns_reg_confidence_interval_matches_r[1-off-point_est2-0.95-quadratic] __
[gw2] linux -- Python 3.11.15 /opt/hostedtoolcache/Python/3.11.15/x64/bin/python

rng = Generator(PCG64) at 0x7F97EE7391C0, relationship = 'quadratic'
confidence_interval = 0.95, point_est = array([-3. , -1. ,  0. ,  2.5])
order = 1, noise = 'off'

    @pytest.mark.parity
    @pytest.mark.parametrize("relationship", ["linear", "quadratic", "sin"])
    @pytest.mark.parametrize("confidence_interval", [0.8, 0.95])
    @pytest.mark.parametrize(
        "point_est",
        [
            None,
            np.array([-1.0, 0.0, 1.0]),
            np.array([-3.0, -1.0, 0.0, 2.5]),
        ],
    )
    @pytest.mark.parametrize(("order", "noise"), CI_REGRESSION_CASES)
    def test_nns_reg_confidence_interval_matches_r(
        rng: np.random.Generator,
        relationship: str,
        confidence_interval: float,
        point_est: np.ndarray | None,
        order: int | None,
        noise: str,
    ) -> None:
        x, y = _relationship(relationship, 50, rng)
    
        expected = _r_nns_reg(
            x,
            y,
            order=order,
            noise=noise,
            point_est=point_est,
            confidence_interval=confidence_interval,
        )
        actual = nns_reg(
            x,
            y,
            order=order,
            noise_reduction=cast(NoiseReduction, noise),
            point_est=point_est,
            confidence_interval=confidence_interval,
        )
    
>       _assert_reg_matches(actual, expected)

tests/parity/test_regression.py:582: 
_ _ _ _ _ _ _ _ _ _ _ _ _ _ _ _ _ _ _ _ _ _ _ _ _ _ _ _ _ _ _ _ _ _ _ _ _ _ _ _ 
tests/parity/test_regression.py:938: in _assert_reg_matches
    _assert_scalar_or_empty(actual["R2"], expected["R2"], atol)
_ _ _ _ _ _ _ _ _ _ _ _ _ _ _ _ _ _ _ _ _ _ _ _ _ _ _ _ _ _ _ _ _ _ _ _ _ _ _ _ 

actual = 0.9358840137673635, expected = array(0.07683621), atol = 1e-10

    def _assert_scalar_or_empty(actual: object, expected: object, atol: float) -> None:
        """Compare a scalar metric, treating port ``None`` as R's empty (NULL)."""
        if actual is None:
            assert _array(expected).size == 0
        else:
>           np.testing.assert_allclose(actual, _array(expected), atol=atol)
E           AssertionError: 
E           Not equal to tolerance rtol=1e-07, atol=1e-10
E           
E           Mismatched elements: 1 / 1 (100%)
E           Max absolute difference among violations: 0.85904781
E           Max relative difference among violations: 11.18024717
E            ACTUAL: array(0.935884)
E            DESIRED: array(0.076836)

tests/parity/test_regression.py:1002: AssertionError
_ test_nns_reg_confidence_interval_matches_r[None-median-point_est1-0.8-linear] _
[gw0] linux -- Python 3.11.15 /opt/hostedtoolcache/Python/3.11.15/x64/bin/python

rng = Generator(PCG64) at 0x7FBB8D4583C0, relationship = 'linear'
confidence_interval = 0.8, point_est = array([-1.,  0.,  1.]), order = None
noise = 'median'

    @pytest.mark.parity
    @pytest.mark.parametrize("relationship", ["linear", "quadratic", "sin"])
    @pytest.mark.parametrize("confidence_interval", [0.8, 0.95])
    @pytest.mark.parametrize(
        "point_est",
        [
            None,
            np.array([-1.0, 0.0, 1.0]),
            np.array([-3.0, -1.0, 0.0, 2.5]),
        ],
    )
    @pytest.mark.parametrize(("order", "noise"), CI_REGRESSION_CASES)
    def test_nns_reg_confidence_interval_matches_r(
        rng: np.random.Generator,
        relationship: str,
        confidence_interval: float,
        point_est: np.ndarray | None,
        order: int | None,
        noise: str,
    ) -> None:
        x, y = _relationship(relationship, 50, rng)
    
        expected = _r_nns_reg(
            x,
            y,
            order=order,
            noise=noise,
            point_est=point_est,
            confidence_interval=confidence_interval,
        )
        actual = nns_reg(
            x,
            y,
            order=order,
            noise_reduction=cast(NoiseReduction, noise),
            point_est=point_est,
            confidence_interval=confidence_interval,
        )
    
>       _assert_reg_matches(actual, expected)

tests/parity/test_regression.py:582: 
_ _ _ _ _ _ _ _ _ _ _ _ _ _ _ _ _ _ _ _ _ _ _ _ _ _ _ _ _ _ _ _ _ _ _ _ _ _ _ _ 
tests/parity/test_regression.py:938: in _assert_reg_matches
    _assert_scalar_or_empty(actual["R2"], expected["R2"], atol)
_ _ _ _ _ _ _ _ _ _ _ _ _ _ _ _ _ _ _ _ _ _ _ _ _ _ _ _ _ _ _ _ _ _ _ _ _ _ _ _ 

actual = 0.9999669552983784, expected = array(0.99996656), atol = 1e-10

    def _assert_scalar_or_empty(actual: object, expected: object, atol: float) -> None:
        """Compare a scalar metric, treating port ``None`` as R's empty (NULL)."""
        if actual is None:
            assert _array(expected).size == 0
        else:
>           np.testing.assert_allclose(actual, _array(expected), atol=atol)
E           AssertionError: 
E           Not equal to tolerance rtol=1e-07, atol=1e-10
E           
E           Mismatched elements: 1 / 1 (100%)
E           Max absolute difference among violations: 3.97067093e-07
E           Max relative difference among violations: 3.97080372e-07
E            ACTUAL: array(0.999967)
E            DESIRED: array(0.999967)

tests/parity/test_regression.py:1002: AssertionError
____ test_nns_reg_confidence_interval_matches_r[1-mean-None-0.8-quadratic] _____
[gw3] linux -- Python 3.11.15 /opt/hostedtoolcache/Python/3.11.15/x64/bin/python

rng = Generator(PCG64) at 0x7F6256158D60, relationship = 'quadratic'
confidence_interval = 0.8, point_est = None, order = 1, noise = 'mean'

    @pytest.mark.parity
    @pytest.mark.parametrize("relationship", ["linear", "quadratic", "sin"])
    @pytest.mark.parametrize("confidence_interval", [0.8, 0.95])
    @pytest.mark.parametrize(
        "point_est",
        [
            None,
            np.array([-1.0, 0.0, 1.0]),
            np.array([-3.0, -1.0, 0.0, 2.5]),
        ],
    )
    @pytest.mark.parametrize(("order", "noise"), CI_REGRESSION_CASES)
    def test_nns_reg_confidence_interval_matches_r(
        rng: np.random.Generator,
        relationship: str,
        confidence_interval: float,
        point_est: np.ndarray | None,
        order: int | None,
        noise: str,
    ) -> None:
        x, y = _relationship(relationship, 50, rng)
    
        expected = _r_nns_reg(
            x,
            y,
            order=order,
            noise=noise,
            point_est=point_est,
            confidence_interval=confidence_interval,
        )
        actual = nns_reg(
            x,
            y,
            order=order,
            noise_reduction=cast(NoiseReduction, noise),
            point_est=point_est,
            confidence_interval=confidence_interval,
        )
    
>       _assert_reg_matches(actual, expected)

tests/parity/test_regression.py:582: 
_ _ _ _ _ _ _ _ _ _ _ _ _ _ _ _ _ _ _ _ _ _ _ _ _ _ _ _ _ _ _ _ _ _ _ _ _ _ _ _ 
tests/parity/test_regression.py:938: in _assert_reg_matches
    _assert_scalar_or_empty(actual["R2"], expected["R2"], atol)
_ _ _ _ _ _ _ _ _ _ _ _ _ _ _ _ _ _ _ _ _ _ _ _ _ _ _ _ _ _ _ _ _ _ _ _ _ _ _ _ 

actual = 0.9378751500600243, expected = array(-0.33798135), atol = 1e-10

    def _assert_scalar_or_empty(actual: object, expected: object, atol: float) -> None:
        """Compare a scalar metric, treating port ``None`` as R's empty (NULL)."""
        if actual is None:
            assert _array(expected).size == 0
        else:
>           np.testing.assert_allclose(actual, _array(expected), atol=atol)
E           AssertionError: 
E           Not equal to tolerance rtol=1e-07, atol=1e-10
E           
E           Mismatched elements: 1 / 1 (100%)
E           Max absolute difference among violations: 1.2758565
E           Max relative difference among violations: 3.77493169
E            ACTUAL: array(0.937875)
E            DESIRED: array(-0.337981)

tests/parity/test_regression.py:1002: AssertionError
____ test_nns_reg_confidence_interval_matches_r[1-off-point_est2-0.95-sin] _____
[gw2] linux -- Python 3.11.15 /opt/hostedtoolcache/Python/3.11.15/x64/bin/python

rng = Generator(PCG64) at 0x7F97EE73A960, relationship = 'sin'
confidence_interval = 0.95, point_est = array([-3. , -1. ,  0. ,  2.5])
order = 1, noise = 'off'

    @pytest.mark.parity
    @pytest.mark.parametrize("relationship", ["linear", "quadratic", "sin"])
    @pytest.mark.parametrize("confidence_interval", [0.8, 0.95])
    @pytest.mark.parametrize(
        "point_est",
        [
            None,
            np.array([-1.0, 0.0, 1.0]),
            np.array([-3.0, -1.0, 0.0, 2.5]),
        ],
    )
    @pytest.mark.parametrize(("order", "noise"), CI_REGRESSION_CASES)
    def test_nns_reg_confidence_interval_matches_r(
        rng: np.random.Generator,
        relationship: str,
        confidence_interval: float,
        point_est: np.ndarray | None,
        order: int | None,
        noise: str,
    ) -> None:
        x, y = _relationship(relationship, 50, rng)
    
        expected = _r_nns_reg(
            x,
            y,
            order=order,
            noise=noise,
            point_est=point_est,
            confidence_interval=confidence_interval,
        )
        actual = nns_reg(
            x,
            y,
            order=order,
            noise_reduction=cast(NoiseReduction, noise),
            point_est=point_est,
            confidence_interval=confidence_interval,
        )
    
>       _assert_reg_matches(actual, expected)

tests/parity/test_regression.py:582: 
_ _ _ _ _ _ _ _ _ _ _ _ _ _ _ _ _ _ _ _ _ _ _ _ _ _ _ _ _ _ _ _ _ _ _ _ _ _ _ _ 
tests/parity/test_regression.py:938: in _assert_reg_matches
    _assert_scalar_or_empty(actual["R2"], expected["R2"], atol)
_ _ _ _ _ _ _ _ _ _ _ _ _ _ _ _ _ _ _ _ _ _ _ _ _ _ _ _ _ _ _ _ _ _ _ _ _ _ _ _ 

actual = 0.9398028417066483, expected = array(0.84650604), atol = 1e-10

    def _assert_scalar_or_empty(actual: object, expected: object, atol: float) -> None:
        """Compare a scalar metric, treating port ``None`` as R's empty (NULL)."""
        if actual is None:
            assert _array(expected).size == 0
        else:
>           np.testing.assert_allclose(actual, _array(expected), atol=atol)
E           AssertionError: 
E           Not equal to tolerance rtol=1e-07, atol=1e-10
E           
E           Mismatched elements: 1 / 1 (100%)
E           Max absolute difference among violations: 0.0932968
E           Max relative difference among violations: 0.11021398
E            ACTUAL: array(0.939803)
E            DESIRED: array(0.846506)

tests/parity/test_regression.py:1002: AssertionError
______ test_nns_reg_confidence_interval_matches_r[2-off-None-0.8-linear] _______
[gw2] linux -- Python 3.11.15 /opt/hostedtoolcache/Python/3.11.15/x64/bin/python

rng = Generator(PCG64) at 0x7F97EE73AF80, relationship = 'linear'
confidence_interval = 0.8, point_est = None, order = 2, noise = 'off'

    @pytest.mark.parity
    @pytest.mark.parametrize("relationship", ["linear", "quadratic", "sin"])
    @pytest.mark.parametrize("confidence_interval", [0.8, 0.95])
    @pytest.mark.parametrize(
        "point_est",
        [
            None,
            np.array([-1.0, 0.0, 1.0]),
            np.array([-3.0, -1.0, 0.0, 2.5]),
        ],
    )
    @pytest.mark.parametrize(("order", "noise"), CI_REGRESSION_CASES)
    def test_nns_reg_confidence_interval_matches_r(
        rng: np.random.Generator,
        relationship: str,
        confidence_interval: float,
        point_est: np.ndarray | None,
        order: int | None,
        noise: str,
    ) -> None:
        x, y = _relationship(relationship, 50, rng)
    
        expected = _r_nns_reg(
            x,
            y,
            order=order,
            noise=noise,
            point_est=point_est,
            confidence_interval=confidence_interval,
        )
        actual = nns_reg(
            x,
            y,
            order=order,
            noise_reduction=cast(NoiseReduction, noise),
            point_est=point_est,
            confidence_interval=confidence_interval,
        )
    
>       _assert_reg_matches(actual, expected)

tests/parity/test_regression.py:582: 
_ _ _ _ _ _ _ _ _ _ _ _ _ _ _ _ _ _ _ _ _ _ _ _ _ _ _ _ _ _ _ _ _ _ _ _ _ _ _ _ 
tests/parity/test_regression.py:938: in _assert_reg_matches
    _assert_scalar_or_empty(actual["R2"], expected["R2"], atol)
_ _ _ _ _ _ _ _ _ _ _ _ _ _ _ _ _ _ _ _ _ _ _ _ _ _ _ _ _ _ _ _ _ _ _ _ _ _ _ _ 

actual = 0.9997072411752134, expected = array(0.99956473), atol = 1e-10

    def _assert_scalar_or_empty(actual: object, expected: object, atol: float) -> None:
        """Compare a scalar metric, treating port ``None`` as R's empty (NULL)."""
        if actual is None:
            assert _array(expected).size == 0
        else:
>           np.testing.assert_allclose(actual, _array(expected), atol=atol)
E           AssertionError: 
E           Not equal to tolerance rtol=1e-07, atol=1e-10
E           
E           Mismatched elements: 1 / 1 (100%)
E           Max absolute difference among violations: 0.00014252
E           Max relative difference among violations: 0.00014258
E            ACTUAL: array(0.999707)
E            DESIRED: array(0.999565)

tests/parity/test_regression.py:1002: AssertionError
_____ test_nns_reg_confidence_interval_matches_r[2-off-None-0.8-quadratic] _____
[gw2] linux -- Python 3.11.15 /opt/hostedtoolcache/Python/3.11.15/x64/bin/python

rng = Generator(PCG64) at 0x7F97EE73AA40, relationship = 'quadratic'
confidence_interval = 0.8, point_est = None, order = 2, noise = 'off'

    @pytest.mark.parity
    @pytest.mark.parametrize("relationship", ["linear", "quadratic", "sin"])
    @pytest.mark.parametrize("confidence_interval", [0.8, 0.95])
    @pytest.mark.parametrize(
        "point_est",
        [
            None,
            np.array([-1.0, 0.0, 1.0]),
            np.array([-3.0, -1.0, 0.0, 2.5]),
        ],
    )
    @pytest.mark.parametrize(("order", "noise"), CI_REGRESSION_CASES)
    def test_nns_reg_confidence_interval_matches_r(
        rng: np.random.Generator,
        relationship: str,
        confidence_interval: float,
        point_est: np.ndarray | None,
        order: int | None,
        noise: str,
    ) -> None:
        x, y = _relationship(relationship, 50, rng)
    
        expected = _r_nns_reg(
            x,
            y,
            order=order,
            noise=noise,
            point_est=point_est,
            confidence_interval=confidence_interval,
        )
        actual = nns_reg(
            x,
            y,
            order=order,
            noise_reduction=cast(NoiseReduction, noise),
            point_est=point_est,
            confidence_interval=confidence_interval,
        )
    
>       _assert_reg_matches(actual, expected)

tests/parity/test_regression.py:582: 
_ _ _ _ _ _ _ _ _ _ _ _ _ _ _ _ _ _ _ _ _ _ _ _ _ _ _ _ _ _ _ _ _ _ _ _ _ _ _ _ 
tests/parity/test_regression.py:938: in _assert_reg_matches
    _assert_scalar_or_empty(actual["R2"], expected["R2"], atol)
_ _ _ _ _ _ _ _ _ _ _ _ _ _ _ _ _ _ _ _ _ _ _ _ _ _ _ _ _ _ _ _ _ _ _ _ _ _ _ _ 

actual = 0.9469616489366707, expected = array(0.85722284), atol = 1e-10

    def _assert_scalar_or_empty(actual: object, expected: object, atol: float) -> None:
        """Compare a scalar metric, treating port ``None`` as R's empty (NULL)."""
        if actual is None:
            assert _array(expected).size == 0
        else:
>           np.testing.assert_allclose(actual, _array(expected), atol=atol)
E           AssertionError: 
E           Not equal to tolerance rtol=1e-07, atol=1e-10
E           
E           Mismatched elements: 1 / 1 (100%)
E           Max absolute difference among violations: 0.08973881
E           Max relative difference among violations: 0.10468551
E            ACTUAL: array(0.946962)
E            DESIRED: array(0.857223)

tests/parity/test_regression.py:1002: AssertionError
_______ test_nns_reg_confidence_interval_matches_r[1-mean-None-0.8-sin] ________
[gw3] linux -- Python 3.11.15 /opt/hostedtoolcache/Python/3.11.15/x64/bin/python

rng = Generator(PCG64) at 0x7F6256158900, relationship = 'sin'
confidence_interval = 0.8, point_est = None, order = 1, noise = 'mean'

    @pytest.mark.parity
    @pytest.mark.parametrize("relationship", ["linear", "quadratic", "sin"])
    @pytest.mark.parametrize("confidence_interval", [0.8, 0.95])
    @pytest.mark.parametrize(
        "point_est",
        [
            None,
            np.array([-1.0, 0.0, 1.0]),
            np.array([-3.0, -1.0, 0.0, 2.5]),
        ],
    )
    @pytest.mark.parametrize(("order", "noise"), CI_REGRESSION_CASES)
    def test_nns_reg_confidence_interval_matches_r(
        rng: np.random.Generator,
        relationship: str,
        confidence_interval: float,
        point_est: np.ndarray | None,
        order: int | None,
        noise: str,
    ) -> None:
        x, y = _relationship(relationship, 50, rng)
    
        expected = _r_nns_reg(
            x,
            y,
            order=order,
            noise=noise,
            point_est=point_est,
            confidence_interval=confidence_interval,
        )
        actual = nns_reg(
            x,
            y,
            order=order,
            noise_reduction=cast(NoiseReduction, noise),
            point_est=point_est,
            confidence_interval=confidence_interval,
        )
    
>       _assert_reg_matches(actual, expected)

tests/parity/test_regression.py:582: 
_ _ _ _ _ _ _ _ _ _ _ _ _ _ _ _ _ _ _ _ _ _ _ _ _ _ _ _ _ _ _ _ _ _ _ _ _ _ _ _ 
tests/parity/test_regression.py:938: in _assert_reg_matches
    _assert_scalar_or_empty(actual["R2"], expected["R2"], atol)
_ _ _ _ _ _ _ _ _ _ _ _ _ _ _ _ _ _ _ _ _ _ _ _ _ _ _ _ _ _ _ _ _ _ _ _ _ _ _ _ 

actual = 0.9523361668629529, expected = array(0.8717489), atol = 1e-10

    def _assert_scalar_or_empty(actual: object, expected: object, atol: float) -> None:
        """Compare a scalar metric, treating port ``None`` as R's empty (NULL)."""
        if actual is None:
            assert _array(expected).size == 0
        else:
>           np.testing.assert_allclose(actual, _array(expected), atol=atol)
E           AssertionError: 
E           Not equal to tolerance rtol=1e-07, atol=1e-10
E           
E           Mismatched elements: 1 / 1 (100%)
E           Max absolute difference among violations: 0.08058727
E           Max relative difference among violations: 0.09244322
E            ACTUAL: array(0.952336)
E            DESIRED: array(0.871749)

tests/parity/test_regression.py:1002: AssertionError
_ test_nns_reg_confidence_interval_matches_r[None-median-point_est1-0.8-quadratic] _
[gw0] linux -- Python 3.11.15 /opt/hostedtoolcache/Python/3.11.15/x64/bin/python

rng = Generator(PCG64) at 0x7FBB8D45A340, relationship = 'quadratic'
confidence_interval = 0.8, point_est = array([-1.,  0.,  1.]), order = None
noise = 'median'

    @pytest.mark.parity
    @pytest.mark.parametrize("relationship", ["linear", "quadratic", "sin"])
    @pytest.mark.parametrize("confidence_interval", [0.8, 0.95])
    @pytest.mark.parametrize(
        "point_est",
        [
            None,
            np.array([-1.0, 0.0, 1.0]),
            np.array([-3.0, -1.0, 0.0, 2.5]),
        ],
    )
    @pytest.mark.parametrize(("order", "noise"), CI_REGRESSION_CASES)
    def test_nns_reg_confidence_interval_matches_r(
        rng: np.random.Generator,
        relationship: str,
        confidence_interval: float,
        point_est: np.ndarray | None,
        order: int | None,
        noise: str,
    ) -> None:
        x, y = _relationship(relationship, 50, rng)
    
        expected = _r_nns_reg(
            x,
            y,
            order=order,
            noise=noise,
            point_est=point_est,
            confidence_interval=confidence_interval,
        )
        actual = nns_reg(
            x,
            y,
            order=order,
            noise_reduction=cast(NoiseReduction, noise),
            point_est=point_est,
            confidence_interval=confidence_interval,
        )
    
>       _assert_reg_matches(actual, expected)

tests/parity/test_regression.py:582: 
_ _ _ _ _ _ _ _ _ _ _ _ _ _ _ _ _ _ _ _ _ _ _ _ _ _ _ _ _ _ _ _ _ _ _ _ _ _ _ _ 
tests/parity/test_regression.py:938: in _assert_reg_matches
    _assert_scalar_or_empty(actual["R2"], expected["R2"], atol)
_ _ _ _ _ _ _ _ _ _ _ _ _ _ _ _ _ _ _ _ _ _ _ _ _ _ _ _ _ _ _ _ _ _ _ _ _ _ _ _ 

actual = 0.9997401864052399, expected = array(0.99866136), atol = 1e-10

    def _assert_scalar_or_empty(actual: object, expected: object, atol: float) -> None:
        """Compare a scalar metric, treating port ``None`` as R's empty (NULL)."""
        if actual is None:
            assert _array(expected).size == 0
        else:
>           np.testing.assert_allclose(actual, _array(expected), atol=atol)
E           AssertionError: 
E           Not equal to tolerance rtol=1e-07, atol=1e-10
E           
E           Mismatched elements: 1 / 1 (100%)
E           Max absolute difference among violations: 0.00107883
E           Max relative difference among violations: 0.00108027
E            ACTUAL: array(0.99974)
E            DESIRED: array(0.998661)

tests/parity/test_regression.py:1002: AssertionError
_____ test_nns_reg_confidence_interval_matches_r[1-mean-None-0.95-linear] ______
[gw3] linux -- Python 3.11.15 /opt/hostedtoolcache/Python/3.11.15/x64/bin/python

rng = Generator(PCG64) at 0x7F62560CB840, relationship = 'linear'
confidence_interval = 0.95, point_est = None, order = 1, noise = 'mean'

    @pytest.mark.parity
    @pytest.mark.parametrize("relationship", ["linear", "quadratic", "sin"])
    @pytest.mark.parametrize("confidence_interval", [0.8, 0.95])
    @pytest.mark.parametrize(
        "point_est",
        [
            None,
            np.array([-1.0, 0.0, 1.0]),
            np.array([-3.0, -1.0, 0.0, 2.5]),
        ],
    )
    @pytest.mark.parametrize(("order", "noise"), CI_REGRESSION_CASES)
    def test_nns_reg_confidence_interval_matches_r(
        rng: np.random.Generator,
        relationship: str,
        confidence_interval: float,
        point_est: np.ndarray | None,
        order: int | None,
        noise: str,
    ) -> None:
        x, y = _relationship(relationship, 50, rng)
    
        expected = _r_nns_reg(
            x,
            y,
            order=order,
            noise=noise,
            point_est=point_est,
            confidence_interval=confidence_interval,
        )
        actual = nns_reg(
            x,
            y,
            order=order,
            noise_reduction=cast(NoiseReduction, noise),
            point_est=point_est,
            confidence_interval=confidence_interval,
        )
    
>       _assert_reg_matches(actual, expected)

tests/parity/test_regression.py:582: 
_ _ _ _ _ _ _ _ _ _ _ _ _ _ _ _ _ _ _ _ _ _ _ _ _ _ _ _ _ _ _ _ _ _ _ _ _ _ _ _ 
tests/parity/test_regression.py:938: in _assert_reg_matches
    _assert_scalar_or_empty(actual["R2"], expected["R2"], atol)
_ _ _ _ _ _ _ _ _ _ _ _ _ _ _ _ _ _ _ _ _ _ _ _ _ _ _ _ _ _ _ _ _ _ _ _ _ _ _ _ 

actual = 0.999693720605179, expected = array(0.99962918), atol = 1e-10

    def _assert_scalar_or_empty(actual: object, expected: object, atol: float) -> None:
        """Compare a scalar metric, treating port ``None`` as R's empty (NULL)."""
        if actual is None:
            assert _array(expected).size == 0
        else:
>           np.testing.assert_allclose(actual, _array(expected), atol=atol)
E           AssertionError: 
E           Not equal to tolerance rtol=1e-07, atol=1e-10
E           
E           Mismatched elements: 1 / 1 (100%)
E           Max absolute difference among violations: 6.45397606e-05
E           Max relative difference among violations: 6.45637021e-05
E            ACTUAL: array(0.999694)
E            DESIRED: array(0.999629)

tests/parity/test_regression.py:1002: AssertionError
__ test_nns_reg_confidence_interval_matches_r[None-median-point_est1-0.8-sin] __
[gw0] linux -- Python 3.11.15 /opt/hostedtoolcache/Python/3.11.15/x64/bin/python

rng = Generator(PCG64) at 0x7FBB8FF26EA0, relationship = 'sin'
confidence_interval = 0.8, point_est = array([-1.,  0.,  1.]), order = None
noise = 'median'

    @pytest.mark.parity
    @pytest.mark.parametrize("relationship", ["linear", "quadratic", "sin"])
    @pytest.mark.parametrize("confidence_interval", [0.8, 0.95])
    @pytest.mark.parametrize(
        "point_est",
        [
            None,
            np.array([-1.0, 0.0, 1.0]),
            np.array([-3.0, -1.0, 0.0, 2.5]),
        ],
    )
    @pytest.mark.parametrize(("order", "noise"), CI_REGRESSION_CASES)
    def test_nns_reg_confidence_interval_matches_r(
        rng: np.random.Generator,
        relationship: str,
        confidence_interval: float,
        point_est: np.ndarray | None,
        order: int | None,
        noise: str,
    ) -> None:
        x, y = _relationship(relationship, 50, rng)
    
        expected = _r_nns_reg(
            x,
            y,
            order=order,
            noise=noise,
            point_est=point_est,
            confidence_interval=confidence_interval,
        )
        actual = nns_reg(
            x,
            y,
            order=order,
            noise_reduction=cast(NoiseReduction, noise),
            point_est=point_est,
            confidence_interval=confidence_interval,
        )
    
>       _assert_reg_matches(actual, expected)

tests/parity/test_regression.py:582: 
_ _ _ _ _ _ _ _ _ _ _ _ _ _ _ _ _ _ _ _ _ _ _ _ _ _ _ _ _ _ _ _ _ _ _ _ _ _ _ _ 
tests/parity/test_regression.py:938: in _assert_reg_matches
    _assert_scalar_or_empty(actual["R2"], expected["R2"], atol)
_ _ _ _ _ _ _ _ _ _ _ _ _ _ _ _ _ _ _ _ _ _ _ _ _ _ _ _ _ _ _ _ _ _ _ _ _ _ _ _ 

actual = 0.9999879530612474, expected = array(0.9999672), atol = 1e-10

    def _assert_scalar_or_empty(actual: object, expected: object, atol: float) -> None:
        """Compare a scalar metric, treating port ``None`` as R's empty (NULL)."""
        if actual is None:
            assert _array(expected).size == 0
        else:
>           np.testing.assert_allclose(actual, _array(expected), atol=atol)
E           AssertionError: 
E           Not equal to tolerance rtol=1e-07, atol=1e-10
E           
E           Mismatched elements: 1 / 1 (100%)
E           Max absolute difference among violations: 2.07566372e-05
E           Max relative difference among violations: 2.07573181e-05
E            ACTUAL: array(0.999988)
E            DESIRED: array(0.999967)

tests/parity/test_regression.py:1002: AssertionError
____ test_nns_reg_confidence_interval_matches_r[1-mean-None-0.95-quadratic] ____
[gw3] linux -- Python 3.11.15 /opt/hostedtoolcache/Python/3.11.15/x64/bin/python

rng = Generator(PCG64) at 0x7F62560CBAE0, relationship = 'quadratic'
confidence_interval = 0.95, point_est = None, order = 1, noise = 'mean'

    @pytest.mark.parity
    @pytest.mark.parametrize("relationship", ["linear", "quadratic", "sin"])
    @pytest.mark.parametrize("confidence_interval", [0.8, 0.95])
    @pytest.mark.parametrize(
        "point_est",
        [
            None,
            np.array([-1.0, 0.0, 1.0]),
            np.array([-3.0, -1.0, 0.0, 2.5]),
        ],
    )
    @pytest.mark.parametrize(("order", "noise"), CI_REGRESSION_CASES)
    def test_nns_reg_confidence_interval_matches_r(
        rng: np.random.Generator,
        relationship: str,
        confidence_interval: float,
        point_est: np.ndarray | None,
        order: int | None,
        noise: str,
    ) -> None:
        x, y = _relationship(relationship, 50, rng)
    
        expected = _r_nns_reg(
            x,
            y,
            order=order,
            noise=noise,
            point_est=point_est,
            confidence_interval=confidence_interval,
        )
        actual = nns_reg(
            x,
            y,
            order=order,
            noise_reduction=cast(NoiseReduction, noise),
            point_est=point_est,
            confidence_interval=confidence_interval,
        )
    
>       _assert_reg_matches(actual, expected)

tests/parity/test_regression.py:582: 
_ _ _ _ _ _ _ _ _ _ _ _ _ _ _ _ _ _ _ _ _ _ _ _ _ _ _ _ _ _ _ _ _ _ _ _ _ _ _ _ 
tests/parity/test_regression.py:938: in _assert_reg_matches
    _assert_scalar_or_empty(actual["R2"], expected["R2"], atol)
_ _ _ _ _ _ _ _ _ _ _ _ _ _ _ _ _ _ _ _ _ _ _ _ _ _ _ _ _ _ _ _ _ _ _ _ _ _ _ _ 

actual = 0.9378751500600243, expected = array(-0.33798135), atol = 1e-10

    def _assert_scalar_or_empty(actual: object, expected: object, atol: float) -> None:
        """Compare a scalar metric, treating port ``None`` as R's empty (NULL)."""
        if actual is None:
            assert _array(expected).size == 0
        else:
>           np.testing.assert_allclose(actual, _array(expected), atol=atol)
E           AssertionError: 
E           Not equal to tolerance rtol=1e-07, atol=1e-10
E           
E           Mismatched elements: 1 / 1 (100%)
E           Max absolute difference among violations: 1.2758565
E           Max relative difference among violations: 3.77493169
E            ACTUAL: array(0.937875)
E            DESIRED: array(-0.337981)

tests/parity/test_regression.py:1002: AssertionError
________ test_nns_reg_confidence_interval_matches_r[2-off-None-0.8-sin] ________
[gw2] linux -- Python 3.11.15 /opt/hostedtoolcache/Python/3.11.15/x64/bin/python

rng = Generator(PCG64) at 0x7F97EE73B760, relationship = 'sin'
confidence_interval = 0.8, point_est = None, order = 2, noise = 'off'

    @pytest.mark.parity
    @pytest.mark.parametrize("relationship", ["linear", "quadratic", "sin"])
    @pytest.mark.parametrize("confidence_interval", [0.8, 0.95])
    @pytest.mark.parametrize(
        "point_est",
        [
            None,
            np.array([-1.0, 0.0, 1.0]),
            np.array([-3.0, -1.0, 0.0, 2.5]),
        ],
    )
    @pytest.mark.parametrize(("order", "noise"), CI_REGRESSION_CASES)
    def test_nns_reg_confidence_interval_matches_r(
        rng: np.random.Generator,
        relationship: str,
        confidence_interval: float,
        point_est: np.ndarray | None,
        order: int | None,
        noise: str,
    ) -> None:
        x, y = _relationship(relationship, 50, rng)
    
        expected = _r_nns_reg(
            x,
            y,
            order=order,
            noise=noise,
            point_est=point_est,
            confidence_interval=confidence_interval,
        )
        actual = nns_reg(
            x,
            y,
            order=order,
            noise_reduction=cast(NoiseReduction, noise),
            point_est=point_est,
            confidence_interval=confidence_interval,
        )
    
>       _assert_reg_matches(actual, expected)

tests/parity/test_regression.py:582: 
_ _ _ _ _ _ _ _ _ _ _ _ _ _ _ _ _ _ _ _ _ _ _ _ _ _ _ _ _ _ _ _ _ _ _ _ _ _ _ _ 
tests/parity/test_regression.py:938: in _assert_reg_matches
    _assert_scalar_or_empty(actual["R2"], expected["R2"], atol)
_ _ _ _ _ _ _ _ _ _ _ _ _ _ _ _ _ _ _ _ _ _ _ _ _ _ _ _ _ _ _ _ _ _ _ _ _ _ _ _ 

actual = 0.996863828889251, expected = array(0.98544413), atol = 1e-10

    def _assert_scalar_or_empty(actual: object, expected: object, atol: float) -> None:
        """Compare a scalar metric, treating port ``None`` as R's empty (NULL)."""
        if actual is None:
            assert _array(expected).size == 0
        else:
>           np.testing.assert_allclose(actual, _array(expected), atol=atol)
E           AssertionError: 
E           Not equal to tolerance rtol=1e-07, atol=1e-10
E           
E           Mismatched elements: 1 / 1 (100%)
E           Max absolute difference among violations: 0.01141969
E           Max relative difference among violations: 0.01158837
E            ACTUAL: array(0.996864)
E            DESIRED: array(0.985444)

tests/parity/test_regression.py:1002: AssertionError
_ test_nns_reg_confidence_interval_matches_r[None-median-point_est1-0.95-linear] _
[gw0] linux -- Python 3.11.15 /opt/hostedtoolcache/Python/3.11.15/x64/bin/python

rng = Generator(PCG64) at 0x7FBB8FF27220, relationship = 'linear'
confidence_interval = 0.95, point_est = array([-1.,  0.,  1.]), order = None
noise = 'median'

    @pytest.mark.parity
    @pytest.mark.parametrize("relationship", ["linear", "quadratic", "sin"])
    @pytest.mark.parametrize("confidence_interval", [0.8, 0.95])
    @pytest.mark.parametrize(
        "point_est",
        [
            None,
            np.array([-1.0, 0.0, 1.0]),
            np.array([-3.0, -1.0, 0.0, 2.5]),
        ],
    )
    @pytest.mark.parametrize(("order", "noise"), CI_REGRESSION_CASES)
    def test_nns_reg_confidence_interval_matches_r(
        rng: np.random.Generator,
        relationship: str,
        confidence_interval: float,
        point_est: np.ndarray | None,
        order: int | None,
        noise: str,
    ) -> None:
        x, y = _relationship(relationship, 50, rng)
    
        expected = _r_nns_reg(
            x,
            y,
            order=order,
            noise=noise,
            point_est=point_est,
            confidence_interval=confidence_interval,
        )
        actual = nns_reg(
            x,
            y,
            order=order,
            noise_reduction=cast(NoiseReduction, noise),
            point_est=point_est,
            confidence_interval=confidence_interval,
        )
    
>       _assert_reg_matches(actual, expected)

tests/parity/test_regression.py:582: 
_ _ _ _ _ _ _ _ _ _ _ _ _ _ _ _ _ _ _ _ _ _ _ _ _ _ _ _ _ _ _ _ _ _ _ _ _ _ _ _ 
tests/parity/test_regression.py:938: in _assert_reg_matches
    _assert_scalar_or_empty(actual["R2"], expected["R2"], atol)
_ _ _ _ _ _ _ _ _ _ _ _ _ _ _ _ _ _ _ _ _ _ _ _ _ _ _ _ _ _ _ _ _ _ _ _ _ _ _ _ 

actual = 0.9999669552983784, expected = array(0.99996656), atol = 1e-10

    def _assert_scalar_or_empty(actual: object, expected: object, atol: float) -> None:
        """Compare a scalar metric, treating port ``None`` as R's empty (NULL)."""
        if actual is None:
            assert _array(expected).size == 0
        else:
>           np.testing.assert_allclose(actual, _array(expected), atol=atol)
E           AssertionError: 
E           Not equal to tolerance rtol=1e-07, atol=1e-10
E           
E           Mismatched elements: 1 / 1 (100%)
E           Max absolute difference among violations: 3.97067093e-07
E           Max relative difference among violations: 3.97080372e-07
E            ACTUAL: array(0.999967)
E            DESIRED: array(0.999967)

tests/parity/test_regression.py:1002: AssertionError
_______ test_nns_reg_confidence_interval_matches_r[1-mean-None-0.95-sin] _______
[gw3] linux -- Python 3.11.15 /opt/hostedtoolcache/Python/3.11.15/x64/bin/python

rng = Generator(PCG64) at 0x7F6256159000, relationship = 'sin'
confidence_interval = 0.95, point_est = None, order = 1, noise = 'mean'

    @pytest.mark.parity
    @pytest.mark.parametrize("relationship", ["linear", "quadratic", "sin"])
    @pytest.mark.parametrize("confidence_interval", [0.8, 0.95])
    @pytest.mark.parametrize(
        "point_est",
        [
            None,
            np.array([-1.0, 0.0, 1.0]),
            np.array([-3.0, -1.0, 0.0, 2.5]),
        ],
    )
    @pytest.mark.parametrize(("order", "noise"), CI_REGRESSION_CASES)
    def test_nns_reg_confidence_interval_matches_r(
        rng: np.random.Generator,
        relationship: str,
        confidence_interval: float,
        point_est: np.ndarray | None,
        order: int | None,
        noise: str,
    ) -> None:
        x, y = _relationship(relationship, 50, rng)
    
        expected = _r_nns_reg(
            x,
            y,
            order=order,
            noise=noise,
            point_est=point_est,
            confidence_interval=confidence_interval,
        )
        actual = nns_reg(
            x,
            y,
            order=order,
            noise_reduction=cast(NoiseReduction, noise),
            point_est=point_est,
            confidence_interval=confidence_interval,
        )
    
>       _assert_reg_matches(actual, expected)

tests/parity/test_regression.py:582: 
_ _ _ _ _ _ _ _ _ _ _ _ _ _ _ _ _ _ _ _ _ _ _ _ _ _ _ _ _ _ _ _ _ _ _ _ _ _ _ _ 
tests/parity/test_regression.py:938: in _assert_reg_matches
    _assert_scalar_or_empty(actual["R2"], expected["R2"], atol)
_ _ _ _ _ _ _ _ _ _ _ _ _ _ _ _ _ _ _ _ _ _ _ _ _ _ _ _ _ _ _ _ _ _ _ _ _ _ _ _ 

actual = 0.9523361668629529, expected = array(0.8717489), atol = 1e-10

    def _assert_scalar_or_empty(actual: object, expected: object, atol: float) -> None:
        """Compare a scalar metric, treating port ``None`` as R's empty (NULL)."""
        if actual is None:
            assert _array(expected).size == 0
        else:
>           np.testing.assert_allclose(actual, _array(expected), atol=atol)
E           AssertionError: 
E           Not equal to tolerance rtol=1e-07, atol=1e-10
E           
E           Mismatched elements: 1 / 1 (100%)
E           Max absolute difference among violations: 0.08058727
E           Max relative difference among violations: 0.09244322
E            ACTUAL: array(0.952336)
E            DESIRED: array(0.871749)

tests/parity/test_regression.py:1002: AssertionError
______ test_nns_reg_confidence_interval_matches_r[2-off-None-0.95-linear] ______
[gw2] linux -- Python 3.11.15 /opt/hostedtoolcache/Python/3.11.15/x64/bin/python

rng = Generator(PCG64) at 0x7F97EE8826C0, relationship = 'linear'
confidence_interval = 0.95, point_est = None, order = 2, noise = 'off'

    @pytest.mark.parity
    @pytest.mark.parametrize("relationship", ["linear", "quadratic", "sin"])
    @pytest.mark.parametrize("confidence_interval", [0.8, 0.95])
    @pytest.mark.parametrize(
        "point_est",
        [
            None,
            np.array([-1.0, 0.0, 1.0]),
            np.array([-3.0, -1.0, 0.0, 2.5]),
        ],
    )
    @pytest.mark.parametrize(("order", "noise"), CI_REGRESSION_CASES)
    def test_nns_reg_confidence_interval_matches_r(
        rng: np.random.Generator,
        relationship: str,
        confidence_interval: float,
        point_est: np.ndarray | None,
        order: int | None,
        noise: str,
    ) -> None:
        x, y = _relationship(relationship, 50, rng)
    
        expected = _r_nns_reg(
            x,
            y,
            order=order,
            noise=noise,
            point_est=point_est,
            confidence_interval=confidence_interval,
        )
        actual = nns_reg(
            x,
            y,
            order=order,
            noise_reduction=cast(NoiseReduction, noise),
            point_est=point_est,
            confidence_interval=confidence_interval,
        )
    
>       _assert_reg_matches(actual, expected)

tests/parity/test_regression.py:582: 
_ _ _ _ _ _ _ _ _ _ _ _ _ _ _ _ _ _ _ _ _ _ _ _ _ _ _ _ _ _ _ _ _ _ _ _ _ _ _ _ 
tests/parity/test_regression.py:938: in _assert_reg_matches
    _assert_scalar_or_empty(actual["R2"], expected["R2"], atol)
_ _ _ _ _ _ _ _ _ _ _ _ _ _ _ _ _ _ _ _ _ _ _ _ _ _ _ _ _ _ _ _ _ _ _ _ _ _ _ _ 

actual = 0.9997072411752134, expected = array(0.99956473), atol = 1e-10

    def _assert_scalar_or_empty(actual: object, expected: object, atol: float) -> None:
        """Compare a scalar metric, treating port ``None`` as R's empty (NULL)."""
        if actual is None:
            assert _array(expected).size == 0
        else:
>           np.testing.assert_allclose(actual, _array(expected), atol=atol)
E           AssertionError: 
E           Not equal to tolerance rtol=1e-07, atol=1e-10
E           
E           Mismatched elements: 1 / 1 (100%)
E           Max absolute difference among violations: 0.00014252
E           Max relative difference among violations: 0.00014258
E            ACTUAL: array(0.999707)
E            DESIRED: array(0.999565)

tests/parity/test_regression.py:1002: AssertionError
_ test_nns_reg_confidence_interval_matches_r[None-median-point_est1-0.95-quadratic] _
[gw0] linux -- Python 3.11.15 /opt/hostedtoolcache/Python/3.11.15/x64/bin/python

rng = Generator(PCG64) at 0x7FBB8FF274C0, relationship = 'quadratic'
confidence_interval = 0.95, point_est = array([-1.,  0.,  1.]), order = None
noise = 'median'

    @pytest.mark.parity
    @pytest.mark.parametrize("relationship", ["linear", "quadratic", "sin"])
    @pytest.mark.parametrize("confidence_interval", [0.8, 0.95])
    @pytest.mark.parametrize(
        "point_est",
        [
            None,
            np.array([-1.0, 0.0, 1.0]),
            np.array([-3.0, -1.0, 0.0, 2.5]),
        ],
    )
    @pytest.mark.parametrize(("order", "noise"), CI_REGRESSION_CASES)
    def test_nns_reg_confidence_interval_matches_r(
        rng: np.random.Generator,
        relationship: str,
        confidence_interval: float,
        point_est: np.ndarray | None,
        order: int | None,
        noise: str,
    ) -> None:
        x, y = _relationship(relationship, 50, rng)
    
        expected = _r_nns_reg(
            x,
            y,
            order=order,
            noise=noise,
            point_est=point_est,
            confidence_interval=confidence_interval,
        )
        actual = nns_reg(
            x,
            y,
            order=order,
            noise_reduction=cast(NoiseReduction, noise),
            point_est=point_est,
            confidence_interval=confidence_interval,
        )
    
>       _assert_reg_matches(actual, expected)

tests/parity/test_regression.py:582: 
_ _ _ _ _ _ _ _ _ _ _ _ _ _ _ _ _ _ _ _ _ _ _ _ _ _ _ _ _ _ _ _ _ _ _ _ _ _ _ _ 
tests/parity/test_regression.py:938: in _assert_reg_matches
    _assert_scalar_or_empty(actual["R2"], expected["R2"], atol)
_ _ _ _ _ _ _ _ _ _ _ _ _ _ _ _ _ _ _ _ _ _ _ _ _ _ _ _ _ _ _ _ _ _ _ _ _ _ _ _ 

actual = 0.9997401864052399, expected = array(0.99866136), atol = 1e-10

    def _assert_scalar_or_empty(actual: object, expected: object, atol: float) -> None:
        """Compare a scalar metric, treating port ``None`` as R's empty (NULL)."""
        if actual is None:
            assert _array(expected).size == 0
        else:
>           np.testing.assert_allclose(actual, _array(expected), atol=atol)
E           AssertionError: 
E           Not equal to tolerance rtol=1e-07, atol=1e-10
E           
E           Mismatched elements: 1 / 1 (100%)
E           Max absolute difference among violations: 0.00107883
E           Max relative difference among violations: 0.00108027
E            ACTUAL: array(0.99974)
E            DESIRED: array(0.998661)

tests/parity/test_regression.py:1002: AssertionError
____ test_nns_reg_confidence_interval_matches_r[2-off-None-0.95-quadratic] _____
[gw2] linux -- Python 3.11.15 /opt/hostedtoolcache/Python/3.11.15/x64/bin/python

rng = Generator(PCG64) at 0x7F97EE8833E0, relationship = 'quadratic'
confidence_interval = 0.95, point_est = None, order = 2, noise = 'off'

    @pytest.mark.parity
    @pytest.mark.parametrize("relationship", ["linear", "quadratic", "sin"])
    @pytest.mark.parametrize("confidence_interval", [0.8, 0.95])
    @pytest.mark.parametrize(
        "point_est",
        [
            None,
            np.array([-1.0, 0.0, 1.0]),
            np.array([-3.0, -1.0, 0.0, 2.5]),
        ],
    )
    @pytest.mark.parametrize(("order", "noise"), CI_REGRESSION_CASES)
    def test_nns_reg_confidence_interval_matches_r(
        rng: np.random.Generator,
        relationship: str,
        confidence_interval: float,
        point_est: np.ndarray | None,
        order: int | None,
        noise: str,
    ) -> None:
        x, y = _relationship(relationship, 50, rng)
    
        expected = _r_nns_reg(
            x,
            y,
            order=order,
            noise=noise,
            point_est=point_est,
            confidence_interval=confidence_interval,
        )
        actual = nns_reg(
            x,
            y,
            order=order,
            noise_reduction=cast(NoiseReduction, noise),
            point_est=point_est,
            confidence_interval=confidence_interval,
        )
    
>       _assert_reg_matches(actual, expected)

tests/parity/test_regression.py:582: 
_ _ _ _ _ _ _ _ _ _ _ _ _ _ _ _ _ _ _ _ _ _ _ _ _ _ _ _ _ _ _ _ _ _ _ _ _ _ _ _ 
tests/parity/test_regression.py:938: in _assert_reg_matches
    _assert_scalar_or_empty(actual["R2"], expected["R2"], atol)
_ _ _ _ _ _ _ _ _ _ _ _ _ _ _ _ _ _ _ _ _ _ _ _ _ _ _ _ _ _ _ _ _ _ _ _ _ _ _ _ 

actual = 0.9469616489366707, expected = array(0.85722284), atol = 1e-10

    def _assert_scalar_or_empty(actual: object, expected: object, atol: float) -> None:
        """Compare a scalar metric, treating port ``None`` as R's empty (NULL)."""
        if actual is None:
            assert _array(expected).size == 0
        else:
>           np.testing.assert_allclose(actual, _array(expected), atol=atol)
E           AssertionError: 
E           Not equal to tolerance rtol=1e-07, atol=1e-10
E           
E           Mismatched elements: 1 / 1 (100%)
E           Max absolute difference among violations: 0.08973881
E           Max relative difference among violations: 0.10468551
E            ACTUAL: array(0.946962)
E            DESIRED: array(0.857223)

tests/parity/test_regression.py:1002: AssertionError
___ test_nns_reg_confidence_interval_matches_r[1-mean-point_est1-0.8-linear] ___
[gw3] linux -- Python 3.11.15 /opt/hostedtoolcache/Python/3.11.15/x64/bin/python

rng = Generator(PCG64) at 0x7F6256159380, relationship = 'linear'
confidence_interval = 0.8, point_est = array([-1.,  0.,  1.]), order = 1
noise = 'mean'

    @pytest.mark.parity
    @pytest.mark.parametrize("relationship", ["linear", "quadratic", "sin"])
    @pytest.mark.parametrize("confidence_interval", [0.8, 0.95])
    @pytest.mark.parametrize(
        "point_est",
        [
            None,
            np.array([-1.0, 0.0, 1.0]),
            np.array([-3.0, -1.0, 0.0, 2.5]),
        ],
    )
    @pytest.mark.parametrize(("order", "noise"), CI_REGRESSION_CASES)
    def test_nns_reg_confidence_interval_matches_r(
        rng: np.random.Generator,
        relationship: str,
        confidence_interval: float,
        point_est: np.ndarray | None,
        order: int | None,
        noise: str,
    ) -> None:
        x, y = _relationship(relationship, 50, rng)
    
        expected = _r_nns_reg(
            x,
            y,
            order=order,
            noise=noise,
            point_est=point_est,
            confidence_interval=confidence_interval,
        )
        actual = nns_reg(
            x,
            y,
            order=order,
            noise_reduction=cast(NoiseReduction, noise),
            point_est=point_est,
            confidence_interval=confidence_interval,
        )
    
>       _assert_reg_matches(actual, expected)

tests/parity/test_regression.py:582: 
_ _ _ _ _ _ _ _ _ _ _ _ _ _ _ _ _ _ _ _ _ _ _ _ _ _ _ _ _ _ _ _ _ _ _ _ _ _ _ _ 
tests/parity/test_regression.py:938: in _assert_reg_matches
    _assert_scalar_or_empty(actual["R2"], expected["R2"], atol)
_ _ _ _ _ _ _ _ _ _ _ _ _ _ _ _ _ _ _ _ _ _ _ _ _ _ _ _ _ _ _ _ _ _ _ _ _ _ _ _ 

actual = 0.999693720605179, expected = array(0.99962918), atol = 1e-10

    def _assert_scalar_or_empty(actual: object, expected: object, atol: float) -> None:
        """Compare a scalar metric, treating port ``None`` as R's empty (NULL)."""
        if actual is None:
            assert _array(expected).size == 0
        else:
>           np.testing.assert_allclose(actual, _array(expected), atol=atol)
E           AssertionError: 
E           Not equal to tolerance rtol=1e-07, atol=1e-10
E           
E           Mismatched elements: 1 / 1 (100%)
E           Max absolute difference among violations: 6.45397606e-05
E           Max relative difference among violations: 6.45637021e-05
E            ACTUAL: array(0.999694)
E            DESIRED: array(0.999629)

tests/parity/test_regression.py:1002: AssertionError
_ test_nns_reg_confidence_interval_matches_r[None-median-point_est1-0.95-sin] __
[gw0] linux -- Python 3.11.15 /opt/hostedtoolcache/Python/3.11.15/x64/bin/python

rng = Generator(PCG64) at 0x7FBB8FF26420, relationship = 'sin'
confidence_interval = 0.95, point_est = array([-1.,  0.,  1.]), order = None
noise = 'median'

    @pytest.mark.parity
    @pytest.mark.parametrize("relationship", ["linear", "quadratic", "sin"])
    @pytest.mark.parametrize("confidence_interval", [0.8, 0.95])
    @pytest.mark.parametrize(
        "point_est",
        [
            None,
            np.array([-1.0, 0.0, 1.0]),
            np.array([-3.0, -1.0, 0.0, 2.5]),
        ],
    )
    @pytest.mark.parametrize(("order", "noise"), CI_REGRESSION_CASES)
    def test_nns_reg_confidence_interval_matches_r(
        rng: np.random.Generator,
        relationship: str,
        confidence_interval: float,
        point_est: np.ndarray | None,
        order: int | None,
        noise: str,
    ) -> None:
        x, y = _relationship(relationship, 50, rng)
    
        expected = _r_nns_reg(
            x,
            y,
            order=order,
            noise=noise,
            point_est=point_est,
            confidence_interval=confidence_interval,
        )
        actual = nns_reg(
            x,
            y,
            order=order,
            noise_reduction=cast(NoiseReduction, noise),
            point_est=point_est,
            confidence_interval=confidence_interval,
        )
    
>       _assert_reg_matches(actual, expected)

tests/parity/test_regression.py:582: 
_ _ _ _ _ _ _ _ _ _ _ _ _ _ _ _ _ _ _ _ _ _ _ _ _ _ _ _ _ _ _ _ _ _ _ _ _ _ _ _ 
tests/parity/test_regression.py:938: in _assert_reg_matches
    _assert_scalar_or_empty(actual["R2"], expected["R2"], atol)
_ _ _ _ _ _ _ _ _ _ _ _ _ _ _ _ _ _ _ _ _ _ _ _ _ _ _ _ _ _ _ _ _ _ _ _ _ _ _ _ 

actual = 0.9999879530612474, expected = array(0.9999672), atol = 1e-10

    def _assert_scalar_or_empty(actual: object, expected: object, atol: float) -> None:
        """Compare a scalar metric, treating port ``None`` as R's empty (NULL)."""
        if actual is None:
            assert _array(expected).size == 0
        else:
>           np.testing.assert_allclose(actual, _array(expected), atol=atol)
E           AssertionError: 
E           Not equal to tolerance rtol=1e-07, atol=1e-10
E           
E           Mismatched elements: 1 / 1 (100%)
E           Max absolute difference among violations: 2.07566372e-05
E           Max relative difference among violations: 2.07573181e-05
E            ACTUAL: array(0.999988)
E            DESIRED: array(0.999967)

tests/parity/test_regression.py:1002: AssertionError
_ test_nns_reg_confidence_interval_matches_r[1-mean-point_est1-0.8-quadratic] __
[gw3] linux -- Python 3.11.15 /opt/hostedtoolcache/Python/3.11.15/x64/bin/python

rng = Generator(PCG64) at 0x7F6256159EE0, relationship = 'quadratic'
confidence_interval = 0.8, point_est = array([-1.,  0.,  1.]), order = 1
noise = 'mean'

    @pytest.mark.parity
    @pytest.mark.parametrize("relationship", ["linear", "quadratic", "sin"])
    @pytest.mark.parametrize("confidence_interval", [0.8, 0.95])
    @pytest.mark.parametrize(
        "point_est",
        [
            None,
            np.array([-1.0, 0.0, 1.0]),
            np.array([-3.0, -1.0, 0.0, 2.5]),
        ],
    )
    @pytest.mark.parametrize(("order", "noise"), CI_REGRESSION_CASES)
    def test_nns_reg_confidence_interval_matches_r(
        rng: np.random.Generator,
        relationship: str,
        confidence_interval: float,
        point_est: np.ndarray | None,
        order: int | None,
        noise: str,
    ) -> None:
        x, y = _relationship(relationship, 50, rng)
    
        expected = _r_nns_reg(
            x,
            y,
            order=order,
            noise=noise,
            point_est=point_est,
            confidence_interval=confidence_interval,
        )
        actual = nns_reg(
            x,
            y,
            order=order,
            noise_reduction=cast(NoiseReduction, noise),
            point_est=point_est,
            confidence_interval=confidence_interval,
        )
    
>       _assert_reg_matches(actual, expected)

tests/parity/test_regression.py:582: 
_ _ _ _ _ _ _ _ _ _ _ _ _ _ _ _ _ _ _ _ _ _ _ _ _ _ _ _ _ _ _ _ _ _ _ _ _ _ _ _ 
tests/parity/test_regression.py:938: in _assert_reg_matches
    _assert_scalar_or_empty(actual["R2"], expected["R2"], atol)
_ _ _ _ _ _ _ _ _ _ _ _ _ _ _ _ _ _ _ _ _ _ _ _ _ _ _ _ _ _ _ _ _ _ _ _ _ _ _ _ 

actual = 0.9378751500600243, expected = array(-0.33798135), atol = 1e-10

    def _assert_scalar_or_empty(actual: object, expected: object, atol: float) -> None:
        """Compare a scalar metric, treating port ``None`` as R's empty (NULL)."""
        if actual is None:
            assert _array(expected).size == 0
        else:
>           np.testing.assert_allclose(actual, _array(expected), atol=atol)
E           AssertionError: 
E           Not equal to tolerance rtol=1e-07, atol=1e-10
E           
E           Mismatched elements: 1 / 1 (100%)
E           Max absolute difference among violations: 1.2758565
E           Max relative difference among violations: 3.77493169
E            ACTUAL: array(0.937875)
E            DESIRED: array(-0.337981)

tests/parity/test_regression.py:1002: AssertionError
_______ test_nns_reg_confidence_interval_matches_r[2-off-None-0.95-sin] ________
[gw2] linux -- Python 3.11.15 /opt/hostedtoolcache/Python/3.11.15/x64/bin/python

rng = Generator(PCG64) at 0x7F97EE883220, relationship = 'sin'
confidence_interval = 0.95, point_est = None, order = 2, noise = 'off'

    @pytest.mark.parity
    @pytest.mark.parametrize("relationship", ["linear", "quadratic", "sin"])
    @pytest.mark.parametrize("confidence_interval", [0.8, 0.95])
    @pytest.mark.parametrize(
        "point_est",
        [
            None,
            np.array([-1.0, 0.0, 1.0]),
            np.array([-3.0, -1.0, 0.0, 2.5]),
        ],
    )
    @pytest.mark.parametrize(("order", "noise"), CI_REGRESSION_CASES)
    def test_nns_reg_confidence_interval_matches_r(
        rng: np.random.Generator,
        relationship: str,
        confidence_interval: float,
        point_est: np.ndarray | None,
        order: int | None,
        noise: str,
    ) -> None:
        x, y = _relationship(relationship, 50, rng)
    
        expected = _r_nns_reg(
            x,
            y,
            order=order,
            noise=noise,
            point_est=point_est,
            confidence_interval=confidence_interval,
        )
        actual = nns_reg(
            x,
            y,
            order=order,
            noise_reduction=cast(NoiseReduction, noise),
            point_est=point_est,
            confidence_interval=confidence_interval,
        )
    
>       _assert_reg_matches(actual, expected)

tests/parity/test_regression.py:582: 
_ _ _ _ _ _ _ _ _ _ _ _ _ _ _ _ _ _ _ _ _ _ _ _ _ _ _ _ _ _ _ _ _ _ _ _ _ _ _ _ 
tests/parity/test_regression.py:938: in _assert_reg_matches
    _assert_scalar_or_empty(actual["R2"], expected["R2"], atol)
_ _ _ _ _ _ _ _ _ _ _ _ _ _ _ _ _ _ _ _ _ _ _ _ _ _ _ _ _ _ _ _ _ _ _ _ _ _ _ _ 

actual = 0.996863828889251, expected = array(0.98544413), atol = 1e-10

    def _assert_scalar_or_empty(actual: object, expected: object, atol: float) -> None:
        """Compare a scalar metric, treating port ``None`` as R's empty (NULL)."""
        if actual is None:
            assert _array(expected).size == 0
        else:
>           np.testing.assert_allclose(actual, _array(expected), atol=atol)
E           AssertionError: 
E           Not equal to tolerance rtol=1e-07, atol=1e-10
E           
E           Mismatched elements: 1 / 1 (100%)
E           Max absolute difference among violations: 0.01141969
E           Max relative difference among violations: 0.01158837
E            ACTUAL: array(0.996864)
E            DESIRED: array(0.985444)

tests/parity/test_regression.py:1002: AssertionError
_ test_nns_reg_confidence_interval_matches_r[1-median-point_est2-0.95-quadratic] _
[gw2] linux -- Python 3.11.15 /opt/hostedtoolcache/Python/3.11.15/x64/bin/python

rng = Generator(PCG64) at 0x7F97EE883A00, relationship = 'quadratic'
confidence_interval = 0.95, point_est = array([-3. , -1. ,  0. ,  2.5])
order = 1, noise = 'median'

    @pytest.mark.parity
    @pytest.mark.parametrize("relationship", ["linear", "quadratic", "sin"])
    @pytest.mark.parametrize("confidence_interval", [0.8, 0.95])
    @pytest.mark.parametrize(
        "point_est",
        [
            None,
            np.array([-1.0, 0.0, 1.0]),
            np.array([-3.0, -1.0, 0.0, 2.5]),
        ],
    )
    @pytest.mark.parametrize(("order", "noise"), CI_REGRESSION_CASES)
    def test_nns_reg_confidence_interval_matches_r(
        rng: np.random.Generator,
        relationship: str,
        confidence_interval: float,
        point_est: np.ndarray | None,
        order: int | None,
        noise: str,
    ) -> None:
        x, y = _relationship(relationship, 50, rng)
    
        expected = _r_nns_reg(
            x,
            y,
            order=order,
            noise=noise,
            point_est=point_est,
            confidence_interval=confidence_interval,
        )
        actual = nns_reg(
            x,
            y,
            order=order,
            noise_reduction=cast(NoiseReduction, noise),
            point_est=point_est,
            confidence_interval=confidence_interval,
        )
    
>       _assert_reg_matches(actual, expected)

tests/parity/test_regression.py:582: 
_ _ _ _ _ _ _ _ _ _ _ _ _ _ _ _ _ _ _ _ _ _ _ _ _ _ _ _ _ _ _ _ _ _ _ _ _ _ _ _ 
tests/parity/test_regression.py:938: in _assert_reg_matches
    _assert_scalar_or_empty(actual["R2"], expected["R2"], atol)
_ _ _ _ _ _ _ _ _ _ _ _ _ _ _ _ _ _ _ _ _ _ _ _ _ _ _ _ _ _ _ _ _ _ _ _ _ _ _ _ 

actual = 0.9378751500600236, expected = array(-0.01213672), atol = 1e-10

    def _assert_scalar_or_empty(actual: object, expected: object, atol: float) -> None:
        """Compare a scalar metric, treating port ``None`` as R's empty (NULL)."""
        if actual is None:
            assert _array(expected).size == 0
        else:
>           np.testing.assert_allclose(actual, _array(expected), atol=atol)
E           AssertionError: 
E           Not equal to tolerance rtol=1e-07, atol=1e-10
E           
E           Mismatched elements: 1 / 1 (100%)
E           Max absolute difference among violations: 0.95001187
E           Max relative difference among violations: 78.27581522
E            ACTUAL: array(0.937875)
E            DESIRED: array(-0.012137)

tests/parity/test_regression.py:1002: AssertionError
____ test_nns_reg_confidence_interval_matches_r[1-mean-point_est1-0.8-sin] _____
[gw3] linux -- Python 3.11.15 /opt/hostedtoolcache/Python/3.11.15/x64/bin/python

rng = Generator(PCG64) at 0x7F625615A6C0, relationship = 'sin'
confidence_interval = 0.8, point_est = array([-1.,  0.,  1.]), order = 1
noise = 'mean'

    @pytest.mark.parity
    @pytest.mark.parametrize("relationship", ["linear", "quadratic", "sin"])
    @pytest.mark.parametrize("confidence_interval", [0.8, 0.95])
    @pytest.mark.parametrize(
        "point_est",
        [
            None,
            np.array([-1.0, 0.0, 1.0]),
            np.array([-3.0, -1.0, 0.0, 2.5]),
        ],
    )
    @pytest.mark.parametrize(("order", "noise"), CI_REGRESSION_CASES)
    def test_nns_reg_confidence_interval_matches_r(
        rng: np.random.Generator,
        relationship: str,
        confidence_interval: float,
        point_est: np.ndarray | None,
        order: int | None,
        noise: str,
    ) -> None:
        x, y = _relationship(relationship, 50, rng)
    
        expected = _r_nns_reg(
            x,
            y,
            order=order,
            noise=noise,
            point_est=point_est,
            confidence_interval=confidence_interval,
        )
        actual = nns_reg(
            x,
            y,
            order=order,
            noise_reduction=cast(NoiseReduction, noise),
            point_est=point_est,
            confidence_interval=confidence_interval,
        )
    
>       _assert_reg_matches(actual, expected)

tests/parity/test_regression.py:582: 
_ _ _ _ _ _ _ _ _ _ _ _ _ _ _ _ _ _ _ _ _ _ _ _ _ _ _ _ _ _ _ _ _ _ _ _ _ _ _ _ 
tests/parity/test_regression.py:938: in _assert_reg_matches
    _assert_scalar_or_empty(actual["R2"], expected["R2"], atol)
_ _ _ _ _ _ _ _ _ _ _ _ _ _ _ _ _ _ _ _ _ _ _ _ _ _ _ _ _ _ _ _ _ _ _ _ _ _ _ _ 

actual = 0.9523361668629529, expected = array(0.8717489), atol = 1e-10

    def _assert_scalar_or_empty(actual: object, expected: object, atol: float) -> None:
        """Compare a scalar metric, treating port ``None`` as R's empty (NULL)."""
        if actual is None:
            assert _array(expected).size == 0
        else:
>           np.testing.assert_allclose(actual, _array(expected), atol=atol)
E           AssertionError: 
E           Not equal to tolerance rtol=1e-07, atol=1e-10
E           
E           Mismatched elements: 1 / 1 (100%)
E           Max absolute difference among violations: 0.08058727
E           Max relative difference among violations: 0.09244322
E            ACTUAL: array(0.952336)
E            DESIRED: array(0.871749)

tests/parity/test_regression.py:1002: AssertionError
_ test_nns_reg_confidence_interval_matches_r[None-median-point_est2-0.8-linear] _
[gw0] linux -- Python 3.11.15 /opt/hostedtoolcache/Python/3.11.15/x64/bin/python

rng = Generator(PCG64) at 0x7FBB8D458040, relationship = 'linear'
confidence_interval = 0.8, point_est = array([-3. , -1. ,  0. ,  2.5])
order = None, noise = 'median'

    @pytest.mark.parity
    @pytest.mark.parametrize("relationship", ["linear", "quadratic", "sin"])
    @pytest.mark.parametrize("confidence_interval", [0.8, 0.95])
    @pytest.mark.parametrize(
        "point_est",
        [
            None,
            np.array([-1.0, 0.0, 1.0]),
            np.array([-3.0, -1.0, 0.0, 2.5]),
        ],
    )
    @pytest.mark.parametrize(("order", "noise"), CI_REGRESSION_CASES)
    def test_nns_reg_confidence_interval_matches_r(
        rng: np.random.Generator,
        relationship: str,
        confidence_interval: float,
        point_est: np.ndarray | None,
        order: int | None,
        noise: str,
    ) -> None:
        x, y = _relationship(relationship, 50, rng)
    
        expected = _r_nns_reg(
            x,
            y,
            order=order,
            noise=noise,
            point_est=point_est,
            confidence_interval=confidence_interval,
        )
        actual = nns_reg(
            x,
            y,
            order=order,
            noise_reduction=cast(NoiseReduction, noise),
            point_est=point_est,
            confidence_interval=confidence_interval,
        )
    
>       _assert_reg_matches(actual, expected)

tests/parity/test_regression.py:582: 
_ _ _ _ _ _ _ _ _ _ _ _ _ _ _ _ _ _ _ _ _ _ _ _ _ _ _ _ _ _ _ _ _ _ _ _ _ _ _ _ 
tests/parity/test_regression.py:938: in _assert_reg_matches
    _assert_scalar_or_empty(actual["R2"], expected["R2"], atol)
_ _ _ _ _ _ _ _ _ _ _ _ _ _ _ _ _ _ _ _ _ _ _ _ _ _ _ _ _ _ _ _ _ _ _ _ _ _ _ _ 

actual = 0.9999669552983784, expected = array(0.99996656), atol = 1e-10

    def _assert_scalar_or_empty(actual: object, expected: object, atol: float) -> None:
        """Compare a scalar metric, treating port ``None`` as R's empty (NULL)."""
        if actual is None:
            assert _array(expected).size == 0
        else:
>           np.testing.assert_allclose(actual, _array(expected), atol=atol)
E           AssertionError: 
E           Not equal to tolerance rtol=1e-07, atol=1e-10
E           
E           Mismatched elements: 1 / 1 (100%)
E           Max absolute difference among violations: 3.97067093e-07
E           Max relative difference among violations: 3.97080372e-07
E            ACTUAL: array(0.999967)
E            DESIRED: array(0.999967)

tests/parity/test_regression.py:1002: AssertionError
___ test_nns_reg_confidence_interval_matches_r[1-median-point_est2-0.95-sin] ___
[gw2] linux -- Python 3.11.15 /opt/hostedtoolcache/Python/3.11.15/x64/bin/python

rng = Generator(PCG64) at 0x7F97EE8835A0, relationship = 'sin'
confidence_interval = 0.95, point_est = array([-3. , -1. ,  0. ,  2.5])
order = 1, noise = 'median'

    @pytest.mark.parity
    @pytest.mark.parametrize("relationship", ["linear", "quadratic", "sin"])
    @pytest.mark.parametrize("confidence_interval", [0.8, 0.95])
    @pytest.mark.parametrize(
        "point_est",
        [
            None,
            np.array([-1.0, 0.0, 1.0]),
            np.array([-3.0, -1.0, 0.0, 2.5]),
        ],
    )
    @pytest.mark.parametrize(("order", "noise"), CI_REGRESSION_CASES)
    def test_nns_reg_confidence_interval_matches_r(
        rng: np.random.Generator,
        relationship: str,
        confidence_interval: float,
        point_est: np.ndarray | None,
        order: int | None,
        noise: str,
    ) -> None:
        x, y = _relationship(relationship, 50, rng)
    
        expected = _r_nns_reg(
            x,
            y,
            order=order,
            noise=noise,
            point_est=point_est,
            confidence_interval=confidence_interval,
        )
        actual = nns_reg(
            x,
            y,
            order=order,
            noise_reduction=cast(NoiseReduction, noise),
            point_est=point_est,
            confidence_interval=confidence_interval,
        )
    
>       _assert_reg_matches(actual, expected)

tests/parity/test_regression.py:582: 
_ _ _ _ _ _ _ _ _ _ _ _ _ _ _ _ _ _ _ _ _ _ _ _ _ _ _ _ _ _ _ _ _ _ _ _ _ _ _ _ 
tests/parity/test_regression.py:938: in _assert_reg_matches
    _assert_scalar_or_empty(actual["R2"], expected["R2"], atol)
_ _ _ _ _ _ _ _ _ _ _ _ _ _ _ _ _ _ _ _ _ _ _ _ _ _ _ _ _ _ _ _ _ _ _ _ _ _ _ _ 

actual = 0.9523361668629529, expected = array(0.8717489), atol = 1e-10

    def _assert_scalar_or_empty(actual: object, expected: object, atol: float) -> None:
        """Compare a scalar metric, treating port ``None`` as R's empty (NULL)."""
        if actual is None:
            assert _array(expected).size == 0
        else:
>           np.testing.assert_allclose(actual, _array(expected), atol=atol)
E           AssertionError: 
E           Not equal to tolerance rtol=1e-07, atol=1e-10
E           
E           Mismatched elements: 1 / 1 (100%)
E           Max absolute difference among violations: 0.08058727
E           Max relative difference among violations: 0.09244322
E            ACTUAL: array(0.952336)
E            DESIRED: array(0.871749)

tests/parity/test_regression.py:1002: AssertionError
__ test_nns_reg_confidence_interval_matches_r[1-mean-point_est1-0.95-linear] ___
[gw3] linux -- Python 3.11.15 /opt/hostedtoolcache/Python/3.11.15/x64/bin/python

rng = Generator(PCG64) at 0x7F625615AF80, relationship = 'linear'
confidence_interval = 0.95, point_est = array([-1.,  0.,  1.]), order = 1
noise = 'mean'

    @pytest.mark.parity
    @pytest.mark.parametrize("relationship", ["linear", "quadratic", "sin"])
    @pytest.mark.parametrize("confidence_interval", [0.8, 0.95])
    @pytest.mark.parametrize(
        "point_est",
        [
            None,
            np.array([-1.0, 0.0, 1.0]),
            np.array([-3.0, -1.0, 0.0, 2.5]),
        ],
    )
    @pytest.mark.parametrize(("order", "noise"), CI_REGRESSION_CASES)
    def test_nns_reg_confidence_interval_matches_r(
        rng: np.random.Generator,
        relationship: str,
        confidence_interval: float,
        point_est: np.ndarray | None,
        order: int | None,
        noise: str,
    ) -> None:
        x, y = _relationship(relationship, 50, rng)
    
        expected = _r_nns_reg(
            x,
            y,
            order=order,
            noise=noise,
            point_est=point_est,
            confidence_interval=confidence_interval,
        )
        actual = nns_reg(
            x,
            y,
            order=order,
            noise_reduction=cast(NoiseReduction, noise),
            point_est=point_est,
            confidence_interval=confidence_interval,
        )
    
>       _assert_reg_matches(actual, expected)

tests/parity/test_regression.py:582: 
_ _ _ _ _ _ _ _ _ _ _ _ _ _ _ _ _ _ _ _ _ _ _ _ _ _ _ _ _ _ _ _ _ _ _ _ _ _ _ _ 
tests/parity/test_regression.py:938: in _assert_reg_matches
    _assert_scalar_or_empty(actual["R2"], expected["R2"], atol)
_ _ _ _ _ _ _ _ _ _ _ _ _ _ _ _ _ _ _ _ _ _ _ _ _ _ _ _ _ _ _ _ _ _ _ _ _ _ _ _ 

actual = 0.999693720605179, expected = array(0.99962918), atol = 1e-10

    def _assert_scalar_or_empty(actual: object, expected: object, atol: float) -> None:
        """Compare a scalar metric, treating port ``None`` as R's empty (NULL)."""
        if actual is None:
            assert _array(expected).size == 0
        else:
>           np.testing.assert_allclose(actual, _array(expected), atol=atol)
E           AssertionError: 
E           Not equal to tolerance rtol=1e-07, atol=1e-10
E           
E           Mismatched elements: 1 / 1 (100%)
E           Max absolute difference among violations: 6.45397606e-05
E           Max relative difference among violations: 6.45637021e-05
E            ACTUAL: array(0.999694)
E            DESIRED: array(0.999629)

tests/parity/test_regression.py:1002: AssertionError
_ test_nns_reg_confidence_interval_matches_r[None-median-point_est2-0.8-quadratic] _
[gw0] linux -- Python 3.11.15 /opt/hostedtoolcache/Python/3.11.15/x64/bin/python

rng = Generator(PCG64) at 0x7FBB8D459540, relationship = 'quadratic'
confidence_interval = 0.8, point_est = array([-3. , -1. ,  0. ,  2.5])
order = None, noise = 'median'

    @pytest.mark.parity
    @pytest.mark.parametrize("relationship", ["linear", "quadratic", "sin"])
    @pytest.mark.parametrize("confidence_interval", [0.8, 0.95])
    @pytest.mark.parametrize(
        "point_est",
        [
            None,
            np.array([-1.0, 0.0, 1.0]),
            np.array([-3.0, -1.0, 0.0, 2.5]),
        ],
    )
    @pytest.mark.parametrize(("order", "noise"), CI_REGRESSION_CASES)
    def test_nns_reg_confidence_interval_matches_r(
        rng: np.random.Generator,
        relationship: str,
        confidence_interval: float,
        point_est: np.ndarray | None,
        order: int | None,
        noise: str,
    ) -> None:
        x, y = _relationship(relationship, 50, rng)
    
        expected = _r_nns_reg(
            x,
            y,
            order=order,
            noise=noise,
            point_est=point_est,
            confidence_interval=confidence_interval,
        )
        actual = nns_reg(
            x,
            y,
            order=order,
            noise_reduction=cast(NoiseReduction, noise),
            point_est=point_est,
            confidence_interval=confidence_interval,
        )
    
>       _assert_reg_matches(actual, expected)

tests/parity/test_regression.py:582: 
_ _ _ _ _ _ _ _ _ _ _ _ _ _ _ _ _ _ _ _ _ _ _ _ _ _ _ _ _ _ _ _ _ _ _ _ _ _ _ _ 
tests/parity/test_regression.py:938: in _assert_reg_matches
    _assert_scalar_or_empty(actual["R2"], expected["R2"], atol)
_ _ _ _ _ _ _ _ _ _ _ _ _ _ _ _ _ _ _ _ _ _ _ _ _ _ _ _ _ _ _ _ _ _ _ _ _ _ _ _ 

actual = 0.9997401864052399, expected = array(0.99866136), atol = 1e-10

    def _assert_scalar_or_empty(actual: object, expected: object, atol: float) -> None:
        """Compare a scalar metric, treating port ``None`` as R's empty (NULL)."""
        if actual is None:
            assert _array(expected).size == 0
        else:
>           np.testing.assert_allclose(actual, _array(expected), atol=atol)
E           AssertionError: 
E           Not equal to tolerance rtol=1e-07, atol=1e-10
E           
E           Mismatched elements: 1 / 1 (100%)
E           Max absolute difference among violations: 0.00107883
E           Max relative difference among violations: 0.00108027
E            ACTUAL: array(0.99974)
E            DESIRED: array(0.998661)

tests/parity/test_regression.py:1002: AssertionError
_ test_nns_reg_confidence_interval_matches_r[1-mean-point_est1-0.95-quadratic] _
[gw3] linux -- Python 3.11.15 /opt/hostedtoolcache/Python/3.11.15/x64/bin/python

rng = Generator(PCG64) at 0x7F625615AB20, relationship = 'quadratic'
confidence_interval = 0.95, point_est = array([-1.,  0.,  1.]), order = 1
noise = 'mean'

    @pytest.mark.parity
    @pytest.mark.parametrize("relationship", ["linear", "quadratic", "sin"])
    @pytest.mark.parametrize("confidence_interval", [0.8, 0.95])
    @pytest.mark.parametrize(
        "point_est",
        [
            None,
            np.array([-1.0, 0.0, 1.0]),
            np.array([-3.0, -1.0, 0.0, 2.5]),
        ],
    )
    @pytest.mark.parametrize(("order", "noise"), CI_REGRESSION_CASES)
    def test_nns_reg_confidence_interval_matches_r(
        rng: np.random.Generator,
        relationship: str,
        confidence_interval: float,
        point_est: np.ndarray | None,
        order: int | None,
        noise: str,
    ) -> None:
        x, y = _relationship(relationship, 50, rng)
    
        expected = _r_nns_reg(
            x,
            y,
            order=order,
            noise=noise,
            point_est=point_est,
            confidence_interval=confidence_interval,
        )
        actual = nns_reg(
            x,
            y,
            order=order,
            noise_reduction=cast(NoiseReduction, noise),
            point_est=point_est,
            confidence_interval=confidence_interval,
        )
    
>       _assert_reg_matches(actual, expected)

tests/parity/test_regression.py:582: 
_ _ _ _ _ _ _ _ _ _ _ _ _ _ _ _ _ _ _ _ _ _ _ _ _ _ _ _ _ _ _ _ _ _ _ _ _ _ _ _ 
tests/parity/test_regression.py:938: in _assert_reg_matches
    _assert_scalar_or_empty(actual["R2"], expected["R2"], atol)
_ _ _ _ _ _ _ _ _ _ _ _ _ _ _ _ _ _ _ _ _ _ _ _ _ _ _ _ _ _ _ _ _ _ _ _ _ _ _ _ 

actual = 0.9378751500600243, expected = array(-0.33798135), atol = 1e-10

    def _assert_scalar_or_empty(actual: object, expected: object, atol: float) -> None:
        """Compare a scalar metric, treating port ``None`` as R's empty (NULL)."""
        if actual is None:
            assert _array(expected).size == 0
        else:
>           np.testing.assert_allclose(actual, _array(expected), atol=atol)
E           AssertionError: 
E           Not equal to tolerance rtol=1e-07, atol=1e-10
E           
E           Mismatched elements: 1 / 1 (100%)
E           Max absolute difference among violations: 1.2758565
E           Max relative difference among violations: 3.77493169
E            ACTUAL: array(0.937875)
E            DESIRED: array(-0.337981)

tests/parity/test_regression.py:1002: AssertionError
_____ test_nns_reg_confidence_interval_matches_r[2-median-None-0.8-linear] _____
[gw2] linux -- Python 3.11.15 /opt/hostedtoolcache/Python/3.11.15/x64/bin/python

rng = Generator(PCG64) at 0x7F97EE73B300, relationship = 'linear'
confidence_interval = 0.8, point_est = None, order = 2, noise = 'median'

    @pytest.mark.parity
    @pytest.mark.parametrize("relationship", ["linear", "quadratic", "sin"])
    @pytest.mark.parametrize("confidence_interval", [0.8, 0.95])
    @pytest.mark.parametrize(
        "point_est",
        [
            None,
            np.array([-1.0, 0.0, 1.0]),
            np.array([-3.0, -1.0, 0.0, 2.5]),
        ],
    )
    @pytest.mark.parametrize(("order", "noise"), CI_REGRESSION_CASES)
    def test_nns_reg_confidence_interval_matches_r(
        rng: np.random.Generator,
        relationship: str,
        confidence_interval: float,
        point_est: np.ndarray | None,
        order: int | None,
        noise: str,
    ) -> None:
        x, y = _relationship(relationship, 50, rng)
    
        expected = _r_nns_reg(
            x,
            y,
            order=order,
            noise=noise,
            point_est=point_est,
            confidence_interval=confidence_interval,
        )
        actual = nns_reg(
            x,
            y,
            order=order,
            noise_reduction=cast(NoiseReduction, noise),
            point_est=point_est,
            confidence_interval=confidence_interval,
        )
    
>       _assert_reg_matches(actual, expected)

tests/parity/test_regression.py:582: 
_ _ _ _ _ _ _ _ _ _ _ _ _ _ _ _ _ _ _ _ _ _ _ _ _ _ _ _ _ _ _ _ _ _ _ _ _ _ _ _ 
tests/parity/test_regression.py:938: in _assert_reg_matches
    _assert_scalar_or_empty(actual["R2"], expected["R2"], atol)
_ _ _ _ _ _ _ _ _ _ _ _ _ _ _ _ _ _ _ _ _ _ _ _ _ _ _ _ _ _ _ _ _ _ _ _ _ _ _ _ 

actual = 0.9997086030491225, expected = array(0.99950898), atol = 1e-10

    def _assert_scalar_or_empty(actual: object, expected: object, atol: float) -> None:
        """Compare a scalar metric, treating port ``None`` as R's empty (NULL)."""
        if actual is None:
            assert _array(expected).size == 0
        else:
>           np.testing.assert_allclose(actual, _array(expected), atol=atol)
E           AssertionError: 
E           Not equal to tolerance rtol=1e-07, atol=1e-10
E           
E           Mismatched elements: 1 / 1 (100%)
E           Max absolute difference among violations: 0.00019963
E           Max relative difference among violations: 0.00019973
E            ACTUAL: array(0.999709)
E            DESIRED: array(0.999509)

tests/parity/test_regression.py:1002: AssertionError
__ test_nns_reg_confidence_interval_matches_r[None-median-point_est2-0.8-sin] __
[gw0] linux -- Python 3.11.15 /opt/hostedtoolcache/Python/3.11.15/x64/bin/python

rng = Generator(PCG64) at 0x7FBB8D459FC0, relationship = 'sin'
confidence_interval = 0.8, point_est = array([-3. , -1. ,  0. ,  2.5])
order = None, noise = 'median'

    @pytest.mark.parity
    @pytest.mark.parametrize("relationship", ["linear", "quadratic", "sin"])
    @pytest.mark.parametrize("confidence_interval", [0.8, 0.95])
    @pytest.mark.parametrize(
        "point_est",
        [
            None,
            np.array([-1.0, 0.0, 1.0]),
            np.array([-3.0, -1.0, 0.0, 2.5]),
        ],
    )
    @pytest.mark.parametrize(("order", "noise"), CI_REGRESSION_CASES)
    def test_nns_reg_confidence_interval_matches_r(
        rng: np.random.Generator,
        relationship: str,
        confidence_interval: float,
        point_est: np.ndarray | None,
        order: int | None,
        noise: str,
    ) -> None:
        x, y = _relationship(relationship, 50, rng)
    
        expected = _r_nns_reg(
            x,
            y,
            order=order,
            noise=noise,
            point_est=point_est,
            confidence_interval=confidence_interval,
        )
        actual = nns_reg(
            x,
            y,
            order=order,
            noise_reduction=cast(NoiseReduction, noise),
            point_est=point_est,
            confidence_interval=confidence_interval,
        )
    
>       _assert_reg_matches(actual, expected)

tests/parity/test_regression.py:582: 
_ _ _ _ _ _ _ _ _ _ _ _ _ _ _ _ _ _ _ _ _ _ _ _ _ _ _ _ _ _ _ _ _ _ _ _ _ _ _ _ 
tests/parity/test_regression.py:938: in _assert_reg_matches
    _assert_scalar_or_empty(actual["R2"], expected["R2"], atol)
_ _ _ _ _ _ _ _ _ _ _ _ _ _ _ _ _ _ _ _ _ _ _ _ _ _ _ _ _ _ _ _ _ _ _ _ _ _ _ _ 

actual = 0.9999879530612474, expected = array(0.9999672), atol = 1e-10

    def _assert_scalar_or_empty(actual: object, expected: object, atol: float) -> None:
        """Compare a scalar metric, treating port ``None`` as R's empty (NULL)."""
        if actual is None:
            assert _array(expected).size == 0
        else:
>           np.testing.assert_allclose(actual, _array(expected), atol=atol)
E           AssertionError: 
E           Not equal to tolerance rtol=1e-07, atol=1e-10
E           
E           Mismatched elements: 1 / 1 (100%)
E           Max absolute difference among violations: 2.07566372e-05
E           Max relative difference among violations: 2.07573181e-05
E            ACTUAL: array(0.999988)
E            DESIRED: array(0.999967)

tests/parity/test_regression.py:1002: AssertionError
___ test_nns_reg_confidence_interval_matches_r[2-median-point_est2-0.95-sin] ___
[gw3] linux -- Python 3.11.15 /opt/hostedtoolcache/Python/3.11.15/x64/bin/python

rng = Generator(PCG64) at 0x7F625615B4C0, relationship = 'sin'
confidence_interval = 0.95, point_est = array([-3. , -1. ,  0. ,  2.5])
order = 2, noise = 'median'

    @pytest.mark.parity
    @pytest.mark.parametrize("relationship", ["linear", "quadratic", "sin"])
    @pytest.mark.parametrize("confidence_interval", [0.8, 0.95])
    @pytest.mark.parametrize(
        "point_est",
        [
            None,
            np.array([-1.0, 0.0, 1.0]),
            np.array([-3.0, -1.0, 0.0, 2.5]),
        ],
    )
    @pytest.mark.parametrize(("order", "noise"), CI_REGRESSION_CASES)
    def test_nns_reg_confidence_interval_matches_r(
        rng: np.random.Generator,
        relationship: str,
        confidence_interval: float,
        point_est: np.ndarray | None,
        order: int | None,
        noise: str,
    ) -> None:
        x, y = _relationship(relationship, 50, rng)
    
        expected = _r_nns_reg(
            x,
            y,
            order=order,
            noise=noise,
            point_est=point_est,
            confidence_interval=confidence_interval,
        )
        actual = nns_reg(
            x,
            y,
            order=order,
            noise_reduction=cast(NoiseReduction, noise),
            point_est=point_est,
            confidence_interval=confidence_interval,
        )
    
>       _assert_reg_matches(actual, expected)

tests/parity/test_regression.py:582: 
_ _ _ _ _ _ _ _ _ _ _ _ _ _ _ _ _ _ _ _ _ _ _ _ _ _ _ _ _ _ _ _ _ _ _ _ _ _ _ _ 
tests/parity/test_regression.py:938: in _assert_reg_matches
    _assert_scalar_or_empty(actual["R2"], expected["R2"], atol)
_ _ _ _ _ _ _ _ _ _ _ _ _ _ _ _ _ _ _ _ _ _ _ _ _ _ _ _ _ _ _ _ _ _ _ _ _ _ _ _ 

actual = 0.9981778914257274, expected = array(0.99241435), atol = 1e-10

    def _assert_scalar_or_empty(actual: object, expected: object, atol: float) -> None:
        """Compare a scalar metric, treating port ``None`` as R's empty (NULL)."""
        if actual is None:
            assert _array(expected).size == 0
        else:
>           np.testing.assert_allclose(actual, _array(expected), atol=atol)
E           AssertionError: 
E           Not equal to tolerance rtol=1e-07, atol=1e-10
E           
E           Mismatched elements: 1 / 1 (100%)
E           Max absolute difference among violations: 0.00576354
E           Max relative difference among violations: 0.0058076
E            ACTUAL: array(0.998178)
E            DESIRED: array(0.992414)

tests/parity/test_regression.py:1002: AssertionError
___ test_nns_reg_confidence_interval_matches_r[2-median-None-0.8-quadratic] ____
[gw2] linux -- Python 3.11.15 /opt/hostedtoolcache/Python/3.11.15/x64/bin/python

rng = Generator(PCG64) at 0x7F97EE73A880, relationship = 'quadratic'
confidence_interval = 0.8, point_est = None, order = 2, noise = 'median'

    @pytest.mark.parity
    @pytest.mark.parametrize("relationship", ["linear", "quadratic", "sin"])
    @pytest.mark.parametrize("confidence_interval", [0.8, 0.95])
    @pytest.mark.parametrize(
        "point_est",
        [
            None,
            np.array([-1.0, 0.0, 1.0]),
            np.array([-3.0, -1.0, 0.0, 2.5]),
        ],
    )
    @pytest.mark.parametrize(("order", "noise"), CI_REGRESSION_CASES)
    def test_nns_reg_confidence_interval_matches_r(
        rng: np.random.Generator,
        relationship: str,
        confidence_interval: float,
        point_est: np.ndarray | None,
        order: int | None,
        noise: str,
    ) -> None:
        x, y = _relationship(relationship, 50, rng)
    
        expected = _r_nns_reg(
            x,
            y,
            order=order,
            noise=noise,
            point_est=point_est,
            confidence_interval=confidence_interval,
        )
        actual = nns_reg(
            x,
            y,
            order=order,
            noise_reduction=cast(NoiseReduction, noise),
            point_est=point_est,
            confidence_interval=confidence_interval,
        )
    
>       _assert_reg_matches(actual, expected)

tests/parity/test_regression.py:582: 
_ _ _ _ _ _ _ _ _ _ _ _ _ _ _ _ _ _ _ _ _ _ _ _ _ _ _ _ _ _ _ _ _ _ _ _ _ _ _ _ 
tests/parity/test_regression.py:938: in _assert_reg_matches
    _assert_scalar_or_empty(actual["R2"], expected["R2"], atol)
_ _ _ _ _ _ _ _ _ _ _ _ _ _ _ _ _ _ _ _ _ _ _ _ _ _ _ _ _ _ _ _ _ _ _ _ _ _ _ _ 

actual = 0.9483505678486229, expected = array(0.80255102), atol = 1e-10

    def _assert_scalar_or_empty(actual: object, expected: object, atol: float) -> None:
        """Compare a scalar metric, treating port ``None`` as R's empty (NULL)."""
        if actual is None:
            assert _array(expected).size == 0
        else:
>           np.testing.assert_allclose(actual, _array(expected), atol=atol)
E           AssertionError: 
E           Not equal to tolerance rtol=1e-07, atol=1e-10
E           
E           Mismatched elements: 1 / 1 (100%)
E           Max absolute difference among violations: 0.14579955
E           Max relative difference among violations: 0.18167013
E            ACTUAL: array(0.948351)
E            DESIRED: array(0.802551)

tests/parity/test_regression.py:1002: AssertionError
_ test_nns_reg_confidence_interval_matches_r[None-median-point_est2-0.95-linear] _
[gw0] linux -- Python 3.11.15 /opt/hostedtoolcache/Python/3.11.15/x64/bin/python

rng = Generator(PCG64) at 0x7FBB8D45A0A0, relationship = 'linear'
confidence_interval = 0.95, point_est = array([-3. , -1. ,  0. ,  2.5])
order = None, noise = 'median'

    @pytest.mark.parity
    @pytest.mark.parametrize("relationship", ["linear", "quadratic", "sin"])
    @pytest.mark.parametrize("confidence_interval", [0.8, 0.95])
    @pytest.mark.parametrize(
        "point_est",
        [
            None,
            np.array([-1.0, 0.0, 1.0]),
            np.array([-3.0, -1.0, 0.0, 2.5]),
        ],
    )
    @pytest.mark.parametrize(("order", "noise"), CI_REGRESSION_CASES)
    def test_nns_reg_confidence_interval_matches_r(
        rng: np.random.Generator,
        relationship: str,
        confidence_interval: float,
        point_est: np.ndarray | None,
        order: int | None,
        noise: str,
    ) -> None:
        x, y = _relationship(relationship, 50, rng)
    
        expected = _r_nns_reg(
            x,
            y,
            order=order,
            noise=noise,
            point_est=point_est,
            confidence_interval=confidence_interval,
        )
        actual = nns_reg(
            x,
            y,
            order=order,
            noise_reduction=cast(NoiseReduction, noise),
            point_est=point_est,
            confidence_interval=confidence_interval,
        )
    
>       _assert_reg_matches(actual, expected)

tests/parity/test_regression.py:582: 
_ _ _ _ _ _ _ _ _ _ _ _ _ _ _ _ _ _ _ _ _ _ _ _ _ _ _ _ _ _ _ _ _ _ _ _ _ _ _ _ 
tests/parity/test_regression.py:938: in _assert_reg_matches
    _assert_scalar_or_empty(actual["R2"], expected["R2"], atol)
_ _ _ _ _ _ _ _ _ _ _ _ _ _ _ _ _ _ _ _ _ _ _ _ _ _ _ _ _ _ _ _ _ _ _ _ _ _ _ _ 

actual = 0.9999669552983784, expected = array(0.99996656), atol = 1e-10

    def _assert_scalar_or_empty(actual: object, expected: object, atol: float) -> None:
        """Compare a scalar metric, treating port ``None`` as R's empty (NULL)."""
        if actual is None:
            assert _array(expected).size == 0
        else:
>           np.testing.assert_allclose(actual, _array(expected), atol=atol)
E           AssertionError: 
E           Not equal to tolerance rtol=1e-07, atol=1e-10
E           
E           Mismatched elements: 1 / 1 (100%)
E           Max absolute difference among violations: 3.97067093e-07
E           Max relative difference among violations: 3.97080372e-07
E            ACTUAL: array(0.999967)
E            DESIRED: array(0.999967)

tests/parity/test_regression.py:1002: AssertionError
______ test_nns_reg_confidence_interval_matches_r[2-median-None-0.8-sin] _______
[gw2] linux -- Python 3.11.15 /opt/hostedtoolcache/Python/3.11.15/x64/bin/python

rng = Generator(PCG64) at 0x7F97EE738F20, relationship = 'sin'
confidence_interval = 0.8, point_est = None, order = 2, noise = 'median'

    @pytest.mark.parity
    @pytest.mark.parametrize("relationship", ["linear", "quadratic", "sin"])
    @pytest.mark.parametrize("confidence_interval", [0.8, 0.95])
    @pytest.mark.parametrize(
        "point_est",
        [
            None,
            np.array([-1.0, 0.0, 1.0]),
            np.array([-3.0, -1.0, 0.0, 2.5]),
        ],
    )
    @pytest.mark.parametrize(("order", "noise"), CI_REGRESSION_CASES)
    def test_nns_reg_confidence_interval_matches_r(
        rng: np.random.Generator,
        relationship: str,
        confidence_interval: float,
        point_est: np.ndarray | None,
        order: int | None,
        noise: str,
    ) -> None:
        x, y = _relationship(relationship, 50, rng)
    
        expected = _r_nns_reg(
            x,
            y,
            order=order,
            noise=noise,
            point_est=point_est,
            confidence_interval=confidence_interval,
        )
        actual = nns_reg(
            x,
            y,
            order=order,
            noise_reduction=cast(NoiseReduction, noise),
            point_est=point_est,
            confidence_interval=confidence_interval,
        )
    
>       _assert_reg_matches(actual, expected)

tests/parity/test_regression.py:582: 
_ _ _ _ _ _ _ _ _ _ _ _ _ _ _ _ _ _ _ _ _ _ _ _ _ _ _ _ _ _ _ _ _ _ _ _ _ _ _ _ 
tests/parity/test_regression.py:938: in _assert_reg_matches
    _assert_scalar_or_empty(actual["R2"], expected["R2"], atol)
_ _ _ _ _ _ _ _ _ _ _ _ _ _ _ _ _ _ _ _ _ _ _ _ _ _ _ _ _ _ _ _ _ _ _ _ _ _ _ _ 

actual = 0.9981778914257274, expected = array(0.99241435), atol = 1e-10

    def _assert_scalar_or_empty(actual: object, expected: object, atol: float) -> None:
        """Compare a scalar metric, treating port ``None`` as R's empty (NULL)."""
        if actual is None:
            assert _array(expected).size == 0
        else:
>           np.testing.assert_allclose(actual, _array(expected), atol=atol)
E           AssertionError: 
E           Not equal to tolerance rtol=1e-07, atol=1e-10
E           
E           Mismatched elements: 1 / 1 (100%)
E           Max absolute difference among violations: 0.00576354
E           Max relative difference among violations: 0.0058076
E            ACTUAL: array(0.998178)
E            DESIRED: array(0.992414)

tests/parity/test_regression.py:1002: AssertionError
_ test_nns_reg_confidence_interval_matches_r[None-median-point_est2-0.95-quadratic] _
[gw0] linux -- Python 3.11.15 /opt/hostedtoolcache/Python/3.11.15/x64/bin/python

rng = Generator(PCG64) at 0x7FBB8D45A180, relationship = 'quadratic'
confidence_interval = 0.95, point_est = array([-3. , -1. ,  0. ,  2.5])
order = None, noise = 'median'

    @pytest.mark.parity
    @pytest.mark.parametrize("relationship", ["linear", "quadratic", "sin"])
    @pytest.mark.parametrize("confidence_interval", [0.8, 0.95])
    @pytest.mark.parametrize(
        "point_est",
        [
            None,
            np.array([-1.0, 0.0, 1.0]),
            np.array([-3.0, -1.0, 0.0, 2.5]),
        ],
    )
    @pytest.mark.parametrize(("order", "noise"), CI_REGRESSION_CASES)
    def test_nns_reg_confidence_interval_matches_r(
        rng: np.random.Generator,
        relationship: str,
        confidence_interval: float,
        point_est: np.ndarray | None,
        order: int | None,
        noise: str,
    ) -> None:
        x, y = _relationship(relationship, 50, rng)
    
        expected = _r_nns_reg(
            x,
            y,
            order=order,
            noise=noise,
            point_est=point_est,
            confidence_interval=confidence_interval,
        )
        actual = nns_reg(
            x,
            y,
            order=order,
            noise_reduction=cast(NoiseReduction, noise),
            point_est=point_est,
            confidence_interval=confidence_interval,
        )
    
>       _assert_reg_matches(actual, expected)

tests/parity/test_regression.py:582: 
_ _ _ _ _ _ _ _ _ _ _ _ _ _ _ _ _ _ _ _ _ _ _ _ _ _ _ _ _ _ _ _ _ _ _ _ _ _ _ _ 
tests/parity/test_regression.py:938: in _assert_reg_matches
    _assert_scalar_or_empty(actual["R2"], expected["R2"], atol)
_ _ _ _ _ _ _ _ _ _ _ _ _ _ _ _ _ _ _ _ _ _ _ _ _ _ _ _ _ _ _ _ _ _ _ _ _ _ _ _ 

actual = 0.9997401864052399, expected = array(0.99866136), atol = 1e-10

    def _assert_scalar_or_empty(actual: object, expected: object, atol: float) -> None:
        """Compare a scalar metric, treating port ``None`` as R's empty (NULL)."""
        if actual is None:
            assert _array(expected).size == 0
        else:
>           np.testing.assert_allclose(actual, _array(expected), atol=atol)
E           AssertionError: 
E           Not equal to tolerance rtol=1e-07, atol=1e-10
E           
E           Mismatched elements: 1 / 1 (100%)
E           Max absolute difference among violations: 0.00107883
E           Max relative difference among violations: 0.00108027
E            ACTUAL: array(0.99974)
E            DESIRED: array(0.998661)

tests/parity/test_regression.py:1002: AssertionError
____ test_nns_reg_confidence_interval_matches_r[2-median-None-0.95-linear] _____
[gw2] linux -- Python 3.11.15 /opt/hostedtoolcache/Python/3.11.15/x64/bin/python

rng = Generator(PCG64) at 0x7F97EE738D60, relationship = 'linear'
confidence_interval = 0.95, point_est = None, order = 2, noise = 'median'

    @pytest.mark.parity
    @pytest.mark.parametrize("relationship", ["linear", "quadratic", "sin"])
    @pytest.mark.parametrize("confidence_interval", [0.8, 0.95])
    @pytest.mark.parametrize(
        "point_est",
        [
            None,
            np.array([-1.0, 0.0, 1.0]),
            np.array([-3.0, -1.0, 0.0, 2.5]),
        ],
    )
    @pytest.mark.parametrize(("order", "noise"), CI_REGRESSION_CASES)
    def test_nns_reg_confidence_interval_matches_r(
        rng: np.random.Generator,
        relationship: str,
        confidence_interval: float,
        point_est: np.ndarray | None,
        order: int | None,
        noise: str,
    ) -> None:
        x, y = _relationship(relationship, 50, rng)
    
        expected = _r_nns_reg(
            x,
            y,
            order=order,
            noise=noise,
            point_est=point_est,
            confidence_interval=confidence_interval,
        )
        actual = nns_reg(
            x,
            y,
            order=order,
            noise_reduction=cast(NoiseReduction, noise),
            point_est=point_est,
            confidence_interval=confidence_interval,
        )
    
>       _assert_reg_matches(actual, expected)

tests/parity/test_regression.py:582: 
_ _ _ _ _ _ _ _ _ _ _ _ _ _ _ _ _ _ _ _ _ _ _ _ _ _ _ _ _ _ _ _ _ _ _ _ _ _ _ _ 
tests/parity/test_regression.py:938: in _assert_reg_matches
    _assert_scalar_or_empty(actual["R2"], expected["R2"], atol)
_ _ _ _ _ _ _ _ _ _ _ _ _ _ _ _ _ _ _ _ _ _ _ _ _ _ _ _ _ _ _ _ _ _ _ _ _ _ _ _ 

actual = 0.9997086030491225, expected = array(0.99950898), atol = 1e-10

    def _assert_scalar_or_empty(actual: object, expected: object, atol: float) -> None:
        """Compare a scalar metric, treating port ``None`` as R's empty (NULL)."""
        if actual is None:
            assert _array(expected).size == 0
        else:
>           np.testing.assert_allclose(actual, _array(expected), atol=atol)
E           AssertionError: 
E           Not equal to tolerance rtol=1e-07, atol=1e-10
E           
E           Mismatched elements: 1 / 1 (100%)
E           Max absolute difference among violations: 0.00019963
E           Max relative difference among violations: 0.00019973
E            ACTUAL: array(0.999709)
E            DESIRED: array(0.999509)

tests/parity/test_regression.py:1002: AssertionError
________ test_nns_reg_below_range_point_est_pred_int_row_drop_matches_r ________
[gw3] linux -- Python 3.11.15 /opt/hostedtoolcache/Python/3.11.15/x64/bin/python

    @pytest.mark.parity
    def test_nns_reg_below_range_point_est_pred_int_row_drop_matches_r() -> None:
        x = np.linspace(-2.0, 2.0, 50)
        y = np.sin(x)
        point_est = np.array([-3.0, -1.0, 0.0, 2.5])
    
        expected = _r_nns_reg(
            x,
            y,
            order=1,
            noise="off",
            point_est=point_est,
            confidence_interval=0.95,
        )
        actual = nns_reg(
            x,
            y,
            order=1,
            point_est=point_est,
            confidence_interval=0.95,
        )
    
>       _assert_reg_matches(actual, expected)

tests/parity/test_regression.py:607: 
_ _ _ _ _ _ _ _ _ _ _ _ _ _ _ _ _ _ _ _ _ _ _ _ _ _ _ _ _ _ _ _ _ _ _ _ _ _ _ _ 
tests/parity/test_regression.py:938: in _assert_reg_matches
    _assert_scalar_or_empty(actual["R2"], expected["R2"], atol)
_ _ _ _ _ _ _ _ _ _ _ _ _ _ _ _ _ _ _ _ _ _ _ _ _ _ _ _ _ _ _ _ _ _ _ _ _ _ _ _ 

actual = 0.9398028417066483, expected = array(0.84650604), atol = 1e-10

    def _assert_scalar_or_empty(actual: object, expected: object, atol: float) -> None:
        """Compare a scalar metric, treating port ``None`` as R's empty (NULL)."""
        if actual is None:
            assert _array(expected).size == 0
        else:
>           np.testing.assert_allclose(actual, _array(expected), atol=atol)
E           AssertionError: 
E           Not equal to tolerance rtol=1e-07, atol=1e-10
E           
E           Mismatched elements: 1 / 1 (100%)
E           Max absolute difference among violations: 0.0932968
E           Max relative difference among violations: 0.11021398
E            ACTUAL: array(0.939803)
E            DESIRED: array(0.846506)

tests/parity/test_regression.py:1002: AssertionError
_ test_nns_reg_confidence_interval_matches_r[None-median-point_est2-0.95-sin] __
[gw0] linux -- Python 3.11.15 /opt/hostedtoolcache/Python/3.11.15/x64/bin/python

rng = Generator(PCG64) at 0x7FBB8D45A260, relationship = 'sin'
confidence_interval = 0.95, point_est = array([-3. , -1. ,  0. ,  2.5])
order = None, noise = 'median'

    @pytest.mark.parity
    @pytest.mark.parametrize("relationship", ["linear", "quadratic", "sin"])
    @pytest.mark.parametrize("confidence_interval", [0.8, 0.95])
    @pytest.mark.parametrize(
        "point_est",
        [
            None,
            np.array([-1.0, 0.0, 1.0]),
            np.array([-3.0, -1.0, 0.0, 2.5]),
        ],
    )
    @pytest.mark.parametrize(("order", "noise"), CI_REGRESSION_CASES)
    def test_nns_reg_confidence_interval_matches_r(
        rng: np.random.Generator,
        relationship: str,
        confidence_interval: float,
        point_est: np.ndarray | None,
        order: int | None,
        noise: str,
    ) -> None:
        x, y = _relationship(relationship, 50, rng)
    
        expected = _r_nns_reg(
            x,
            y,
            order=order,
            noise=noise,
            point_est=point_est,
            confidence_interval=confidence_interval,
        )
        actual = nns_reg(
            x,
            y,
            order=order,
            noise_reduction=cast(NoiseReduction, noise),
            point_est=point_est,
            confidence_interval=confidence_interval,
        )
    
>       _assert_reg_matches(actual, expected)

tests/parity/test_regression.py:582: 
_ _ _ _ _ _ _ _ _ _ _ _ _ _ _ _ _ _ _ _ _ _ _ _ _ _ _ _ _ _ _ _ _ _ _ _ _ _ _ _ 
tests/parity/test_regression.py:938: in _assert_reg_matches
    _assert_scalar_or_empty(actual["R2"], expected["R2"], atol)
_ _ _ _ _ _ _ _ _ _ _ _ _ _ _ _ _ _ _ _ _ _ _ _ _ _ _ _ _ _ _ _ _ _ _ _ _ _ _ _ 

actual = 0.9999879530612474, expected = array(0.9999672), atol = 1e-10

    def _assert_scalar_or_empty(actual: object, expected: object, atol: float) -> None:
        """Compare a scalar metric, treating port ``None`` as R's empty (NULL)."""
        if actual is None:
            assert _array(expected).size == 0
        else:
>           np.testing.assert_allclose(actual, _array(expected), atol=atol)
E           AssertionError: 
E           Not equal to tolerance rtol=1e-07, atol=1e-10
E           
E           Mismatched elements: 1 / 1 (100%)
E           Max absolute difference among violations: 2.07566372e-05
E           Max relative difference among violations: 2.07573181e-05
E            ACTUAL: array(0.999988)
E            DESIRED: array(0.999967)

tests/parity/test_regression.py:1002: AssertionError
___ test_nns_reg_confidence_interval_matches_r[2-median-None-0.95-quadratic] ___
[gw2] linux -- Python 3.11.15 /opt/hostedtoolcache/Python/3.11.15/x64/bin/python

rng = Generator(PCG64) at 0x7F97EE73B3E0, relationship = 'quadratic'
confidence_interval = 0.95, point_est = None, order = 2, noise = 'median'

    @pytest.mark.parity
    @pytest.mark.parametrize("relationship", ["linear", "quadratic", "sin"])
    @pytest.mark.parametrize("confidence_interval", [0.8, 0.95])
    @pytest.mark.parametrize(
        "point_est",
        [
            None,
            np.array([-1.0, 0.0, 1.0]),
            np.array([-3.0, -1.0, 0.0, 2.5]),
        ],
    )
    @pytest.mark.parametrize(("order", "noise"), CI_REGRESSION_CASES)
    def test_nns_reg_confidence_interval_matches_r(
        rng: np.random.Generator,
        relationship: str,
        confidence_interval: float,
        point_est: np.ndarray | None,
        order: int | None,
        noise: str,
    ) -> None:
        x, y = _relationship(relationship, 50, rng)
    
        expected = _r_nns_reg(
            x,
            y,
            order=order,
            noise=noise,
            point_est=point_est,
            confidence_interval=confidence_interval,
        )
        actual = nns_reg(
            x,
            y,
            order=order,
            noise_reduction=cast(NoiseReduction, noise),
            point_est=point_est,
            confidence_interval=confidence_interval,
        )
    
>       _assert_reg_matches(actual, expected)

tests/parity/test_regression.py:582: 
_ _ _ _ _ _ _ _ _ _ _ _ _ _ _ _ _ _ _ _ _ _ _ _ _ _ _ _ _ _ _ _ _ _ _ _ _ _ _ _ 
tests/parity/test_regression.py:938: in _assert_reg_matches
    _assert_scalar_or_empty(actual["R2"], expected["R2"], atol)
_ _ _ _ _ _ _ _ _ _ _ _ _ _ _ _ _ _ _ _ _ _ _ _ _ _ _ _ _ _ _ _ _ _ _ _ _ _ _ _ 

actual = 0.9483505678486229, expected = array(0.80255102), atol = 1e-10

    def _assert_scalar_or_empty(actual: object, expected: object, atol: float) -> None:
        """Compare a scalar metric, treating port ``None`` as R's empty (NULL)."""
        if actual is None:
            assert _array(expected).size == 0
        else:
>           np.testing.assert_allclose(actual, _array(expected), atol=atol)
E           AssertionError: 
E           Not equal to tolerance rtol=1e-07, atol=1e-10
E           
E           Mismatched elements: 1 / 1 (100%)
E           Max absolute difference among violations: 0.14579955
E           Max relative difference among violations: 0.18167013
E            ACTUAL: array(0.948351)
E            DESIRED: array(0.802551)

tests/parity/test_regression.py:1002: AssertionError
______ test_nns_reg_confidence_interval_matches_r[2-median-None-0.95-sin] ______
[gw2] linux -- Python 3.11.15 /opt/hostedtoolcache/Python/3.11.15/x64/bin/python

rng = Generator(PCG64) at 0x7F97EE882DC0, relationship = 'sin'
confidence_interval = 0.95, point_est = None, order = 2, noise = 'median'

    @pytest.mark.parity
    @pytest.mark.parametrize("relationship", ["linear", "quadratic", "sin"])
    @pytest.mark.parametrize("confidence_interval", [0.8, 0.95])
    @pytest.mark.parametrize(
        "point_est",
        [
            None,
            np.array([-1.0, 0.0, 1.0]),
            np.array([-3.0, -1.0, 0.0, 2.5]),
        ],
    )
    @pytest.mark.parametrize(("order", "noise"), CI_REGRESSION_CASES)
    def test_nns_reg_confidence_interval_matches_r(
        rng: np.random.Generator,
        relationship: str,
        confidence_interval: float,
        point_est: np.ndarray | None,
        order: int | None,
        noise: str,
    ) -> None:
        x, y = _relationship(relationship, 50, rng)
    
        expected = _r_nns_reg(
            x,
            y,
            order=order,
            noise=noise,
            point_est=point_est,
            confidence_interval=confidence_interval,
        )
        actual = nns_reg(
            x,
            y,
            order=order,
            noise_reduction=cast(NoiseReduction, noise),
            point_est=point_est,
            confidence_interval=confidence_interval,
        )
    
>       _assert_reg_matches(actual, expected)

tests/parity/test_regression.py:582: 
_ _ _ _ _ _ _ _ _ _ _ _ _ _ _ _ _ _ _ _ _ _ _ _ _ _ _ _ _ _ _ _ _ _ _ _ _ _ _ _ 
tests/parity/test_regression.py:938: in _assert_reg_matches
    _assert_scalar_or_empty(actual["R2"], expected["R2"], atol)
_ _ _ _ _ _ _ _ _ _ _ _ _ _ _ _ _ _ _ _ _ _ _ _ _ _ _ _ _ _ _ _ _ _ _ _ _ _ _ _ 

actual = 0.9981778914257274, expected = array(0.99241435), atol = 1e-10

    def _assert_scalar_or_empty(actual: object, expected: object, atol: float) -> None:
        """Compare a scalar metric, treating port ``None`` as R's empty (NULL)."""
        if actual is None:
            assert _array(expected).size == 0
        else:
>           np.testing.assert_allclose(actual, _array(expected), atol=atol)
E           AssertionError: 
E           Not equal to tolerance rtol=1e-07, atol=1e-10
E           
E           Mismatched elements: 1 / 1 (100%)
E           Max absolute difference among violations: 0.00576354
E           Max relative difference among violations: 0.0058076
E            ACTUAL: array(0.998178)
E            DESIRED: array(0.992414)

tests/parity/test_regression.py:1002: AssertionError
_____ test_nns_reg_confidence_interval_matches_r[1-median-None-0.8-linear] _____
[gw0] linux -- Python 3.11.15 /opt/hostedtoolcache/Python/3.11.15/x64/bin/python

rng = Generator(PCG64) at 0x7FBB8FF27E60, relationship = 'linear'
confidence_interval = 0.8, point_est = None, order = 1, noise = 'median'

    @pytest.mark.parity
    @pytest.mark.parametrize("relationship", ["linear", "quadratic", "sin"])
    @pytest.mark.parametrize("confidence_interval", [0.8, 0.95])
    @pytest.mark.parametrize(
        "point_est",
        [
            None,
            np.array([-1.0, 0.0, 1.0]),
            np.array([-3.0, -1.0, 0.0, 2.5]),
        ],
    )
    @pytest.mark.parametrize(("order", "noise"), CI_REGRESSION_CASES)
    def test_nns_reg_confidence_interval_matches_r(
        rng: np.random.Generator,
        relationship: str,
        confidence_interval: float,
        point_est: np.ndarray | None,
        order: int | None,
        noise: str,
    ) -> None:
        x, y = _relationship(relationship, 50, rng)
    
        expected = _r_nns_reg(
            x,
            y,
            order=order,
            noise=noise,
            point_est=point_est,
            confidence_interval=confidence_interval,
        )
        actual = nns_reg(
            x,
            y,
            order=order,
            noise_reduction=cast(NoiseReduction, noise),
            point_est=point_est,
            confidence_interval=confidence_interval,
        )
    
>       _assert_reg_matches(actual, expected)

tests/parity/test_regression.py:582: 
_ _ _ _ _ _ _ _ _ _ _ _ _ _ _ _ _ _ _ _ _ _ _ _ _ _ _ _ _ _ _ _ _ _ _ _ _ _ _ _ 
tests/parity/test_regression.py:938: in _assert_reg_matches
    _assert_scalar_or_empty(actual["R2"], expected["R2"], atol)
_ _ _ _ _ _ _ _ _ _ _ _ _ _ _ _ _ _ _ _ _ _ _ _ _ _ _ _ _ _ _ _ _ _ _ _ _ _ _ _ 

actual = 0.9997065717548522, expected = array(0.99952941), atol = 1e-10

    def _assert_scalar_or_empty(actual: object, expected: object, atol: float) -> None:
        """Compare a scalar metric, treating port ``None`` as R's empty (NULL)."""
        if actual is None:
            assert _array(expected).size == 0
        else:
>           np.testing.assert_allclose(actual, _array(expected), atol=atol)
E           AssertionError: 
E           Not equal to tolerance rtol=1e-07, atol=1e-10
E           
E           Mismatched elements: 1 / 1 (100%)
E           Max absolute difference among violations: 0.00017716
E           Max relative difference among violations: 0.00017724
E            ACTUAL: array(0.999707)
E            DESIRED: array(0.999529)

tests/parity/test_regression.py:1002: AssertionError
__ test_nns_reg_confidence_interval_matches_r[2-median-point_est1-0.8-linear] __
[gw2] linux -- Python 3.11.15 /opt/hostedtoolcache/Python/3.11.15/x64/bin/python

rng = Generator(PCG64) at 0x7F97EE882340, relationship = 'linear'
confidence_interval = 0.8, point_est = array([-1.,  0.,  1.]), order = 2
noise = 'median'

    @pytest.mark.parity
    @pytest.mark.parametrize("relationship", ["linear", "quadratic", "sin"])
    @pytest.mark.parametrize("confidence_interval", [0.8, 0.95])
    @pytest.mark.parametrize(
        "point_est",
        [
            None,
            np.array([-1.0, 0.0, 1.0]),
            np.array([-3.0, -1.0, 0.0, 2.5]),
        ],
    )
    @pytest.mark.parametrize(("order", "noise"), CI_REGRESSION_CASES)
    def test_nns_reg_confidence_interval_matches_r(
        rng: np.random.Generator,
        relationship: str,
        confidence_interval: float,
        point_est: np.ndarray | None,
        order: int | None,
        noise: str,
    ) -> None:
        x, y = _relationship(relationship, 50, rng)
    
        expected = _r_nns_reg(
            x,
            y,
            order=order,
            noise=noise,
            point_est=point_est,
            confidence_interval=confidence_interval,
        )
        actual = nns_reg(
            x,
            y,
            order=order,
            noise_reduction=cast(NoiseReduction, noise),
            point_est=point_est,
            confidence_interval=confidence_interval,
        )
    
>       _assert_reg_matches(actual, expected)

tests/parity/test_regression.py:582: 
_ _ _ _ _ _ _ _ _ _ _ _ _ _ _ _ _ _ _ _ _ _ _ _ _ _ _ _ _ _ _ _ _ _ _ _ _ _ _ _ 
tests/parity/test_regression.py:938: in _assert_reg_matches
    _assert_scalar_or_empty(actual["R2"], expected["R2"], atol)
_ _ _ _ _ _ _ _ _ _ _ _ _ _ _ _ _ _ _ _ _ _ _ _ _ _ _ _ _ _ _ _ _ _ _ _ _ _ _ _ 

actual = 0.9997086030491225, expected = array(0.99950898), atol = 1e-10

    def _assert_scalar_or_empty(actual: object, expected: object, atol: float) -> None:
        """Compare a scalar metric, treating port ``None`` as R's empty (NULL)."""
        if actual is None:
            assert _array(expected).size == 0
        else:
>           np.testing.assert_allclose(actual, _array(expected), atol=atol)
E           AssertionError: 
E           Not equal to tolerance rtol=1e-07, atol=1e-10
E           
E           Mismatched elements: 1 / 1 (100%)
E           Max absolute difference among violations: 0.00019963
E           Max relative difference among violations: 0.00019973
E            ACTUAL: array(0.999709)
E            DESIRED: array(0.999509)

tests/parity/test_regression.py:1002: AssertionError
___ test_nns_reg_confidence_interval_matches_r[1-median-None-0.8-quadratic] ____
[gw0] linux -- Python 3.11.15 /opt/hostedtoolcache/Python/3.11.15/x64/bin/python

rng = Generator(PCG64) at 0x7FBB8FF26F80, relationship = 'quadratic'
confidence_interval = 0.8, point_est = None, order = 1, noise = 'median'

    @pytest.mark.parity
    @pytest.mark.parametrize("relationship", ["linear", "quadratic", "sin"])
    @pytest.mark.parametrize("confidence_interval", [0.8, 0.95])
    @pytest.mark.parametrize(
        "point_est",
        [
            None,
            np.array([-1.0, 0.0, 1.0]),
            np.array([-3.0, -1.0, 0.0, 2.5]),
        ],
    )
    @pytest.mark.parametrize(("order", "noise"), CI_REGRESSION_CASES)
    def test_nns_reg_confidence_interval_matches_r(
        rng: np.random.Generator,
        relationship: str,
        confidence_interval: float,
        point_est: np.ndarray | None,
        order: int | None,
        noise: str,
    ) -> None:
        x, y = _relationship(relationship, 50, rng)
    
        expected = _r_nns_reg(
            x,
            y,
            order=order,
            noise=noise,
            point_est=point_est,
            confidence_interval=confidence_interval,
        )
        actual = nns_reg(
            x,
            y,
            order=order,
            noise_reduction=cast(NoiseReduction, noise),
            point_est=point_est,
            confidence_interval=confidence_interval,
        )
    
>       _assert_reg_matches(actual, expected)

tests/parity/test_regression.py:582: 
_ _ _ _ _ _ _ _ _ _ _ _ _ _ _ _ _ _ _ _ _ _ _ _ _ _ _ _ _ _ _ _ _ _ _ _ _ _ _ _ 
tests/parity/test_regression.py:938: in _assert_reg_matches
    _assert_scalar_or_empty(actual["R2"], expected["R2"], atol)
_ _ _ _ _ _ _ _ _ _ _ _ _ _ _ _ _ _ _ _ _ _ _ _ _ _ _ _ _ _ _ _ _ _ _ _ _ _ _ _ 

actual = 0.9378751500600236, expected = array(-0.01213672), atol = 1e-10

    def _assert_scalar_or_empty(actual: object, expected: object, atol: float) -> None:
        """Compare a scalar metric, treating port ``None`` as R's empty (NULL)."""
        if actual is None:
            assert _array(expected).size == 0
        else:
>           np.testing.assert_allclose(actual, _array(expected), atol=atol)
E           AssertionError: 
E           Not equal to tolerance rtol=1e-07, atol=1e-10
E           
E           Mismatched elements: 1 / 1 (100%)
E           Max absolute difference among violations: 0.95001187
E           Max relative difference among violations: 78.27581522
E            ACTUAL: array(0.937875)
E            DESIRED: array(-0.012137)

tests/parity/test_regression.py:1002: AssertionError
_ test_nns_reg_confidence_interval_matches_r[2-median-point_est1-0.8-quadratic] _
[gw2] linux -- Python 3.11.15 /opt/hostedtoolcache/Python/3.11.15/x64/bin/python

rng = Generator(PCG64) at 0x7F97EE883D80, relationship = 'quadratic'
confidence_interval = 0.8, point_est = array([-1.,  0.,  1.]), order = 2
noise = 'median'

    @pytest.mark.parity
    @pytest.mark.parametrize("relationship", ["linear", "quadratic", "sin"])
    @pytest.mark.parametrize("confidence_interval", [0.8, 0.95])
    @pytest.mark.parametrize(
        "point_est",
        [
            None,
            np.array([-1.0, 0.0, 1.0]),
            np.array([-3.0, -1.0, 0.0, 2.5]),
        ],
    )
    @pytest.mark.parametrize(("order", "noise"), CI_REGRESSION_CASES)
    def test_nns_reg_confidence_interval_matches_r(
        rng: np.random.Generator,
        relationship: str,
        confidence_interval: float,
        point_est: np.ndarray | None,
        order: int | None,
        noise: str,
    ) -> None:
        x, y = _relationship(relationship, 50, rng)
    
        expected = _r_nns_reg(
            x,
            y,
            order=order,
            noise=noise,
            point_est=point_est,
            confidence_interval=confidence_interval,
        )
        actual = nns_reg(
            x,
            y,
            order=order,
            noise_reduction=cast(NoiseReduction, noise),
            point_est=point_est,
            confidence_interval=confidence_interval,
        )
    
>       _assert_reg_matches(actual, expected)

tests/parity/test_regression.py:582: 
_ _ _ _ _ _ _ _ _ _ _ _ _ _ _ _ _ _ _ _ _ _ _ _ _ _ _ _ _ _ _ _ _ _ _ _ _ _ _ _ 
tests/parity/test_regression.py:938: in _assert_reg_matches
    _assert_scalar_or_empty(actual["R2"], expected["R2"], atol)
_ _ _ _ _ _ _ _ _ _ _ _ _ _ _ _ _ _ _ _ _ _ _ _ _ _ _ _ _ _ _ _ _ _ _ _ _ _ _ _ 

actual = 0.9483505678486229, expected = array(0.80255102), atol = 1e-10

    def _assert_scalar_or_empty(actual: object, expected: object, atol: float) -> None:
        """Compare a scalar metric, treating port ``None`` as R's empty (NULL)."""
        if actual is None:
            assert _array(expected).size == 0
        else:
>           np.testing.assert_allclose(actual, _array(expected), atol=atol)
E           AssertionError: 
E           Not equal to tolerance rtol=1e-07, atol=1e-10
E           
E           Mismatched elements: 1 / 1 (100%)
E           Max absolute difference among violations: 0.14579955
E           Max relative difference among violations: 0.18167013
E            ACTUAL: array(0.948351)
E            DESIRED: array(0.802551)

tests/parity/test_regression.py:1002: AssertionError
______ test_nns_reg_confidence_interval_matches_r[1-median-None-0.8-sin] _______
[gw0] linux -- Python 3.11.15 /opt/hostedtoolcache/Python/3.11.15/x64/bin/python

rng = Generator(PCG64) at 0x7FBB8FF27A00, relationship = 'sin'
confidence_interval = 0.8, point_est = None, order = 1, noise = 'median'

    @pytest.mark.parity
    @pytest.mark.parametrize("relationship", ["linear", "quadratic", "sin"])
    @pytest.mark.parametrize("confidence_interval", [0.8, 0.95])
    @pytest.mark.parametrize(
        "point_est",
        [
            None,
            np.array([-1.0, 0.0, 1.0]),
            np.array([-3.0, -1.0, 0.0, 2.5]),
        ],
    )
    @pytest.mark.parametrize(("order", "noise"), CI_REGRESSION_CASES)
    def test_nns_reg_confidence_interval_matches_r(
        rng: np.random.Generator,
        relationship: str,
        confidence_interval: float,
        point_est: np.ndarray | None,
        order: int | None,
        noise: str,
    ) -> None:
        x, y = _relationship(relationship, 50, rng)
    
        expected = _r_nns_reg(
            x,
            y,
            order=order,
            noise=noise,
            point_est=point_est,
            confidence_interval=confidence_interval,
        )
        actual = nns_reg(
            x,
            y,
            order=order,
            noise_reduction=cast(NoiseReduction, noise),
            point_est=point_est,
            confidence_interval=confidence_interval,
        )
    
>       _assert_reg_matches(actual, expected)

tests/parity/test_regression.py:582: 
_ _ _ _ _ _ _ _ _ _ _ _ _ _ _ _ _ _ _ _ _ _ _ _ _ _ _ _ _ _ _ _ _ _ _ _ _ _ _ _ 
tests/parity/test_regression.py:938: in _assert_reg_matches
    _assert_scalar_or_empty(actual["R2"], expected["R2"], atol)
_ _ _ _ _ _ _ _ _ _ _ _ _ _ _ _ _ _ _ _ _ _ _ _ _ _ _ _ _ _ _ _ _ _ _ _ _ _ _ _ 

actual = 0.9523361668629529, expected = array(0.8717489), atol = 1e-10

    def _assert_scalar_or_empty(actual: object, expected: object, atol: float) -> None:
        """Compare a scalar metric, treating port ``None`` as R's empty (NULL)."""
        if actual is None:
            assert _array(expected).size == 0
        else:
>           np.testing.assert_allclose(actual, _array(expected), atol=atol)
E           AssertionError: 
E           Not equal to tolerance rtol=1e-07, atol=1e-10
E           
E           Mismatched elements: 1 / 1 (100%)
E           Max absolute difference among violations: 0.08058727
E           Max relative difference among violations: 0.09244322
E            ACTUAL: array(0.952336)
E            DESIRED: array(0.871749)

tests/parity/test_regression.py:1002: AssertionError
____ test_nns_reg_confidence_interval_matches_r[1-median-None-0.95-linear] _____
[gw0] linux -- Python 3.11.15 /opt/hostedtoolcache/Python/3.11.15/x64/bin/python

rng = Generator(PCG64) at 0x7FBB8FF265E0, relationship = 'linear'
confidence_interval = 0.95, point_est = None, order = 1, noise = 'median'

    @pytest.mark.parity
    @pytest.mark.parametrize("relationship", ["linear", "quadratic", "sin"])
    @pytest.mark.parametrize("confidence_interval", [0.8, 0.95])
    @pytest.mark.parametrize(
        "point_est",
        [
            None,
            np.array([-1.0, 0.0, 1.0]),
            np.array([-3.0, -1.0, 0.0, 2.5]),
        ],
    )
    @pytest.mark.parametrize(("order", "noise"), CI_REGRESSION_CASES)
    def test_nns_reg_confidence_interval_matches_r(
        rng: np.random.Generator,
        relationship: str,
        confidence_interval: float,
        point_est: np.ndarray | None,
        order: int | None,
        noise: str,
    ) -> None:
        x, y = _relationship(relationship, 50, rng)
    
        expected = _r_nns_reg(
            x,
            y,
            order=order,
            noise=noise,
            point_est=point_est,
            confidence_interval=confidence_interval,
        )
        actual = nns_reg(
            x,
            y,
            order=order,
            noise_reduction=cast(NoiseReduction, noise),
            point_est=point_est,
            confidence_interval=confidence_interval,
        )
    
>       _assert_reg_matches(actual, expected)

tests/parity/test_regression.py:582: 
_ _ _ _ _ _ _ _ _ _ _ _ _ _ _ _ _ _ _ _ _ _ _ _ _ _ _ _ _ _ _ _ _ _ _ _ _ _ _ _ 
tests/parity/test_regression.py:938: in _assert_reg_matches
    _assert_scalar_or_empty(actual["R2"], expected["R2"], atol)
_ _ _ _ _ _ _ _ _ _ _ _ _ _ _ _ _ _ _ _ _ _ _ _ _ _ _ _ _ _ _ _ _ _ _ _ _ _ _ _ 

actual = 0.9997065717548522, expected = array(0.99952941), atol = 1e-10

    def _assert_scalar_or_empty(actual: object, expected: object, atol: float) -> None:
        """Compare a scalar metric, treating port ``None`` as R's empty (NULL)."""
        if actual is None:
            assert _array(expected).size == 0
        else:
>           np.testing.assert_allclose(actual, _array(expected), atol=atol)
E           AssertionError: 
E           Not equal to tolerance rtol=1e-07, atol=1e-10
E           
E           Mismatched elements: 1 / 1 (100%)
E           Max absolute difference among violations: 0.00017716
E           Max relative difference among violations: 0.00017724
E            ACTUAL: array(0.999707)
E            DESIRED: array(0.999529)

tests/parity/test_regression.py:1002: AssertionError
___ test_nns_reg_confidence_interval_matches_r[2-median-point_est1-0.8-sin] ____
[gw2] linux -- Python 3.11.15 /opt/hostedtoolcache/Python/3.11.15/x64/bin/python

rng = Generator(PCG64) at 0x7F97EE883CA0, relationship = 'sin'
confidence_interval = 0.8, point_est = array([-1.,  0.,  1.]), order = 2
noise = 'median'

    @pytest.mark.parity
    @pytest.mark.parametrize("relationship", ["linear", "quadratic", "sin"])
    @pytest.mark.parametrize("confidence_interval", [0.8, 0.95])
    @pytest.mark.parametrize(
        "point_est",
        [
            None,
            np.array([-1.0, 0.0, 1.0]),
            np.array([-3.0, -1.0, 0.0, 2.5]),
        ],
    )
    @pytest.mark.parametrize(("order", "noise"), CI_REGRESSION_CASES)
    def test_nns_reg_confidence_interval_matches_r(
        rng: np.random.Generator,
        relationship: str,
        confidence_interval: float,
        point_est: np.ndarray | None,
        order: int | None,
        noise: str,
    ) -> None:
        x, y = _relationship(relationship, 50, rng)
    
        expected = _r_nns_reg(
            x,
            y,
            order=order,
            noise=noise,
            point_est=point_est,
            confidence_interval=confidence_interval,
        )
        actual = nns_reg(
            x,
            y,
            order=order,
            noise_reduction=cast(NoiseReduction, noise),
            point_est=point_est,
            confidence_interval=confidence_interval,
        )
    
>       _assert_reg_matches(actual, expected)

tests/parity/test_regression.py:582: 
_ _ _ _ _ _ _ _ _ _ _ _ _ _ _ _ _ _ _ _ _ _ _ _ _ _ _ _ _ _ _ _ _ _ _ _ _ _ _ _ 
tests/parity/test_regression.py:938: in _assert_reg_matches
    _assert_scalar_or_empty(actual["R2"], expected["R2"], atol)
_ _ _ _ _ _ _ _ _ _ _ _ _ _ _ _ _ _ _ _ _ _ _ _ _ _ _ _ _ _ _ _ _ _ _ _ _ _ _ _ 

actual = 0.9981778914257274, expected = array(0.99241435), atol = 1e-10

    def _assert_scalar_or_empty(actual: object, expected: object, atol: float) -> None:
        """Compare a scalar metric, treating port ``None`` as R's empty (NULL)."""
        if actual is None:
            assert _array(expected).size == 0
        else:
>           np.testing.assert_allclose(actual, _array(expected), atol=atol)
E           AssertionError: 
E           Not equal to tolerance rtol=1e-07, atol=1e-10
E           
E           Mismatched elements: 1 / 1 (100%)
E           Max absolute difference among violations: 0.00576354
E           Max relative difference among violations: 0.0058076
E            ACTUAL: array(0.998178)
E            DESIRED: array(0.992414)

tests/parity/test_regression.py:1002: AssertionError
___ test_nns_reg_confidence_interval_matches_r[1-median-None-0.95-quadratic] ___
[gw0] linux -- Python 3.11.15 /opt/hostedtoolcache/Python/3.11.15/x64/bin/python

rng = Generator(PCG64) at 0x7FBB8D459620, relationship = 'quadratic'
confidence_interval = 0.95, point_est = None, order = 1, noise = 'median'

    @pytest.mark.parity
    @pytest.mark.parametrize("relationship", ["linear", "quadratic", "sin"])
    @pytest.mark.parametrize("confidence_interval", [0.8, 0.95])
    @pytest.mark.parametrize(
        "point_est",
        [
            None,
            np.array([-1.0, 0.0, 1.0]),
            np.array([-3.0, -1.0, 0.0, 2.5]),
        ],
    )
    @pytest.mark.parametrize(("order", "noise"), CI_REGRESSION_CASES)
    def test_nns_reg_confidence_interval_matches_r(
        rng: np.random.Generator,
        relationship: str,
        confidence_interval: float,
        point_est: np.ndarray | None,
        order: int | None,
        noise: str,
    ) -> None:
        x, y = _relationship(relationship, 50, rng)
    
        expected = _r_nns_reg(
            x,
            y,
            order=order,
            noise=noise,
            point_est=point_est,
            confidence_interval=confidence_interval,
        )
        actual = nns_reg(
            x,
            y,
            order=order,
            noise_reduction=cast(NoiseReduction, noise),
            point_est=point_est,
            confidence_interval=confidence_interval,
        )
    
>       _assert_reg_matches(actual, expected)

tests/parity/test_regression.py:582: 
_ _ _ _ _ _ _ _ _ _ _ _ _ _ _ _ _ _ _ _ _ _ _ _ _ _ _ _ _ _ _ _ _ _ _ _ _ _ _ _ 
tests/parity/test_regression.py:938: in _assert_reg_matches
    _assert_scalar_or_empty(actual["R2"], expected["R2"], atol)
_ _ _ _ _ _ _ _ _ _ _ _ _ _ _ _ _ _ _ _ _ _ _ _ _ _ _ _ _ _ _ _ _ _ _ _ _ _ _ _ 

actual = 0.9378751500600236, expected = array(-0.01213672), atol = 1e-10

    def _assert_scalar_or_empty(actual: object, expected: object, atol: float) -> None:
        """Compare a scalar metric, treating port ``None`` as R's empty (NULL)."""
        if actual is None:
            assert _array(expected).size == 0
        else:
>           np.testing.assert_allclose(actual, _array(expected), atol=atol)
E           AssertionError: 
E           Not equal to tolerance rtol=1e-07, atol=1e-10
E           
E           Mismatched elements: 1 / 1 (100%)
E           Max absolute difference among violations: 0.95001187
E           Max relative difference among violations: 78.27581522
E            ACTUAL: array(0.937875)
E            DESIRED: array(-0.012137)

tests/parity/test_regression.py:1002: AssertionError
_ test_nns_reg_confidence_interval_matches_r[2-median-point_est1-0.95-linear] __
[gw2] linux -- Python 3.11.15 /opt/hostedtoolcache/Python/3.11.15/x64/bin/python

rng = Generator(PCG64) at 0x7F97EE869C40, relationship = 'linear'
confidence_interval = 0.95, point_est = array([-1.,  0.,  1.]), order = 2
noise = 'median'

    @pytest.mark.parity
    @pytest.mark.parametrize("relationship", ["linear", "quadratic", "sin"])
    @pytest.mark.parametrize("confidence_interval", [0.8, 0.95])
    @pytest.mark.parametrize(
        "point_est",
        [
            None,
            np.array([-1.0, 0.0, 1.0]),
            np.array([-3.0, -1.0, 0.0, 2.5]),
        ],
    )
    @pytest.mark.parametrize(("order", "noise"), CI_REGRESSION_CASES)
    def test_nns_reg_confidence_interval_matches_r(
        rng: np.random.Generator,
        relationship: str,
        confidence_interval: float,
        point_est: np.ndarray | None,
        order: int | None,
        noise: str,
    ) -> None:
        x, y = _relationship(relationship, 50, rng)
    
        expected = _r_nns_reg(
            x,
            y,
            order=order,
            noise=noise,
            point_est=point_est,
            confidence_interval=confidence_interval,
        )
        actual = nns_reg(
            x,
            y,
            order=order,
            noise_reduction=cast(NoiseReduction, noise),
            point_est=point_est,
            confidence_interval=confidence_interval,
        )
    
>       _assert_reg_matches(actual, expected)

tests/parity/test_regression.py:582: 
_ _ _ _ _ _ _ _ _ _ _ _ _ _ _ _ _ _ _ _ _ _ _ _ _ _ _ _ _ _ _ _ _ _ _ _ _ _ _ _ 
tests/parity/test_regression.py:938: in _assert_reg_matches
    _assert_scalar_or_empty(actual["R2"], expected["R2"], atol)
_ _ _ _ _ _ _ _ _ _ _ _ _ _ _ _ _ _ _ _ _ _ _ _ _ _ _ _ _ _ _ _ _ _ _ _ _ _ _ _ 

actual = 0.9997086030491225, expected = array(0.99950898), atol = 1e-10

    def _assert_scalar_or_empty(actual: object, expected: object, atol: float) -> None:
        """Compare a scalar metric, treating port ``None`` as R's empty (NULL)."""
        if actual is None:
            assert _array(expected).size == 0
        else:
>           np.testing.assert_allclose(actual, _array(expected), atol=atol)
E           AssertionError: 
E           Not equal to tolerance rtol=1e-07, atol=1e-10
E           
E           Mismatched elements: 1 / 1 (100%)
E           Max absolute difference among violations: 0.00019963
E           Max relative difference among violations: 0.00019973
E            ACTUAL: array(0.999709)
E            DESIRED: array(0.999509)

tests/parity/test_regression.py:1002: AssertionError
______ test_nns_reg_confidence_interval_matches_r[1-median-None-0.95-sin] ______
[gw0] linux -- Python 3.11.15 /opt/hostedtoolcache/Python/3.11.15/x64/bin/python

rng = Generator(PCG64) at 0x7FBB8D4589E0, relationship = 'sin'
confidence_interval = 0.95, point_est = None, order = 1, noise = 'median'

    @pytest.mark.parity
    @pytest.mark.parametrize("relationship", ["linear", "quadratic", "sin"])
    @pytest.mark.parametrize("confidence_interval", [0.8, 0.95])
    @pytest.mark.parametrize(
        "point_est",
        [
            None,
            np.array([-1.0, 0.0, 1.0]),
            np.array([-3.0, -1.0, 0.0, 2.5]),
        ],
    )
    @pytest.mark.parametrize(("order", "noise"), CI_REGRESSION_CASES)
    def test_nns_reg_confidence_interval_matches_r(
        rng: np.random.Generator,
        relationship: str,
        confidence_interval: float,
        point_est: np.ndarray | None,
        order: int | None,
        noise: str,
    ) -> None:
        x, y = _relationship(relationship, 50, rng)
    
        expected = _r_nns_reg(
            x,
            y,
            order=order,
            noise=noise,
            point_est=point_est,
            confidence_interval=confidence_interval,
        )
        actual = nns_reg(
            x,
            y,
            order=order,
            noise_reduction=cast(NoiseReduction, noise),
            point_est=point_est,
            confidence_interval=confidence_interval,
        )
    
>       _assert_reg_matches(actual, expected)

tests/parity/test_regression.py:582: 
_ _ _ _ _ _ _ _ _ _ _ _ _ _ _ _ _ _ _ _ _ _ _ _ _ _ _ _ _ _ _ _ _ _ _ _ _ _ _ _ 
tests/parity/test_regression.py:938: in _assert_reg_matches
    _assert_scalar_or_empty(actual["R2"], expected["R2"], atol)
_ _ _ _ _ _ _ _ _ _ _ _ _ _ _ _ _ _ _ _ _ _ _ _ _ _ _ _ _ _ _ _ _ _ _ _ _ _ _ _ 

actual = 0.9523361668629529, expected = array(0.8717489), atol = 1e-10

    def _assert_scalar_or_empty(actual: object, expected: object, atol: float) -> None:
        """Compare a scalar metric, treating port ``None`` as R's empty (NULL)."""
        if actual is None:
            assert _array(expected).size == 0
        else:
>           np.testing.assert_allclose(actual, _array(expected), atol=atol)
E           AssertionError: 
E           Not equal to tolerance rtol=1e-07, atol=1e-10
E           
E           Mismatched elements: 1 / 1 (100%)
E           Max absolute difference among violations: 0.08058727
E           Max relative difference among violations: 0.09244322
E            ACTUAL: array(0.952336)
E            DESIRED: array(0.871749)

tests/parity/test_regression.py:1002: AssertionError
__ test_nns_reg_confidence_interval_matches_r[1-median-point_est1-0.8-linear] __
[gw0] linux -- Python 3.11.15 /opt/hostedtoolcache/Python/3.11.15/x64/bin/python

rng = Generator(PCG64) at 0x7FBB8D458900, relationship = 'linear'
confidence_interval = 0.8, point_est = array([-1.,  0.,  1.]), order = 1
noise = 'median'

    @pytest.mark.parity
    @pytest.mark.parametrize("relationship", ["linear", "quadratic", "sin"])
    @pytest.mark.parametrize("confidence_interval", [0.8, 0.95])
    @pytest.mark.parametrize(
        "point_est",
        [
            None,
            np.array([-1.0, 0.0, 1.0]),
            np.array([-3.0, -1.0, 0.0, 2.5]),
        ],
    )
    @pytest.mark.parametrize(("order", "noise"), CI_REGRESSION_CASES)
    def test_nns_reg_confidence_interval_matches_r(
        rng: np.random.Generator,
        relationship: str,
        confidence_interval: float,
        point_est: np.ndarray | None,
        order: int | None,
        noise: str,
    ) -> None:
        x, y = _relationship(relationship, 50, rng)
    
        expected = _r_nns_reg(
            x,
            y,
            order=order,
            noise=noise,
            point_est=point_est,
            confidence_interval=confidence_interval,
        )
        actual = nns_reg(
            x,
            y,
            order=order,
            noise_reduction=cast(NoiseReduction, noise),
            point_est=point_est,
            confidence_interval=confidence_interval,
        )
    
>       _assert_reg_matches(actual, expected)

tests/parity/test_regression.py:582: 
_ _ _ _ _ _ _ _ _ _ _ _ _ _ _ _ _ _ _ _ _ _ _ _ _ _ _ _ _ _ _ _ _ _ _ _ _ _ _ _ 
tests/parity/test_regression.py:938: in _assert_reg_matches
    _assert_scalar_or_empty(actual["R2"], expected["R2"], atol)
_ _ _ _ _ _ _ _ _ _ _ _ _ _ _ _ _ _ _ _ _ _ _ _ _ _ _ _ _ _ _ _ _ _ _ _ _ _ _ _ 

actual = 0.9997065717548522, expected = array(0.99952941), atol = 1e-10

    def _assert_scalar_or_empty(actual: object, expected: object, atol: float) -> None:
        """Compare a scalar metric, treating port ``None`` as R's empty (NULL)."""
        if actual is None:
            assert _array(expected).size == 0
        else:
>           np.testing.assert_allclose(actual, _array(expected), atol=atol)
E           AssertionError: 
E           Not equal to tolerance rtol=1e-07, atol=1e-10
E           
E           Mismatched elements: 1 / 1 (100%)
E           Max absolute difference among violations: 0.00017716
E           Max relative difference among violations: 0.00017724
E            ACTUAL: array(0.999707)
E            DESIRED: array(0.999529)

tests/parity/test_regression.py:1002: AssertionError
_ test_nns_reg_confidence_interval_matches_r[2-median-point_est1-0.95-quadratic] _
[gw2] linux -- Python 3.11.15 /opt/hostedtoolcache/Python/3.11.15/x64/bin/python

rng = Generator(PCG64) at 0x7F97EE738900, relationship = 'quadratic'
confidence_interval = 0.95, point_est = array([-1.,  0.,  1.]), order = 2
noise = 'median'

    @pytest.mark.parity
    @pytest.mark.parametrize("relationship", ["linear", "quadratic", "sin"])
    @pytest.mark.parametrize("confidence_interval", [0.8, 0.95])
    @pytest.mark.parametrize(
        "point_est",
        [
            None,
            np.array([-1.0, 0.0, 1.0]),
            np.array([-3.0, -1.0, 0.0, 2.5]),
        ],
    )
    @pytest.mark.parametrize(("order", "noise"), CI_REGRESSION_CASES)
    def test_nns_reg_confidence_interval_matches_r(
        rng: np.random.Generator,
        relationship: str,
        confidence_interval: float,
        point_est: np.ndarray | None,
        order: int | None,
        noise: str,
    ) -> None:
        x, y = _relationship(relationship, 50, rng)
    
        expected = _r_nns_reg(
            x,
            y,
            order=order,
            noise=noise,
            point_est=point_est,
            confidence_interval=confidence_interval,
        )
        actual = nns_reg(
            x,
            y,
            order=order,
            noise_reduction=cast(NoiseReduction, noise),
            point_est=point_est,
            confidence_interval=confidence_interval,
        )
    
>       _assert_reg_matches(actual, expected)

tests/parity/test_regression.py:582: 
_ _ _ _ _ _ _ _ _ _ _ _ _ _ _ _ _ _ _ _ _ _ _ _ _ _ _ _ _ _ _ _ _ _ _ _ _ _ _ _ 
tests/parity/test_regression.py:938: in _assert_reg_matches
    _assert_scalar_or_empty(actual["R2"], expected["R2"], atol)
_ _ _ _ _ _ _ _ _ _ _ _ _ _ _ _ _ _ _ _ _ _ _ _ _ _ _ _ _ _ _ _ _ _ _ _ _ _ _ _ 

actual = 0.9483505678486229, expected = array(0.80255102), atol = 1e-10

    def _assert_scalar_or_empty(actual: object, expected: object, atol: float) -> None:
        """Compare a scalar metric, treating port ``None`` as R's empty (NULL)."""
        if actual is None:
            assert _array(expected).size == 0
        else:
>           np.testing.assert_allclose(actual, _array(expected), atol=atol)
E           AssertionError: 
E           Not equal to tolerance rtol=1e-07, atol=1e-10
E           
E           Mismatched elements: 1 / 1 (100%)
E           Max absolute difference among violations: 0.14579955
E           Max relative difference among violations: 0.18167013
E            ACTUAL: array(0.948351)
E            DESIRED: array(0.802551)

tests/parity/test_regression.py:1002: AssertionError
_ test_nns_reg_confidence_interval_matches_r[1-median-point_est1-0.8-quadratic] _
[gw0] linux -- Python 3.11.15 /opt/hostedtoolcache/Python/3.11.15/x64/bin/python

rng = Generator(PCG64) at 0x7FBB8D4582E0, relationship = 'quadratic'
confidence_interval = 0.8, point_est = array([-1.,  0.,  1.]), order = 1
noise = 'median'

    @pytest.mark.parity
    @pytest.mark.parametrize("relationship", ["linear", "quadratic", "sin"])
    @pytest.mark.parametrize("confidence_interval", [0.8, 0.95])
    @pytest.mark.parametrize(
        "point_est",
        [
            None,
            np.array([-1.0, 0.0, 1.0]),
            np.array([-3.0, -1.0, 0.0, 2.5]),
        ],
    )
    @pytest.mark.parametrize(("order", "noise"), CI_REGRESSION_CASES)
    def test_nns_reg_confidence_interval_matches_r(
        rng: np.random.Generator,
        relationship: str,
        confidence_interval: float,
        point_est: np.ndarray | None,
        order: int | None,
        noise: str,
    ) -> None:
        x, y = _relationship(relationship, 50, rng)
    
        expected = _r_nns_reg(
            x,
            y,
            order=order,
            noise=noise,
            point_est=point_est,
            confidence_interval=confidence_interval,
        )
        actual = nns_reg(
            x,
            y,
            order=order,
            noise_reduction=cast(NoiseReduction, noise),
            point_est=point_est,
            confidence_interval=confidence_interval,
        )
    
>       _assert_reg_matches(actual, expected)

tests/parity/test_regression.py:582: 
_ _ _ _ _ _ _ _ _ _ _ _ _ _ _ _ _ _ _ _ _ _ _ _ _ _ _ _ _ _ _ _ _ _ _ _ _ _ _ _ 
tests/parity/test_regression.py:938: in _assert_reg_matches
    _assert_scalar_or_empty(actual["R2"], expected["R2"], atol)
_ _ _ _ _ _ _ _ _ _ _ _ _ _ _ _ _ _ _ _ _ _ _ _ _ _ _ _ _ _ _ _ _ _ _ _ _ _ _ _ 

actual = 0.9378751500600236, expected = array(-0.01213672), atol = 1e-10

    def _assert_scalar_or_empty(actual: object, expected: object, atol: float) -> None:
        """Compare a scalar metric, treating port ``None`` as R's empty (NULL)."""
        if actual is None:
            assert _array(expected).size == 0
        else:
>           np.testing.assert_allclose(actual, _array(expected), atol=atol)
E           AssertionError: 
E           Not equal to tolerance rtol=1e-07, atol=1e-10
E           
E           Mismatched elements: 1 / 1 (100%)
E           Max absolute difference among violations: 0.95001187
E           Max relative difference among violations: 78.27581522
E            ACTUAL: array(0.937875)
E            DESIRED: array(-0.012137)

tests/parity/test_regression.py:1002: AssertionError
___ test_nns_reg_confidence_interval_matches_r[2-median-point_est1-0.95-sin] ___
[gw2] linux -- Python 3.11.15 /opt/hostedtoolcache/Python/3.11.15/x64/bin/python

rng = Generator(PCG64) at 0x7F97EE73A7A0, relationship = 'sin'
confidence_interval = 0.95, point_est = array([-1.,  0.,  1.]), order = 2
noise = 'median'

    @pytest.mark.parity
    @pytest.mark.parametrize("relationship", ["linear", "quadratic", "sin"])
    @pytest.mark.parametrize("confidence_interval", [0.8, 0.95])
    @pytest.mark.parametrize(
        "point_est",
        [
            None,
            np.array([-1.0, 0.0, 1.0]),
            np.array([-3.0, -1.0, 0.0, 2.5]),
        ],
    )
    @pytest.mark.parametrize(("order", "noise"), CI_REGRESSION_CASES)
    def test_nns_reg_confidence_interval_matches_r(
        rng: np.random.Generator,
        relationship: str,
        confidence_interval: float,
        point_est: np.ndarray | None,
        order: int | None,
        noise: str,
    ) -> None:
        x, y = _relationship(relationship, 50, rng)
    
        expected = _r_nns_reg(
            x,
            y,
            order=order,
            noise=noise,
            point_est=point_est,
            confidence_interval=confidence_interval,
        )
        actual = nns_reg(
            x,
            y,
            order=order,
            noise_reduction=cast(NoiseReduction, noise),
            point_est=point_est,
            confidence_interval=confidence_interval,
        )
    
>       _assert_reg_matches(actual, expected)

tests/parity/test_regression.py:582: 
_ _ _ _ _ _ _ _ _ _ _ _ _ _ _ _ _ _ _ _ _ _ _ _ _ _ _ _ _ _ _ _ _ _ _ _ _ _ _ _ 
tests/parity/test_regression.py:938: in _assert_reg_matches
    _assert_scalar_or_empty(actual["R2"], expected["R2"], atol)
_ _ _ _ _ _ _ _ _ _ _ _ _ _ _ _ _ _ _ _ _ _ _ _ _ _ _ _ _ _ _ _ _ _ _ _ _ _ _ _ 

actual = 0.9981778914257274, expected = array(0.99241435), atol = 1e-10

    def _assert_scalar_or_empty(actual: object, expected: object, atol: float) -> None:
        """Compare a scalar metric, treating port ``None`` as R's empty (NULL)."""
        if actual is None:
            assert _array(expected).size == 0
        else:
>           np.testing.assert_allclose(actual, _array(expected), atol=atol)
E           AssertionError: 
E           Not equal to tolerance rtol=1e-07, atol=1e-10
E           
E           Mismatched elements: 1 / 1 (100%)
E           Max absolute difference among violations: 0.00576354
E           Max relative difference among violations: 0.0058076
E            ACTUAL: array(0.998178)
E            DESIRED: array(0.992414)

tests/parity/test_regression.py:1002: AssertionError
___ test_nns_reg_confidence_interval_matches_r[1-median-point_est1-0.8-sin] ____
[gw0] linux -- Python 3.11.15 /opt/hostedtoolcache/Python/3.11.15/x64/bin/python

rng = Generator(PCG64) at 0x7FBB8D45A420, relationship = 'sin'
confidence_interval = 0.8, point_est = array([-1.,  0.,  1.]), order = 1
noise = 'median'

    @pytest.mark.parity
    @pytest.mark.parametrize("relationship", ["linear", "quadratic", "sin"])
    @pytest.mark.parametrize("confidence_interval", [0.8, 0.95])
    @pytest.mark.parametrize(
        "point_est",
        [
            None,
            np.array([-1.0, 0.0, 1.0]),
            np.array([-3.0, -1.0, 0.0, 2.5]),
        ],
    )
    @pytest.mark.parametrize(("order", "noise"), CI_REGRESSION_CASES)
    def test_nns_reg_confidence_interval_matches_r(
        rng: np.random.Generator,
        relationship: str,
        confidence_interval: float,
        point_est: np.ndarray | None,
        order: int | None,
        noise: str,
    ) -> None:
        x, y = _relationship(relationship, 50, rng)
    
        expected = _r_nns_reg(
            x,
            y,
            order=order,
            noise=noise,
            point_est=point_est,
            confidence_interval=confidence_interval,
        )
        actual = nns_reg(
            x,
            y,
            order=order,
            noise_reduction=cast(NoiseReduction, noise),
            point_est=point_est,
            confidence_interval=confidence_interval,
        )
    
>       _assert_reg_matches(actual, expected)

tests/parity/test_regression.py:582: 
_ _ _ _ _ _ _ _ _ _ _ _ _ _ _ _ _ _ _ _ _ _ _ _ _ _ _ _ _ _ _ _ _ _ _ _ _ _ _ _ 
tests/parity/test_regression.py:938: in _assert_reg_matches
    _assert_scalar_or_empty(actual["R2"], expected["R2"], atol)
_ _ _ _ _ _ _ _ _ _ _ _ _ _ _ _ _ _ _ _ _ _ _ _ _ _ _ _ _ _ _ _ _ _ _ _ _ _ _ _ 

actual = 0.9523361668629529, expected = array(0.8717489), atol = 1e-10

    def _assert_scalar_or_empty(actual: object, expected: object, atol: float) -> None:
        """Compare a scalar metric, treating port ``None`` as R's empty (NULL)."""
        if actual is None:
            assert _array(expected).size == 0
        else:
>           np.testing.assert_allclose(actual, _array(expected), atol=atol)
E           AssertionError: 
E           Not equal to tolerance rtol=1e-07, atol=1e-10
E           
E           Mismatched elements: 1 / 1 (100%)
E           Max absolute difference among violations: 0.08058727
E           Max relative difference among violations: 0.09244322
E            ACTUAL: array(0.952336)
E            DESIRED: array(0.871749)

tests/parity/test_regression.py:1002: AssertionError
_ test_nns_reg_confidence_interval_matches_r[1-median-point_est1-0.95-linear] __
[gw0] linux -- Python 3.11.15 /opt/hostedtoolcache/Python/3.11.15/x64/bin/python

rng = Generator(PCG64) at 0x7FBB8D458BA0, relationship = 'linear'
confidence_interval = 0.95, point_est = array([-1.,  0.,  1.]), order = 1
noise = 'median'

    @pytest.mark.parity
    @pytest.mark.parametrize("relationship", ["linear", "quadratic", "sin"])
    @pytest.mark.parametrize("confidence_interval", [0.8, 0.95])
    @pytest.mark.parametrize(
        "point_est",
        [
            None,
            np.array([-1.0, 0.0, 1.0]),
            np.array([-3.0, -1.0, 0.0, 2.5]),
        ],
    )
    @pytest.mark.parametrize(("order", "noise"), CI_REGRESSION_CASES)
    def test_nns_reg_confidence_interval_matches_r(
        rng: np.random.Generator,
        relationship: str,
        confidence_interval: float,
        point_est: np.ndarray | None,
        order: int | None,
        noise: str,
    ) -> None:
        x, y = _relationship(relationship, 50, rng)
    
        expected = _r_nns_reg(
            x,
            y,
            order=order,
            noise=noise,
            point_est=point_est,
            confidence_interval=confidence_interval,
        )
        actual = nns_reg(
            x,
            y,
            order=order,
            noise_reduction=cast(NoiseReduction, noise),
            point_est=point_est,
            confidence_interval=confidence_interval,
        )
    
>       _assert_reg_matches(actual, expected)

tests/parity/test_regression.py:582: 
_ _ _ _ _ _ _ _ _ _ _ _ _ _ _ _ _ _ _ _ _ _ _ _ _ _ _ _ _ _ _ _ _ _ _ _ _ _ _ _ 
tests/parity/test_regression.py:938: in _assert_reg_matches
    _assert_scalar_or_empty(actual["R2"], expected["R2"], atol)
_ _ _ _ _ _ _ _ _ _ _ _ _ _ _ _ _ _ _ _ _ _ _ _ _ _ _ _ _ _ _ _ _ _ _ _ _ _ _ _ 

actual = 0.9997065717548522, expected = array(0.99952941), atol = 1e-10

    def _assert_scalar_or_empty(actual: object, expected: object, atol: float) -> None:
        """Compare a scalar metric, treating port ``None`` as R's empty (NULL)."""
        if actual is None:
            assert _array(expected).size == 0
        else:
>           np.testing.assert_allclose(actual, _array(expected), atol=atol)
E           AssertionError: 
E           Not equal to tolerance rtol=1e-07, atol=1e-10
E           
E           Mismatched elements: 1 / 1 (100%)
E           Max absolute difference among violations: 0.00017716
E           Max relative difference among violations: 0.00017724
E            ACTUAL: array(0.999707)
E            DESIRED: array(0.999529)

tests/parity/test_regression.py:1002: AssertionError
__ test_nns_reg_confidence_interval_matches_r[2-median-point_est2-0.8-linear] __
[gw2] linux -- Python 3.11.15 /opt/hostedtoolcache/Python/3.11.15/x64/bin/python

rng = Generator(PCG64) at 0x7F97EE73AEA0, relationship = 'linear'
confidence_interval = 0.8, point_est = array([-3. , -1. ,  0. ,  2.5])
order = 2, noise = 'median'

    @pytest.mark.parity
    @pytest.mark.parametrize("relationship", ["linear", "quadratic", "sin"])
    @pytest.mark.parametrize("confidence_interval", [0.8, 0.95])
    @pytest.mark.parametrize(
        "point_est",
        [
            None,
            np.array([-1.0, 0.0, 1.0]),
            np.array([-3.0, -1.0, 0.0, 2.5]),
        ],
    )
    @pytest.mark.parametrize(("order", "noise"), CI_REGRESSION_CASES)
    def test_nns_reg_confidence_interval_matches_r(
        rng: np.random.Generator,
        relationship: str,
        confidence_interval: float,
        point_est: np.ndarray | None,
        order: int | None,
        noise: str,
    ) -> None:
        x, y = _relationship(relationship, 50, rng)
    
        expected = _r_nns_reg(
            x,
            y,
            order=order,
            noise=noise,
            point_est=point_est,
            confidence_interval=confidence_interval,
        )
        actual = nns_reg(
            x,
            y,
            order=order,
            noise_reduction=cast(NoiseReduction, noise),
            point_est=point_est,
            confidence_interval=confidence_interval,
        )
    
>       _assert_reg_matches(actual, expected)

tests/parity/test_regression.py:582: 
_ _ _ _ _ _ _ _ _ _ _ _ _ _ _ _ _ _ _ _ _ _ _ _ _ _ _ _ _ _ _ _ _ _ _ _ _ _ _ _ 
tests/parity/test_regression.py:938: in _assert_reg_matches
    _assert_scalar_or_empty(actual["R2"], expected["R2"], atol)
_ _ _ _ _ _ _ _ _ _ _ _ _ _ _ _ _ _ _ _ _ _ _ _ _ _ _ _ _ _ _ _ _ _ _ _ _ _ _ _ 

actual = 0.9997086030491225, expected = array(0.99950898), atol = 1e-10

    def _assert_scalar_or_empty(actual: object, expected: object, atol: float) -> None:
        """Compare a scalar metric, treating port ``None`` as R's empty (NULL)."""
        if actual is None:
            assert _array(expected).size == 0
        else:
>           np.testing.assert_allclose(actual, _array(expected), atol=atol)
E           AssertionError: 
E           Not equal to tolerance rtol=1e-07, atol=1e-10
E           
E           Mismatched elements: 1 / 1 (100%)
E           Max absolute difference among violations: 0.00019963
E           Max relative difference among violations: 0.00019973
E            ACTUAL: array(0.999709)
E            DESIRED: array(0.999509)

tests/parity/test_regression.py:1002: AssertionError
_ test_nns_reg_confidence_interval_matches_r[2-median-point_est2-0.8-quadratic] _
[gw2] linux -- Python 3.11.15 /opt/hostedtoolcache/Python/3.11.15/x64/bin/python

rng = Generator(PCG64) at 0x7F97EE73B840, relationship = 'quadratic'
confidence_interval = 0.8, point_est = array([-3. , -1. ,  0. ,  2.5])
order = 2, noise = 'median'

    @pytest.mark.parity
    @pytest.mark.parametrize("relationship", ["linear", "quadratic", "sin"])
    @pytest.mark.parametrize("confidence_interval", [0.8, 0.95])
    @pytest.mark.parametrize(
        "point_est",
        [
            None,
            np.array([-1.0, 0.0, 1.0]),
            np.array([-3.0, -1.0, 0.0, 2.5]),
        ],
    )
    @pytest.mark.parametrize(("order", "noise"), CI_REGRESSION_CASES)
    def test_nns_reg_confidence_interval_matches_r(
        rng: np.random.Generator,
        relationship: str,
        confidence_interval: float,
        point_est: np.ndarray | None,
        order: int | None,
        noise: str,
    ) -> None:
        x, y = _relationship(relationship, 50, rng)
    
        expected = _r_nns_reg(
            x,
            y,
            order=order,
            noise=noise,
            point_est=point_est,
            confidence_interval=confidence_interval,
        )
        actual = nns_reg(
            x,
            y,
            order=order,
            noise_reduction=cast(NoiseReduction, noise),
            point_est=point_est,
            confidence_interval=confidence_interval,
        )
    
>       _assert_reg_matches(actual, expected)

tests/parity/test_regression.py:582: 
_ _ _ _ _ _ _ _ _ _ _ _ _ _ _ _ _ _ _ _ _ _ _ _ _ _ _ _ _ _ _ _ _ _ _ _ _ _ _ _ 
tests/parity/test_regression.py:938: in _assert_reg_matches
    _assert_scalar_or_empty(actual["R2"], expected["R2"], atol)
_ _ _ _ _ _ _ _ _ _ _ _ _ _ _ _ _ _ _ _ _ _ _ _ _ _ _ _ _ _ _ _ _ _ _ _ _ _ _ _ 

actual = 0.9483505678486229, expected = array(0.80255102), atol = 1e-10

    def _assert_scalar_or_empty(actual: object, expected: object, atol: float) -> None:
        """Compare a scalar metric, treating port ``None`` as R's empty (NULL)."""
        if actual is None:
            assert _array(expected).size == 0
        else:
>           np.testing.assert_allclose(actual, _array(expected), atol=atol)
E           AssertionError: 
E           Not equal to tolerance rtol=1e-07, atol=1e-10
E           
E           Mismatched elements: 1 / 1 (100%)
E           Max absolute difference among violations: 0.14579955
E           Max relative difference among violations: 0.18167013
E            ACTUAL: array(0.948351)
E            DESIRED: array(0.802551)

tests/parity/test_regression.py:1002: AssertionError
_ test_nns_reg_confidence_interval_matches_r[1-median-point_est1-0.95-quadratic] _
[gw0] linux -- Python 3.11.15 /opt/hostedtoolcache/Python/3.11.15/x64/bin/python

rng = Generator(PCG64) at 0x7FBB8D45A880, relationship = 'quadratic'
confidence_interval = 0.95, point_est = array([-1.,  0.,  1.]), order = 1
noise = 'median'

    @pytest.mark.parity
    @pytest.mark.parametrize("relationship", ["linear", "quadratic", "sin"])
    @pytest.mark.parametrize("confidence_interval", [0.8, 0.95])
    @pytest.mark.parametrize(
        "point_est",
        [
            None,
            np.array([-1.0, 0.0, 1.0]),
            np.array([-3.0, -1.0, 0.0, 2.5]),
        ],
    )
    @pytest.mark.parametrize(("order", "noise"), CI_REGRESSION_CASES)
    def test_nns_reg_confidence_interval_matches_r(
        rng: np.random.Generator,
        relationship: str,
        confidence_interval: float,
        point_est: np.ndarray | None,
        order: int | None,
        noise: str,
    ) -> None:
        x, y = _relationship(relationship, 50, rng)
    
        expected = _r_nns_reg(
            x,
            y,
            order=order,
            noise=noise,
            point_est=point_est,
            confidence_interval=confidence_interval,
        )
        actual = nns_reg(
            x,
            y,
            order=order,
            noise_reduction=cast(NoiseReduction, noise),
            point_est=point_est,
            confidence_interval=confidence_interval,
        )
    
>       _assert_reg_matches(actual, expected)

tests/parity/test_regression.py:582: 
_ _ _ _ _ _ _ _ _ _ _ _ _ _ _ _ _ _ _ _ _ _ _ _ _ _ _ _ _ _ _ _ _ _ _ _ _ _ _ _ 
tests/parity/test_regression.py:938: in _assert_reg_matches
    _assert_scalar_or_empty(actual["R2"], expected["R2"], atol)
_ _ _ _ _ _ _ _ _ _ _ _ _ _ _ _ _ _ _ _ _ _ _ _ _ _ _ _ _ _ _ _ _ _ _ _ _ _ _ _ 

actual = 0.9378751500600236, expected = array(-0.01213672), atol = 1e-10

    def _assert_scalar_or_empty(actual: object, expected: object, atol: float) -> None:
        """Compare a scalar metric, treating port ``None`` as R's empty (NULL)."""
        if actual is None:
            assert _array(expected).size == 0
        else:
>           np.testing.assert_allclose(actual, _array(expected), atol=atol)
E           AssertionError: 
E           Not equal to tolerance rtol=1e-07, atol=1e-10
E           
E           Mismatched elements: 1 / 1 (100%)
E           Max absolute difference among violations: 0.95001187
E           Max relative difference among violations: 78.27581522
E            ACTUAL: array(0.937875)
E            DESIRED: array(-0.012137)

tests/parity/test_regression.py:1002: AssertionError
___ test_nns_reg_confidence_interval_matches_r[1-median-point_est1-0.95-sin] ___
[gw0] linux -- Python 3.11.15 /opt/hostedtoolcache/Python/3.11.15/x64/bin/python

rng = Generator(PCG64) at 0x7FBB8FF27760, relationship = 'sin'
confidence_interval = 0.95, point_est = array([-1.,  0.,  1.]), order = 1
noise = 'median'

    @pytest.mark.parity
    @pytest.mark.parametrize("relationship", ["linear", "quadratic", "sin"])
    @pytest.mark.parametrize("confidence_interval", [0.8, 0.95])
    @pytest.mark.parametrize(
        "point_est",
        [
            None,
            np.array([-1.0, 0.0, 1.0]),
            np.array([-3.0, -1.0, 0.0, 2.5]),
        ],
    )
    @pytest.mark.parametrize(("order", "noise"), CI_REGRESSION_CASES)
    def test_nns_reg_confidence_interval_matches_r(
        rng: np.random.Generator,
        relationship: str,
        confidence_interval: float,
        point_est: np.ndarray | None,
        order: int | None,
        noise: str,
    ) -> None:
        x, y = _relationship(relationship, 50, rng)
    
        expected = _r_nns_reg(
            x,
            y,
            order=order,
            noise=noise,
            point_est=point_est,
            confidence_interval=confidence_interval,
        )
        actual = nns_reg(
            x,
            y,
            order=order,
            noise_reduction=cast(NoiseReduction, noise),
            point_est=point_est,
            confidence_interval=confidence_interval,
        )
    
>       _assert_reg_matches(actual, expected)

tests/parity/test_regression.py:582: 
_ _ _ _ _ _ _ _ _ _ _ _ _ _ _ _ _ _ _ _ _ _ _ _ _ _ _ _ _ _ _ _ _ _ _ _ _ _ _ _ 
tests/parity/test_regression.py:938: in _assert_reg_matches
    _assert_scalar_or_empty(actual["R2"], expected["R2"], atol)
_ _ _ _ _ _ _ _ _ _ _ _ _ _ _ _ _ _ _ _ _ _ _ _ _ _ _ _ _ _ _ _ _ _ _ _ _ _ _ _ 

actual = 0.9523361668629529, expected = array(0.8717489), atol = 1e-10

    def _assert_scalar_or_empty(actual: object, expected: object, atol: float) -> None:
        """Compare a scalar metric, treating port ``None`` as R's empty (NULL)."""
        if actual is None:
            assert _array(expected).size == 0
        else:
>           np.testing.assert_allclose(actual, _array(expected), atol=atol)
E           AssertionError: 
E           Not equal to tolerance rtol=1e-07, atol=1e-10
E           
E           Mismatched elements: 1 / 1 (100%)
E           Max absolute difference among violations: 0.08058727
E           Max relative difference among violations: 0.09244322
E            ACTUAL: array(0.952336)
E            DESIRED: array(0.871749)

tests/parity/test_regression.py:1002: AssertionError
___ test_nns_reg_confidence_interval_matches_r[2-median-point_est2-0.8-sin] ____
[gw2] linux -- Python 3.11.15 /opt/hostedtoolcache/Python/3.11.15/x64/bin/python

rng = Generator(PCG64) at 0x7F97EE73ACE0, relationship = 'sin'
confidence_interval = 0.8, point_est = array([-3. , -1. ,  0. ,  2.5])
order = 2, noise = 'median'

    @pytest.mark.parity
    @pytest.mark.parametrize("relationship", ["linear", "quadratic", "sin"])
    @pytest.mark.parametrize("confidence_interval", [0.8, 0.95])
    @pytest.mark.parametrize(
        "point_est",
        [
            None,
            np.array([-1.0, 0.0, 1.0]),
            np.array([-3.0, -1.0, 0.0, 2.5]),
        ],
    )
    @pytest.mark.parametrize(("order", "noise"), CI_REGRESSION_CASES)
    def test_nns_reg_confidence_interval_matches_r(
        rng: np.random.Generator,
        relationship: str,
        confidence_interval: float,
        point_est: np.ndarray | None,
        order: int | None,
        noise: str,
    ) -> None:
        x, y = _relationship(relationship, 50, rng)
    
        expected = _r_nns_reg(
            x,
            y,
            order=order,
            noise=noise,
            point_est=point_est,
            confidence_interval=confidence_interval,
        )
        actual = nns_reg(
            x,
            y,
            order=order,
            noise_reduction=cast(NoiseReduction, noise),
            point_est=point_est,
            confidence_interval=confidence_interval,
        )
    
>       _assert_reg_matches(actual, expected)

tests/parity/test_regression.py:582: 
_ _ _ _ _ _ _ _ _ _ _ _ _ _ _ _ _ _ _ _ _ _ _ _ _ _ _ _ _ _ _ _ _ _ _ _ _ _ _ _ 
tests/parity/test_regression.py:938: in _assert_reg_matches
    _assert_scalar_or_empty(actual["R2"], expected["R2"], atol)
_ _ _ _ _ _ _ _ _ _ _ _ _ _ _ _ _ _ _ _ _ _ _ _ _ _ _ _ _ _ _ _ _ _ _ _ _ _ _ _ 

actual = 0.9981778914257274, expected = array(0.99241435), atol = 1e-10

    def _assert_scalar_or_empty(actual: object, expected: object, atol: float) -> None:
        """Compare a scalar metric, treating port ``None`` as R's empty (NULL)."""
        if actual is None:
            assert _array(expected).size == 0
        else:
>           np.testing.assert_allclose(actual, _array(expected), atol=atol)
E           AssertionError: 
E           Not equal to tolerance rtol=1e-07, atol=1e-10
E           
E           Mismatched elements: 1 / 1 (100%)
E           Max absolute difference among violations: 0.00576354
E           Max relative difference among violations: 0.0058076
E            ACTUAL: array(0.998178)
E            DESIRED: array(0.992414)

tests/parity/test_regression.py:1002: AssertionError
__ test_nns_reg_confidence_interval_matches_r[1-median-point_est2-0.8-linear] __
[gw0] linux -- Python 3.11.15 /opt/hostedtoolcache/Python/3.11.15/x64/bin/python

rng = Generator(PCG64) at 0x7FBB8FF26A40, relationship = 'linear'
confidence_interval = 0.8, point_est = array([-3. , -1. ,  0. ,  2.5])
order = 1, noise = 'median'

    @pytest.mark.parity
    @pytest.mark.parametrize("relationship", ["linear", "quadratic", "sin"])
    @pytest.mark.parametrize("confidence_interval", [0.8, 0.95])
    @pytest.mark.parametrize(
        "point_est",
        [
            None,
            np.array([-1.0, 0.0, 1.0]),
            np.array([-3.0, -1.0, 0.0, 2.5]),
        ],
    )
    @pytest.mark.parametrize(("order", "noise"), CI_REGRESSION_CASES)
    def test_nns_reg_confidence_interval_matches_r(
        rng: np.random.Generator,
        relationship: str,
        confidence_interval: float,
        point_est: np.ndarray | None,
        order: int | None,
        noise: str,
    ) -> None:
        x, y = _relationship(relationship, 50, rng)
    
        expected = _r_nns_reg(
            x,
            y,
            order=order,
            noise=noise,
            point_est=point_est,
            confidence_interval=confidence_interval,
        )
        actual = nns_reg(
            x,
            y,
            order=order,
            noise_reduction=cast(NoiseReduction, noise),
            point_est=point_est,
            confidence_interval=confidence_interval,
        )
    
>       _assert_reg_matches(actual, expected)

tests/parity/test_regression.py:582: 
_ _ _ _ _ _ _ _ _ _ _ _ _ _ _ _ _ _ _ _ _ _ _ _ _ _ _ _ _ _ _ _ _ _ _ _ _ _ _ _ 
tests/parity/test_regression.py:938: in _assert_reg_matches
    _assert_scalar_or_empty(actual["R2"], expected["R2"], atol)
_ _ _ _ _ _ _ _ _ _ _ _ _ _ _ _ _ _ _ _ _ _ _ _ _ _ _ _ _ _ _ _ _ _ _ _ _ _ _ _ 

actual = 0.9997065717548522, expected = array(0.99952941), atol = 1e-10

    def _assert_scalar_or_empty(actual: object, expected: object, atol: float) -> None:
        """Compare a scalar metric, treating port ``None`` as R's empty (NULL)."""
        if actual is None:
            assert _array(expected).size == 0
        else:
>           np.testing.assert_allclose(actual, _array(expected), atol=atol)
E           AssertionError: 
E           Not equal to tolerance rtol=1e-07, atol=1e-10
E           
E           Mismatched elements: 1 / 1 (100%)
E           Max absolute difference among violations: 0.00017716
E           Max relative difference among violations: 0.00017724
E            ACTUAL: array(0.999707)
E            DESIRED: array(0.999529)

tests/parity/test_regression.py:1002: AssertionError
_ test_nns_reg_confidence_interval_matches_r[2-median-point_est2-0.95-linear] __
[gw2] linux -- Python 3.11.15 /opt/hostedtoolcache/Python/3.11.15/x64/bin/python

rng = Generator(PCG64) at 0x7F97EE882500, relationship = 'linear'
confidence_interval = 0.95, point_est = array([-3. , -1. ,  0. ,  2.5])
order = 2, noise = 'median'

    @pytest.mark.parity
    @pytest.mark.parametrize("relationship", ["linear", "quadratic", "sin"])
    @pytest.mark.parametrize("confidence_interval", [0.8, 0.95])
    @pytest.mark.parametrize(
        "point_est",
        [
            None,
            np.array([-1.0, 0.0, 1.0]),
            np.array([-3.0, -1.0, 0.0, 2.5]),
        ],
    )
    @pytest.mark.parametrize(("order", "noise"), CI_REGRESSION_CASES)
    def test_nns_reg_confidence_interval_matches_r(
        rng: np.random.Generator,
        relationship: str,
        confidence_interval: float,
        point_est: np.ndarray | None,
        order: int | None,
        noise: str,
    ) -> None:
        x, y = _relationship(relationship, 50, rng)
    
        expected = _r_nns_reg(
            x,
            y,
            order=order,
            noise=noise,
            point_est=point_est,
            confidence_interval=confidence_interval,
        )
        actual = nns_reg(
            x,
            y,
            order=order,
            noise_reduction=cast(NoiseReduction, noise),
            point_est=point_est,
            confidence_interval=confidence_interval,
        )
    
>       _assert_reg_matches(actual, expected)

tests/parity/test_regression.py:582: 
_ _ _ _ _ _ _ _ _ _ _ _ _ _ _ _ _ _ _ _ _ _ _ _ _ _ _ _ _ _ _ _ _ _ _ _ _ _ _ _ 
tests/parity/test_regression.py:938: in _assert_reg_matches
    _assert_scalar_or_empty(actual["R2"], expected["R2"], atol)
_ _ _ _ _ _ _ _ _ _ _ _ _ _ _ _ _ _ _ _ _ _ _ _ _ _ _ _ _ _ _ _ _ _ _ _ _ _ _ _ 

actual = 0.9997086030491225, expected = array(0.99950898), atol = 1e-10

    def _assert_scalar_or_empty(actual: object, expected: object, atol: float) -> None:
        """Compare a scalar metric, treating port ``None`` as R's empty (NULL)."""
        if actual is None:
            assert _array(expected).size == 0
        else:
>           np.testing.assert_allclose(actual, _array(expected), atol=atol)
E           AssertionError: 
E           Not equal to tolerance rtol=1e-07, atol=1e-10
E           
E           Mismatched elements: 1 / 1 (100%)
E           Max absolute difference among violations: 0.00019963
E           Max relative difference among violations: 0.00019973
E            ACTUAL: array(0.999709)
E            DESIRED: array(0.999509)

tests/parity/test_regression.py:1002: AssertionError
_ test_nns_reg_confidence_interval_matches_r[1-median-point_est2-0.8-quadratic] _
[gw0] linux -- Python 3.11.15 /opt/hostedtoolcache/Python/3.11.15/x64/bin/python

rng = Generator(PCG64) at 0x7FBB8FF27140, relationship = 'quadratic'
confidence_interval = 0.8, point_est = array([-3. , -1. ,  0. ,  2.5])
order = 1, noise = 'median'

    @pytest.mark.parity
    @pytest.mark.parametrize("relationship", ["linear", "quadratic", "sin"])
    @pytest.mark.parametrize("confidence_interval", [0.8, 0.95])
    @pytest.mark.parametrize(
        "point_est",
        [
            None,
            np.array([-1.0, 0.0, 1.0]),
            np.array([-3.0, -1.0, 0.0, 2.5]),
        ],
    )
    @pytest.mark.parametrize(("order", "noise"), CI_REGRESSION_CASES)
    def test_nns_reg_confidence_interval_matches_r(
        rng: np.random.Generator,
        relationship: str,
        confidence_interval: float,
        point_est: np.ndarray | None,
        order: int | None,
        noise: str,
    ) -> None:
        x, y = _relationship(relationship, 50, rng)
    
        expected = _r_nns_reg(
            x,
            y,
            order=order,
            noise=noise,
            point_est=point_est,
            confidence_interval=confidence_interval,
        )
        actual = nns_reg(
            x,
            y,
            order=order,
            noise_reduction=cast(NoiseReduction, noise),
            point_est=point_est,
            confidence_interval=confidence_interval,
        )
    
>       _assert_reg_matches(actual, expected)

tests/parity/test_regression.py:582: 
_ _ _ _ _ _ _ _ _ _ _ _ _ _ _ _ _ _ _ _ _ _ _ _ _ _ _ _ _ _ _ _ _ _ _ _ _ _ _ _ 
tests/parity/test_regression.py:938: in _assert_reg_matches
    _assert_scalar_or_empty(actual["R2"], expected["R2"], atol)
_ _ _ _ _ _ _ _ _ _ _ _ _ _ _ _ _ _ _ _ _ _ _ _ _ _ _ _ _ _ _ _ _ _ _ _ _ _ _ _ 

actual = 0.9378751500600236, expected = array(-0.01213672), atol = 1e-10

    def _assert_scalar_or_empty(actual: object, expected: object, atol: float) -> None:
        """Compare a scalar metric, treating port ``None`` as R's empty (NULL)."""
        if actual is None:
            assert _array(expected).size == 0
        else:
>           np.testing.assert_allclose(actual, _array(expected), atol=atol)
E           AssertionError: 
E           Not equal to tolerance rtol=1e-07, atol=1e-10
E           
E           Mismatched elements: 1 / 1 (100%)
E           Max absolute difference among violations: 0.95001187
E           Max relative difference among violations: 78.27581522
E            ACTUAL: array(0.937875)
E            DESIRED: array(-0.012137)

tests/parity/test_regression.py:1002: AssertionError
_ test_nns_reg_confidence_interval_matches_r[2-median-point_est2-0.95-quadratic] _
[gw2] linux -- Python 3.11.15 /opt/hostedtoolcache/Python/3.11.15/x64/bin/python

rng = Generator(PCG64) at 0x7F97EE8834C0, relationship = 'quadratic'
confidence_interval = 0.95, point_est = array([-3. , -1. ,  0. ,  2.5])
order = 2, noise = 'median'

    @pytest.mark.parity
    @pytest.mark.parametrize("relationship", ["linear", "quadratic", "sin"])
    @pytest.mark.parametrize("confidence_interval", [0.8, 0.95])
    @pytest.mark.parametrize(
        "point_est",
        [
            None,
            np.array([-1.0, 0.0, 1.0]),
            np.array([-3.0, -1.0, 0.0, 2.5]),
        ],
    )
    @pytest.mark.parametrize(("order", "noise"), CI_REGRESSION_CASES)
    def test_nns_reg_confidence_interval_matches_r(
        rng: np.random.Generator,
        relationship: str,
        confidence_interval: float,
        point_est: np.ndarray | None,
        order: int | None,
        noise: str,
    ) -> None:
        x, y = _relationship(relationship, 50, rng)
    
        expected = _r_nns_reg(
            x,
            y,
            order=order,
            noise=noise,
            point_est=point_est,
            confidence_interval=confidence_interval,
        )
        actual = nns_reg(
            x,
            y,
            order=order,
            noise_reduction=cast(NoiseReduction, noise),
            point_est=point_est,
            confidence_interval=confidence_interval,
        )
    
>       _assert_reg_matches(actual, expected)

tests/parity/test_regression.py:582: 
_ _ _ _ _ _ _ _ _ _ _ _ _ _ _ _ _ _ _ _ _ _ _ _ _ _ _ _ _ _ _ _ _ _ _ _ _ _ _ _ 
tests/parity/test_regression.py:938: in _assert_reg_matches
    _assert_scalar_or_empty(actual["R2"], expected["R2"], atol)
_ _ _ _ _ _ _ _ _ _ _ _ _ _ _ _ _ _ _ _ _ _ _ _ _ _ _ _ _ _ _ _ _ _ _ _ _ _ _ _ 

actual = 0.9483505678486229, expected = array(0.80255102), atol = 1e-10

    def _assert_scalar_or_empty(actual: object, expected: object, atol: float) -> None:
        """Compare a scalar metric, treating port ``None`` as R's empty (NULL)."""
        if actual is None:
            assert _array(expected).size == 0
        else:
>           np.testing.assert_allclose(actual, _array(expected), atol=atol)
E           AssertionError: 
E           Not equal to tolerance rtol=1e-07, atol=1e-10
E           
E           Mismatched elements: 1 / 1 (100%)
E           Max absolute difference among violations: 0.14579955
E           Max relative difference among violations: 0.18167013
E            ACTUAL: array(0.948351)
E            DESIRED: array(0.802551)

tests/parity/test_regression.py:1002: AssertionError
___ test_nns_reg_confidence_interval_matches_r[1-median-point_est2-0.8-sin] ____
[gw0] linux -- Python 3.11.15 /opt/hostedtoolcache/Python/3.11.15/x64/bin/python

rng = Generator(PCG64) at 0x7FBB8FF27300, relationship = 'sin'
confidence_interval = 0.8, point_est = array([-3. , -1. ,  0. ,  2.5])
order = 1, noise = 'median'

    @pytest.mark.parity
    @pytest.mark.parametrize("relationship", ["linear", "quadratic", "sin"])
    @pytest.mark.parametrize("confidence_interval", [0.8, 0.95])
    @pytest.mark.parametrize(
        "point_est",
        [
            None,
            np.array([-1.0, 0.0, 1.0]),
            np.array([-3.0, -1.0, 0.0, 2.5]),
        ],
    )
    @pytest.mark.parametrize(("order", "noise"), CI_REGRESSION_CASES)
    def test_nns_reg_confidence_interval_matches_r(
        rng: np.random.Generator,
        relationship: str,
        confidence_interval: float,
        point_est: np.ndarray | None,
        order: int | None,
        noise: str,
    ) -> None:
        x, y = _relationship(relationship, 50, rng)
    
        expected = _r_nns_reg(
            x,
            y,
            order=order,
            noise=noise,
            point_est=point_est,
            confidence_interval=confidence_interval,
        )
        actual = nns_reg(
            x,
            y,
            order=order,
            noise_reduction=cast(NoiseReduction, noise),
            point_est=point_est,
            confidence_interval=confidence_interval,
        )
    
>       _assert_reg_matches(actual, expected)

tests/parity/test_regression.py:582: 
_ _ _ _ _ _ _ _ _ _ _ _ _ _ _ _ _ _ _ _ _ _ _ _ _ _ _ _ _ _ _ _ _ _ _ _ _ _ _ _ 
tests/parity/test_regression.py:938: in _assert_reg_matches
    _assert_scalar_or_empty(actual["R2"], expected["R2"], atol)
_ _ _ _ _ _ _ _ _ _ _ _ _ _ _ _ _ _ _ _ _ _ _ _ _ _ _ _ _ _ _ _ _ _ _ _ _ _ _ _ 

actual = 0.9523361668629529, expected = array(0.8717489), atol = 1e-10

    def _assert_scalar_or_empty(actual: object, expected: object, atol: float) -> None:
        """Compare a scalar metric, treating port ``None`` as R's empty (NULL)."""
        if actual is None:
            assert _array(expected).size == 0
        else:
>           np.testing.assert_allclose(actual, _array(expected), atol=atol)
E           AssertionError: 
E           Not equal to tolerance rtol=1e-07, atol=1e-10
E           
E           Mismatched elements: 1 / 1 (100%)
E           Max absolute difference among violations: 0.08058727
E           Max relative difference among violations: 0.09244322
E            ACTUAL: array(0.952336)
E            DESIRED: array(0.871749)

tests/parity/test_regression.py:1002: AssertionError
_ test_nns_reg_confidence_interval_matches_r[1-median-point_est2-0.95-linear] __
[gw0] linux -- Python 3.11.15 /opt/hostedtoolcache/Python/3.11.15/x64/bin/python

rng = Generator(PCG64) at 0x7FBB8D458580, relationship = 'linear'
confidence_interval = 0.95, point_est = array([-3. , -1. ,  0. ,  2.5])
order = 1, noise = 'median'

    @pytest.mark.parity
    @pytest.mark.parametrize("relationship", ["linear", "quadratic", "sin"])
    @pytest.mark.parametrize("confidence_interval", [0.8, 0.95])
    @pytest.mark.parametrize(
        "point_est",
        [
            None,
            np.array([-1.0, 0.0, 1.0]),
            np.array([-3.0, -1.0, 0.0, 2.5]),
        ],
    )
    @pytest.mark.parametrize(("order", "noise"), CI_REGRESSION_CASES)
    def test_nns_reg_confidence_interval_matches_r(
        rng: np.random.Generator,
        relationship: str,
        confidence_interval: float,
        point_est: np.ndarray | None,
        order: int | None,
        noise: str,
    ) -> None:
        x, y = _relationship(relationship, 50, rng)
    
        expected = _r_nns_reg(
            x,
            y,
            order=order,
            noise=noise,
            point_est=point_est,
            confidence_interval=confidence_interval,
        )
        actual = nns_reg(
            x,
            y,
            order=order,
            noise_reduction=cast(NoiseReduction, noise),
            point_est=point_est,
            confidence_interval=confidence_interval,
        )
    
>       _assert_reg_matches(actual, expected)

tests/parity/test_regression.py:582: 
_ _ _ _ _ _ _ _ _ _ _ _ _ _ _ _ _ _ _ _ _ _ _ _ _ _ _ _ _ _ _ _ _ _ _ _ _ _ _ _ 
tests/parity/test_regression.py:938: in _assert_reg_matches
    _assert_scalar_or_empty(actual["R2"], expected["R2"], atol)
_ _ _ _ _ _ _ _ _ _ _ _ _ _ _ _ _ _ _ _ _ _ _ _ _ _ _ _ _ _ _ _ _ _ _ _ _ _ _ _ 

actual = 0.9997065717548522, expected = array(0.99952941), atol = 1e-10

    def _assert_scalar_or_empty(actual: object, expected: object, atol: float) -> None:
        """Compare a scalar metric, treating port ``None`` as R's empty (NULL)."""
        if actual is None:
            assert _array(expected).size == 0
        else:
>           np.testing.assert_allclose(actual, _array(expected), atol=atol)
E           AssertionError: 
E           Not equal to tolerance rtol=1e-07, atol=1e-10
E           
E           Mismatched elements: 1 / 1 (100%)
E           Max absolute difference among violations: 0.00017716
E           Max relative difference among violations: 0.00017724
E            ACTUAL: array(0.999707)
E            DESIRED: array(0.999529)

tests/parity/test_regression.py:1002: AssertionError
=============================== warnings summary ===============================
tests/parity/test_multivariate_regression.py::test_nns_m_reg_matches_r[50-2-linear-None-None-None-False-off]
tests/parity/test_multivariate_regression.py::test_nns_m_reg_matches_r[50-3-nonlinear-1-1-point_est1-False-off]
tests/parity/test_multivariate_regression.py::test_nns_m_reg_matches_r[200-3-mixed-2-2-None-False-mean]
tests/parity/test_multivariate_regression.py::test_nns_m_reg_matches_r[200-5-linear-max-None-None-False-median]
tests/parity/test_multivariate_regression.py::test_nns_m_reg_matches_r[50-2-nonlinear-1-1-point_est4-True-off]
  /home/runner/work/NNS-python/NNS-python/tests/parity/test_multivariate_regression.py:102: UserWarning: ncores: accepted for R NNS API compatibility but not implemented in NNS Python; ignored.
    actual = nns_m_reg(

tests/parity/test_multivariate_regression.py::test_nns_m_reg_confidence_interval_matches_r[2-0.8-None-None-None]
tests/parity/test_multivariate_regression.py::test_nns_m_reg_confidence_interval_matches_r[3-0.95-None-2-None]
tests/parity/test_multivariate_regression.py::test_nns_m_reg_confidence_interval_matches_r[2-0.95-1-1-point_est2]
tests/parity/test_multivariate_regression.py::test_nns_m_reg_confidence_interval_matches_r[3-0.8-2-2-point_est3]
  /home/runner/work/NNS-python/NNS-python/tests/parity/test_multivariate_regression.py:146: UserWarning: ncores: accepted for R NNS API compatibility but not implemented in NNS Python; ignored.
    actual = nns_m_reg(

tests/parity/test_multivariate_regression.py::test_nns_m_reg_classification_matches_r[2-classes0-point_est0-1-1]
tests/parity/test_multivariate_regression.py::test_nns_m_reg_classification_matches_r[2-classes0-point_est0-1-2]
tests/parity/test_multivariate_regression.py::test_nns_m_reg_classification_matches_r[3-classes1-point_est1-2-1]
tests/parity/test_multivariate_regression.py::test_nns_m_reg_classification_matches_r[3-classes1-point_est1-2-2]
  /home/runner/work/NNS-python/NNS-python/tests/parity/test_multivariate_regression.py:181: UserWarning: ncores: accepted for R NNS API compatibility but not implemented in NNS Python; ignored.
    actual = nns_m_reg(

tests/parity/test_multivariate_regression.py::test_nns_m_reg_class_confidence_interval_matches_r[2-classes0-point_est0-1-1]
tests/parity/test_multivariate_regression.py::test_nns_m_reg_class_confidence_interval_matches_r[2-classes0-point_est0-1-2]
tests/parity/test_multivariate_regression.py::test_nns_m_reg_class_confidence_interval_matches_r[3-classes1-point_est1-2-1]
tests/parity/test_multivariate_regression.py::test_nns_m_reg_class_confidence_interval_matches_r[3-classes1-point_est1-2-2]
  /home/runner/work/NNS-python/NNS-python/tests/parity/test_multivariate_regression.py:217: UserWarning: ncores: accepted for R NNS API compatibility but not implemented in NNS Python; ignored.
    actual = nns_m_reg(

tests/parity/test_arma.py::test_nns_arma_optim_matches_r[lin-only-oos-3-None-True]
tests/parity/test_arma.py::test_nns_arma_optim_matches_r[default-internal-None-32-False]
  /home/runner/work/NNS-python/NNS-python/tests/parity/test_arma.py:241: UserWarning: ncores: accepted for R NNS API compatibility but not implemented in NNS Python; ignored.
    actual = nns_arma_optim(

tests/parity/test_stack.py::test_nns_stack_factor_predictor_method2_factor_only_matches_r_fallback
  /home/runner/work/NNS-python/NNS-python/tests/parity/test_stack.py:133: UserWarning: Method 2 was removed because dimension reduction requires more than one original predictor.
    actual = nns_stack(

tests/parity/test_stack.py::test_nns_stack_factor_predictor_method12_factor_only_matches_r_fallback
  /home/runner/work/NNS-python/NNS-python/tests/parity/test_stack.py:167: UserWarning: Method 2 was removed because dimension reduction requires more than one original predictor.
    actual = nns_stack(

tests/parity/test_boost.py::test_nns_boost_balance_type_none_forces_class_path
  /home/runner/work/NNS-python/NNS-python/tests/parity/test_boost.py:867: UserWarning: type = 'CLASS' selected because balance = TRUE.
    actual = nns_boost(

-- Docs: https://docs.pytest.org/en/stable/how-to/capture-warnings.html
=========================== short test summary info ============================
SKIPPED [11] tests/parity/test_practical_examples.py:644: live-R-only practical example: Rscript is not available. These vignette-scale examples regenerate from installed R NNS on demand rather than from the committed offline cache, so they are intentionally skipped in cache-only/CI runs and are not part of ordinary cache-backed parity coverage.
FAILED tests/parity/test_regression.py::test_nns_reg_univariate_matches_r[None-off-None-random-1000] - AssertionError: 
Not equal to tolerance rtol=1e-07, atol=1e-10

Mismatched elements: 1 / 1 (100%)
Max absolute difference among violations: 0.01141085
Max relative difference among violations: 1.71573175
 ACTUAL: array(0.00476)
 DESIRED: array(-0.006651)
FAILED tests/parity/test_regression.py::test_nns_reg_univariate_matches_r[1-mean-None-linear-50] - AssertionError: 
Not equal to tolerance rtol=1e-07, atol=1e-10

Mismatched elements: 1 / 1 (100%)
Max absolute difference among violations: 6.45397606e-05
Max relative difference among violations: 6.45637021e-05
 ACTUAL: array(0.999694)
 DESIRED: array(0.999629)
FAILED tests/parity/test_regression.py::test_nns_reg_univariate_matches_r[1-mean-None-linear-200] - AssertionError: 
Not equal to tolerance rtol=1e-07, atol=1e-10

Mismatched elements: 1 / 1 (100%)
Max absolute difference among violations: 6.74581349e-05
Max relative difference among violations: 6.74838638e-05
 ACTUAL: array(0.999686)
 DESIRED: array(0.999619)
FAILED tests/parity/test_regression.py::test_nns_reg_univariate_matches_r[1-mean-None-quadratic-50] - AssertionError: 
Not equal to tolerance rtol=1e-07, atol=1e-10

Mismatched elements: 1 / 1 (100%)
Max absolute difference among violations: 1.2758565
Max relative difference among violations: 3.77493169
 ACTUAL: array(0.937875)
 DESIRED: array(-0.337981)
FAILED tests/parity/test_regression.py::test_nns_reg_univariate_matches_r[1-mean-None-quadratic-200] - AssertionError: 
Not equal to tolerance rtol=1e-07, atol=1e-10

Mismatched elements: 1 / 1 (100%)
Max absolute difference among violations: 1.33365587
Max relative difference among violations: 3.36669197
 ACTUAL: array(0.937523)
 DESIRED: array(-0.396132)
FAILED tests/parity/test_regression.py::test_nns_reg_univariate_matches_r[1-mean-None-quadratic-1000] - AssertionError: 
Not equal to tolerance rtol=1e-07, atol=1e-10

Mismatched elements: 1 / 1 (100%)
Max absolute difference among violations: 1.350013
Max relative difference among violations: 3.27266311
 ACTUAL: array(0.937501)
 DESIRED: array(-0.412512)
FAILED tests/parity/test_regression.py::test_nns_reg_univariate_matches_r[1-mean-None-sin-50] - AssertionError: 
Not equal to tolerance rtol=1e-07, atol=1e-10

Mismatched elements: 1 / 1 (100%)
Max absolute difference among violations: 0.08058727
Max relative difference among violations: 0.09244322
 ACTUAL: array(0.952336)
 DESIRED: array(0.871749)
FAILED tests/parity/test_regression.py::test_nns_reg_univariate_matches_r[1-mean-None-sin-200] - AssertionError: 
Not equal to tolerance rtol=1e-07, atol=1e-10

Mismatched elements: 1 / 1 (100%)
Max absolute difference among violations: 0.08637255
Max relative difference among violations: 0.09938543
 ACTUAL: array(0.955439)
 DESIRED: array(0.869067)
FAILED tests/parity/test_regression.py::test_nns_reg_mode_noise_reduction_matches_r[1-random-200] - AssertionError: 
Not equal to tolerance rtol=1e-07, atol=1e-10

Mismatched elements: 1 / 1 (100%)
Max absolute difference among violations: 0.02678741
Max relative difference among violations: 1.00425088
 ACTUAL: array(0.000113)
 DESIRED: array(-0.026674)
FAILED tests/parity/test_regression.py::test_nns_reg_univariate_matches_r[1-mean-None-sin-1000] - AssertionError: 
Not equal to tolerance rtol=1e-07, atol=1e-10

Mismatched elements: 1 / 1 (100%)
Max absolute difference among violations: 0.08792172
Max relative difference among violations: 0.10125293
 ACTUAL: array(0.956259)
 DESIRED: array(0.868338)
FAILED tests/parity/test_regression.py::test_nns_reg_mode_noise_reduction_matches_r[1-random-1000] - AssertionError: 
Not equal to tolerance rtol=1e-07, atol=1e-10

Mismatched elements: 1 / 1 (100%)
Max absolute difference among violations: 0.14472963
Max relative difference among violations: 1.00076399
 ACTUAL: array(0.00011)
 DESIRED: array(-0.144619)
FAILED tests/parity/test_regression.py::test_nns_reg_univariate_matches_r[1-mean-None-random-50] - AssertionError: 
Not equal to tolerance rtol=1e-07, atol=1e-10

Mismatched elements: 1 / 1 (100%)
Max absolute difference among violations: 0.08396481
Max relative difference among violations: 1.6729246
 ACTUAL: array(0.033774)
 DESIRED: array(-0.05019)
FAILED tests/parity/test_regression.py::test_nns_reg_mode_noise_reduction_matches_r[2-linear-50] - AssertionError: 
Not equal to tolerance rtol=1e-07, atol=1e-10

Mismatched elements: 1 / 1 (100%)
Max absolute difference among violations: 0.00876317
Max relative difference among violations: 0.00894241
 ACTUAL: array(0.98872)
 DESIRED: array(0.979957)
FAILED tests/parity/test_regression.py::test_nns_reg_univariate_matches_r[None-off-None-linear-50] - AssertionError: 
Not equal to tolerance rtol=1e-07, atol=1e-10

Mismatched elements: 1 / 1 (100%)
Max absolute difference among violations: 1.28128482e-05
Max relative difference among violations: 1.28155144e-05
 ACTUAL: array(0.999805)
 DESIRED: array(0.999792)
FAILED tests/parity/test_regression.py::test_nns_reg_univariate_matches_r[None-off-None-linear-200] - AssertionError: 
Not equal to tolerance rtol=1e-07, atol=1e-10

Mismatched elements: 1 / 1 (100%)
Max absolute difference among violations: 2.19999187e-06
Max relative difference among violations: 2.20038042e-06
 ACTUAL: array(0.999826)
 DESIRED: array(0.999823)
FAILED tests/parity/test_regression.py::test_nns_reg_mode_noise_reduction_matches_r[2-linear-200] - AssertionError: 
Not equal to tolerance rtol=1e-07, atol=1e-10

Mismatched elements: 1 / 1 (100%)
Max absolute difference among violations: 0.00983197
Max relative difference among violations: 0.01004175
 ACTUAL: array(0.988941)
 DESIRED: array(0.979109)
FAILED tests/parity/test_regression.py::test_nns_reg_univariate_matches_r[1-mean-None-random-200] - AssertionError: 
Not equal to tolerance rtol=1e-07, atol=1e-10

Mismatched elements: 1 / 1 (100%)
Max absolute difference among violations: 0.02301225
Max relative difference among violations: 1.01375897
 ACTUAL: array(0.000312)
 DESIRED: array(-0.0227)
FAILED tests/parity/test_regression.py::test_nns_reg_mode_noise_reduction_matches_r[2-linear-1000] - AssertionError: 
Not equal to tolerance rtol=1e-07, atol=1e-10

Mismatched elements: 1 / 1 (100%)
Max absolute difference among violations: 0.00927639
Max relative difference among violations: 0.00947211
 ACTUAL: array(0.988614)
 DESIRED: array(0.979337)
FAILED tests/parity/test_regression.py::test_nns_reg_univariate_matches_r[None-off-None-linear-1000] - AssertionError: 
Not equal to tolerance rtol=1e-07, atol=1e-10

Mismatched elements: 1 / 1 (100%)
Max absolute difference among violations: 6.64445558e-06
Max relative difference among violations: 6.6463127e-06
 ACTUAL: array(0.999727)
 DESIRED: array(0.999721)
FAILED tests/parity/test_regression.py::test_nns_reg_univariate_matches_r[1-mean-None-random-1000] - AssertionError: 
Not equal to tolerance rtol=1e-07, atol=1e-10

Mismatched elements: 1 / 1 (100%)
Max absolute difference among violations: 0.13837177
Max relative difference among violations: 1.00083557
 ACTUAL: array(0.000116)
 DESIRED: array(-0.138256)
FAILED tests/parity/test_regression.py::test_nns_reg_mode_noise_reduction_matches_r[2-quadratic-50] - AssertionError: 
Not equal to tolerance rtol=1e-07, atol=1e-10

Mismatched elements: 1 / 1 (100%)
Max absolute difference among violations: 0.08127521
Max relative difference among violations: 0.0931192
 ACTUAL: array(0.954083)
 DESIRED: array(0.872808)
FAILED tests/parity/test_regression.py::test_nns_reg_univariate_matches_r[None-off-None-quadratic-50] - AssertionError: 
Not equal to tolerance rtol=1e-07, atol=1e-10

Mismatched elements: 1 / 1 (100%)
Max absolute difference among violations: 0.00290371
Max relative difference among violations: 0.00295788
 ACTUAL: array(0.984587)
 DESIRED: array(0.981684)
FAILED tests/parity/test_regression.py::test_nns_reg_univariate_matches_r[2-median-point_est2-linear-50] - AssertionError: 
Not equal to tolerance rtol=1e-07, atol=1e-10

Mismatched elements: 1 / 1 (100%)
Max absolute difference among violations: 0.00019963
Max relative difference among violations: 0.00019973
 ACTUAL: array(0.999709)
 DESIRED: array(0.999509)
FAILED tests/parity/test_regression.py::test_nns_reg_mode_noise_reduction_matches_r[2-quadratic-200] - AssertionError: 
Not equal to tolerance rtol=1e-07, atol=1e-10

Mismatched elements: 1 / 1 (100%)
Max absolute difference among violations: 0.08762195
Max relative difference among violations: 0.10154945
 ACTUAL: array(0.950472)
 DESIRED: array(0.86285)
FAILED tests/parity/test_regression.py::test_nns_reg_univariate_matches_r[2-median-point_est2-linear-200] - AssertionError: 
Not equal to tolerance rtol=1e-07, atol=1e-10

Mismatched elements: 1 / 1 (100%)
Max absolute difference among violations: 0.00025802
Max relative difference among violations: 0.00025817
 ACTUAL: array(0.999694)
 DESIRED: array(0.999436)
FAILED tests/parity/test_regression.py::test_nns_reg_mode_noise_reduction_matches_r[2-quadratic-1000] - AssertionError: 
Not equal to tolerance rtol=1e-07, atol=1e-10

Mismatched elements: 1 / 1 (100%)
Max absolute difference among violations: 0.08939489
Max relative difference among violations: 0.1039383
 ACTUAL: array(0.949471)
 DESIRED: array(0.860076)
FAILED tests/parity/test_regression.py::test_nns_reg_mode_noise_reduction_matches_r[2-sin-50] - AssertionError: 
Not equal to tolerance rtol=1e-07, atol=1e-10

Mismatched elements: 1 / 1 (100%)
Max absolute difference among violations: 0.00064407
Max relative difference among violations: 0.00064783
 ACTUAL: array(0.99483)
 DESIRED: array(0.994186)
FAILED tests/parity/test_regression.py::test_nns_reg_univariate_matches_r[2-median-point_est2-linear-1000] - AssertionError: 
Not equal to tolerance rtol=1e-07, atol=1e-10

Mismatched elements: 1 / 1 (100%)
Max absolute difference among violations: 4.01319941e-07
Max relative difference among violations: 4.01442741e-07
 ACTUAL: array(0.999695)
 DESIRED: array(0.999694)
FAILED tests/parity/test_regression.py::test_nns_reg_univariate_matches_r[None-off-None-quadratic-200] - AssertionError: 
Not equal to tolerance rtol=1e-07, atol=1e-10

Mismatched elements: 1 / 1 (100%)
Max absolute difference among violations: 8.87839104e-05
Max relative difference among violations: 8.88021211e-05
 ACTUAL: array(0.999884)
 DESIRED: array(0.999795)
FAILED tests/parity/test_regression.py::test_nns_reg_mode_noise_reduction_matches_r[2-sin-200] - AssertionError: 
Not equal to tolerance rtol=1e-07, atol=1e-10

Mismatched elements: 1 / 1 (100%)
Max absolute difference among violations: 0.00066757
Max relative difference among violations: 0.00067157
 ACTUAL: array(0.994712)
 DESIRED: array(0.994044)
FAILED tests/parity/test_regression.py::test_nns_reg_univariate_matches_r[2-median-point_est2-quadratic-50] - AssertionError: 
Not equal to tolerance rtol=1e-07, atol=1e-10

Mismatched elements: 1 / 1 (100%)
Max absolute difference among violations: 0.14579955
Max relative difference among violations: 0.18167013
 ACTUAL: array(0.948351)
 DESIRED: array(0.802551)
FAILED tests/parity/test_regression.py::test_nns_reg_univariate_matches_r[None-off-None-quadratic-1000] - AssertionError: 
Not equal to tolerance rtol=1e-07, atol=1e-10

Mismatched elements: 1 / 1 (100%)
Max absolute difference among violations: 1.28074097e-05
Max relative difference among violations: 1.28077914e-05
 ACTUAL: array(0.999983)
 DESIRED: array(0.99997)
FAILED tests/parity/test_regression.py::test_nns_reg_mode_noise_reduction_matches_r[2-sin-1000] - AssertionError: 
Not equal to tolerance rtol=1e-07, atol=1e-10

Mismatched elements: 1 / 1 (100%)
Max absolute difference among violations: 0.00067468
Max relative difference among violations: 0.00067874
 ACTUAL: array(0.994685)
 DESIRED: array(0.99401)
FAILED tests/parity/test_regression.py::test_nns_reg_univariate_matches_r[2-median-point_est2-quadratic-200] - AssertionError: 
Not equal to tolerance rtol=1e-07, atol=1e-10

Mismatched elements: 1 / 1 (100%)
Max absolute difference among violations: 0.14795798
Max relative difference among violations: 0.18465245
 ACTUAL: array(0.949236)
 DESIRED: array(0.801278)
FAILED tests/parity/test_regression.py::test_nns_reg_univariate_matches_r[None-off-None-sin-50] - AssertionError: 
Not equal to tolerance rtol=1e-07, atol=1e-10

Mismatched elements: 1 / 1 (100%)
Max absolute difference among violations: 4.67837357e-05
Max relative difference among violations: 4.67905699e-05
 ACTUAL: array(0.999901)
 DESIRED: array(0.999854)
FAILED tests/parity/test_regression.py::test_nns_reg_mode_noise_reduction_matches_r[2-random-50] - AssertionError: 
Not equal to tolerance rtol=1e-07, atol=1e-10

Mismatched elements: 1 / 1 (100%)
Max absolute difference among violations: 0.08161393
Max relative difference among violations: 1.59181078
 ACTUAL: array(0.030343)
 DESIRED: array(-0.051271)
FAILED tests/parity/test_regression.py::test_nns_reg_univariate_matches_r[2-median-point_est2-quadratic-1000] - AssertionError: 
Not equal to tolerance rtol=1e-07, atol=1e-10

Mismatched elements: 1 / 1 (100%)
Max absolute difference among violations: 0.14832458
Max relative difference among violations: 0.18519856
 ACTUAL: array(0.949219)
 DESIRED: array(0.800895)
FAILED tests/parity/test_regression.py::test_nns_reg_univariate_matches_r[None-off-None-sin-200] - AssertionError: 
Not equal to tolerance rtol=1e-07, atol=1e-10

Mismatched elements: 1 / 1 (100%)
Max absolute difference among violations: 1.69537005e-06
Max relative difference among violations: 1.69539403e-06
 ACTUAL: array(0.999988)
 DESIRED: array(0.999986)
FAILED tests/parity/test_regression.py::test_nns_reg_mode_noise_reduction_matches_r[2-random-200] - AssertionError: 
Not equal to tolerance rtol=1e-07, atol=1e-10

Mismatched elements: 1 / 1 (100%)
Max absolute difference among violations: 0.01834451
Max relative difference among violations: 1.00629306
 ACTUAL: array(0.000115)
 DESIRED: array(-0.01823)
FAILED tests/parity/test_regression.py::test_nns_reg_univariate_matches_r[2-median-point_est2-sin-50] - AssertionError: 
Not equal to tolerance rtol=1e-07, atol=1e-10

Mismatched elements: 1 / 1 (100%)
Max absolute difference among violations: 0.00576354
Max relative difference among violations: 0.0058076
 ACTUAL: array(0.998178)
 DESIRED: array(0.992414)
FAILED tests/parity/test_regression.py::test_nns_reg_univariate_matches_r[None-off-None-sin-1000] - AssertionError: 
Not equal to tolerance rtol=1e-07, atol=1e-10

Mismatched elements: 1 / 1 (100%)
Max absolute difference among violations: 1.78571728e-07
Max relative difference among violations: 1.7857185e-07
 ACTUAL: array(0.999999)
 DESIRED: array(0.999999)
FAILED tests/parity/test_regression.py::test_nns_reg_univariate_matches_r[None-off-None-random-50] - AssertionError: 
Not equal to tolerance rtol=1e-07, atol=1e-10

Mismatched elements: 1 / 1 (100%)
Max absolute difference among violations: 0.00065591
Max relative difference among violations: 0.02021518
 ACTUAL: array(0.033103)
 DESIRED: array(0.032447)
FAILED tests/parity/test_regression.py::test_nns_reg_univariate_matches_r[2-median-point_est2-sin-200] - AssertionError: 
Not equal to tolerance rtol=1e-07, atol=1e-10

Mismatched elements: 1 / 1 (100%)
Max absolute difference among violations: 0.00636956
Max relative difference among violations: 0.00642122
 ACTUAL: array(0.998324)
 DESIRED: array(0.991955)
FAILED tests/parity/test_regression.py::test_nns_reg_univariate_matches_r[None-off-None-random-200] - AssertionError: 
Not equal to tolerance rtol=1e-07, atol=1e-10

Mismatched elements: 1 / 1 (100%)
Max absolute difference among violations: 0.05822035
Max relative difference among violations: 5.31087348
 ACTUAL: array(0.069183)
 DESIRED: array(0.010962)
FAILED tests/parity/test_regression.py::test_nns_reg_mode_noise_reduction_matches_r[2-random-1000] - AssertionError: 
Not equal to tolerance rtol=1e-07, atol=1e-10

Mismatched elements: 1 / 1 (100%)
Max absolute difference among violations: 0.06817082
Max relative difference among violations: 1.00446851
 ACTUAL: array(0.000303)
 DESIRED: array(-0.067868)
FAILED tests/parity/test_regression.py::test_nns_reg_mode_noise_reduction_matches_r[3-linear-50] - AssertionError: 
Not equal to tolerance rtol=1e-07, atol=1e-10

Mismatched elements: 1 / 1 (100%)
Max absolute difference among violations: 0.00943474
Max relative difference among violations: 0.00957318
 ACTUAL: array(0.994974)
 DESIRED: array(0.985539)
FAILED tests/parity/test_regression.py::test_nns_reg_univariate_matches_r[2-median-point_est2-sin-1000] - AssertionError: 
Not equal to tolerance rtol=1e-07, atol=1e-10

Mismatched elements: 1 / 1 (100%)
Max absolute difference among violations: 0.00651204
Max relative difference among violations: 0.00656569
 ACTUAL: array(0.998341)
 DESIRED: array(0.991829)
FAILED tests/parity/test_regression.py::test_nns_reg_mode_noise_reduction_matches_r[3-linear-200] - AssertionError: 
Not equal to tolerance rtol=1e-07, atol=1e-10

Mismatched elements: 1 / 1 (100%)
Max absolute difference among violations: 0.0857887
Max relative difference among violations: 0.09549279
 ACTUAL: array(0.984168)
 DESIRED: array(0.898379)
FAILED tests/parity/test_regression.py::test_nns_reg_mode_noise_reduction_matches_r[3-linear-1000] - AssertionError: 
Not equal to tolerance rtol=1e-07, atol=1e-10

Mismatched elements: 1 / 1 (100%)
Max absolute difference among violations: 0.0883484
Max relative difference among violations: 0.09852412
 ACTUAL: array(0.985067)
 DESIRED: array(0.896718)
FAILED tests/parity/test_regression.py::test_nns_reg_univariate_matches_r[2-median-point_est2-random-50] - AssertionError: 
Not equal to tolerance rtol=1e-07, atol=1e-10

Mismatched elements: 1 / 1 (100%)
Max absolute difference among violations: 0.04984343
Max relative difference among violations: 1.37295182
 ACTUAL: array(0.01354)
 DESIRED: array(-0.036304)
FAILED tests/parity/test_regression.py::test_nns_reg_mode_noise_reduction_matches_r[3-quadratic-50] - AssertionError: 
Not equal to tolerance rtol=1e-07, atol=1e-10

Mismatched elements: 1 / 1 (100%)
Max absolute difference among violations: 0.02090327
Max relative difference among violations: 0.02178685
 ACTUAL: array(0.980348)
 DESIRED: array(0.959444)
FAILED tests/parity/test_regression.py::test_nns_reg_small_smooth_fallback_matches_r - AssertionError: 
Not equal to tolerance rtol=1e-07, atol=1e-10

Mismatched elements: 1 / 1 (100%)
Max absolute difference among violations: 0.5
Max relative difference among violations: 1.
 ACTUAL: array(0.)
 DESIRED: array(-0.5)
FAILED tests/parity/test_regression.py::test_nns_reg_univariate_matches_r[2-median-point_est2-random-200] - AssertionError: 
Not equal to tolerance rtol=1e-07, atol=1e-10

Mismatched elements: 1 / 1 (100%)
Max absolute difference among violations: 0.01593119
Max relative difference among violations: 1.01160566
 ACTUAL: array(0.000183)
 DESIRED: array(-0.015748)
FAILED tests/parity/test_regression.py::test_nns_reg_mode_noise_reduction_matches_r[3-quadratic-200] - AssertionError: 
Not equal to tolerance rtol=1e-07, atol=1e-10

Mismatched elements: 1 / 1 (100%)
Max absolute difference among violations: 0.00480042
Max relative difference among violations: 0.00484192
 ACTUAL: array(0.996229)
 DESIRED: array(0.991428)
FAILED tests/parity/test_regression.py::test_nns_reg_univariate_matches_r[2-median-point_est2-random-1000] - AssertionError: 
Not equal to tolerance rtol=1e-07, atol=1e-10

Mismatched elements: 1 / 1 (100%)
Max absolute difference among violations: 0.06919784
Max relative difference among violations: 1.00431889
 ACTUAL: array(0.000298)
 DESIRED: array(-0.0689)
FAILED tests/parity/test_regression.py::test_nns_reg_spline_eligible_smooth_matches_r - AssertionError: 
Not equal to tolerance rtol=1e-07, atol=5e-05

Mismatched elements: 1 / 1 (100%)
Max absolute difference among violations: 0.1473532
Max relative difference among violations: 0.20595442
 ACTUAL: array(0.862818)
 DESIRED: array(0.715465)
FAILED tests/parity/test_regression.py::test_nns_reg_mode_noise_reduction_matches_r[3-quadratic-1000] - AssertionError: 
Not equal to tolerance rtol=1e-07, atol=1e-10

Mismatched elements: 1 / 1 (100%)
Max absolute difference among violations: 0.00490846
Max relative difference among violations: 0.00495177
 ACTUAL: array(0.996163)
 DESIRED: array(0.991255)
FAILED tests/parity/test_regression.py::test_nns_reg_dimred_smooth_matches_r - AssertionError: 
Not equal to tolerance rtol=1e-07, atol=5e-05

Mismatched elements: 1 / 1 (100%)
Max absolute difference among violations: 0.01702603
Max relative difference among violations: 0.02282985
 ACTUAL: array(0.762806)
 DESIRED: array(0.74578)
FAILED tests/parity/test_regression.py::test_nns_reg_mode_noise_reduction_matches_r[3-sin-50] - AssertionError: 
Not equal to tolerance rtol=1e-07, atol=1e-10

Mismatched elements: 1 / 1 (100%)
Max absolute difference among violations: 0.01885716
Max relative difference among violations: 0.01943474
 ACTUAL: array(0.989139)
 DESIRED: array(0.970282)
FAILED tests/parity/test_regression.py::test_nns_reg_mode_noise_reduction_matches_r[3-sin-200] - AssertionError: 
Not equal to tolerance rtol=1e-07, atol=1e-10

Mismatched elements: 1 / 1 (100%)
Max absolute difference among violations: 0.01586489
Max relative difference among violations: 0.0181993
 ACTUAL: array(0.887596)
 DESIRED: array(0.871731)
FAILED tests/parity/test_regression.py::test_nns_reg_mode_noise_reduction_matches_r[3-sin-1000] - AssertionError: 
Not equal to tolerance rtol=1e-07, atol=1e-10

Mismatched elements: 1 / 1 (100%)
Max absolute difference among violations: 0.01609132
Max relative difference among violations: 0.0184744
 ACTUAL: array(0.887097)
 DESIRED: array(0.871006)
FAILED tests/parity/test_regression.py::test_nns_reg_mode_noise_reduction_matches_r[None-linear-50] - AssertionError: 
Not equal to tolerance rtol=1e-07, atol=1e-10

Mismatched elements: 1 / 1 (100%)
Max absolute difference among violations: 0.00432107
Max relative difference among violations: 0.00440043
 ACTUAL: array(0.986287)
 DESIRED: array(0.981966)
FAILED tests/parity/test_regression.py::test_nns_reg_mode_noise_reduction_matches_r[5-quadratic-50] - AssertionError: 
Not equal to tolerance rtol=1e-07, atol=1e-10

Mismatched elements: 1 / 1 (100%)
Max absolute difference among violations: 0.01316881
Max relative difference among violations: 0.0138915
 ACTUAL: array(0.961145)
 DESIRED: array(0.947976)
FAILED tests/parity/test_regression.py::test_nns_reg_mode_noise_reduction_matches_r[None-linear-200] - AssertionError: 
Not equal to tolerance rtol=1e-07, atol=1e-10

Mismatched elements: 1 / 1 (100%)
Max absolute difference among violations: 0.00520661
Max relative difference among violations: 0.00530569
 ACTUAL: array(0.986533)
 DESIRED: array(0.981326)
FAILED tests/parity/test_regression.py::test_nns_reg_mode_noise_reduction_matches_r[5-quadratic-200] - AssertionError: 
Not equal to tolerance rtol=1e-07, atol=1e-10

Mismatched elements: 1 / 1 (100%)
Max absolute difference among violations: 0.08150567
Max relative difference among violations: 0.09185954
 ACTUAL: array(0.968792)
 DESIRED: array(0.887286)
FAILED tests/parity/test_regression.py::test_nns_reg_mode_noise_reduction_matches_r[3-random-50] - AssertionError: 
Not equal to tolerance rtol=1e-07, atol=1e-10

Mismatched elements: 1 / 1 (100%)
Max absolute difference among violations: 0.00839697
Max relative difference among violations: 1.03033888
 ACTUAL: array(0.000247)
 DESIRED: array(-0.00815)
FAILED tests/parity/test_regression.py::test_nns_reg_mode_noise_reduction_matches_r[5-quadratic-1000] - AssertionError: 
Not equal to tolerance rtol=1e-07, atol=1e-10

Mismatched elements: 1 / 1 (100%)
Max absolute difference among violations: 0.08335597
Max relative difference among violations: 0.09413724
 ACTUAL: array(0.968829)
 DESIRED: array(0.885473)
FAILED tests/parity/test_regression.py::test_nns_reg_mode_noise_reduction_matches_r[None-linear-1000] - AssertionError: 
Not equal to tolerance rtol=1e-07, atol=1e-10

Mismatched elements: 1 / 1 (100%)
Max absolute difference among violations: 0.00512607
Max relative difference among violations: 0.00522405
 ACTUAL: array(0.986371)
 DESIRED: array(0.981245)
FAILED tests/parity/test_regression.py::test_nns_reg_mode_noise_reduction_matches_r[3-random-200] - AssertionError: 
Not equal to tolerance rtol=1e-07, atol=1e-10

Mismatched elements: 1 / 1 (100%)
Max absolute difference among violations: 0.01743592
Max relative difference among violations: 1.11469179
 ACTUAL: array(0.001794)
 DESIRED: array(-0.015642)
FAILED tests/parity/test_regression.py::test_nns_reg_mode_noise_reduction_matches_r[5-sin-50] - AssertionError: 
Not equal to tolerance rtol=1e-07, atol=1e-10

Mismatched elements: 1 / 1 (100%)
Max absolute difference among violations: 0.00185842
Max relative difference among violations: 0.00186852
 ACTUAL: array(0.996453)
 DESIRED: array(0.994594)
FAILED tests/parity/test_regression.py::test_nns_reg_mode_noise_reduction_matches_r[None-quadratic-50] - AssertionError: 
Not equal to tolerance rtol=1e-07, atol=1e-10

Mismatched elements: 1 / 1 (100%)
Max absolute difference among violations: 0.01493878
Max relative difference among violations: 0.01583357
 ACTUAL: array(0.958426)
 DESIRED: array(0.943488)
FAILED tests/parity/test_regression.py::test_nns_reg_mode_noise_reduction_matches_r[3-random-1000] - AssertionError: 
Not equal to tolerance rtol=1e-07, atol=1e-10

Mismatched elements: 1 / 1 (100%)
Max absolute difference among violations: 0.02703736
Max relative difference among violations: 1.05600301
 ACTUAL: array(0.001434)
 DESIRED: array(-0.025603)
FAILED tests/parity/test_regression.py::test_nns_reg_mode_noise_reduction_matches_r[5-sin-200] - AssertionError: 
Not equal to tolerance rtol=1e-07, atol=1e-10

Mismatched elements: 1 / 1 (100%)
Max absolute difference among violations: 0.00183763
Max relative difference among violations: 0.00184773
 ACTUAL: array(0.996367)
 DESIRED: array(0.99453)
FAILED tests/parity/test_regression.py::test_nns_reg_mode_noise_reduction_matches_r[None-quadratic-200] - AssertionError: 
Not equal to tolerance rtol=1e-07, atol=1e-10

Mismatched elements: 1 / 1 (100%)
Max absolute difference among violations: 0.08150567
Max relative difference among violations: 0.09185954
 ACTUAL: array(0.968792)
 DESIRED: array(0.887286)
FAILED tests/parity/test_regression.py::test_nns_reg_mode_noise_reduction_matches_r[5-linear-50] - AssertionError: 
Not equal to tolerance rtol=1e-07, atol=1e-10

Mismatched elements: 1 / 1 (100%)
Max absolute difference among violations: 0.00432107
Max relative difference among violations: 0.00440043
 ACTUAL: array(0.986287)
 DESIRED: array(0.981966)
FAILED tests/parity/test_regression.py::test_nns_reg_mode_noise_reduction_matches_r[5-sin-1000] - AssertionError: 
Not equal to tolerance rtol=1e-07, atol=1e-10

Mismatched elements: 1 / 1 (100%)
Max absolute difference among violations: 0.00183374
Max relative difference among violations: 0.00184386
 ACTUAL: array(0.996347)
 DESIRED: array(0.994513)
FAILED tests/parity/test_regression.py::test_nns_reg_mode_noise_reduction_matches_r[5-linear-200] - AssertionError: 
Not equal to tolerance rtol=1e-07, atol=1e-10

Mismatched elements: 1 / 1 (100%)
Max absolute difference among violations: 0.00520661
Max relative difference among violations: 0.00530569
 ACTUAL: array(0.986533)
 DESIRED: array(0.981326)
FAILED tests/parity/test_regression.py::test_nns_reg_mode_noise_reduction_matches_r[None-quadratic-1000] - AssertionError: 
Not equal to tolerance rtol=1e-07, atol=1e-10

Mismatched elements: 1 / 1 (100%)
Max absolute difference among violations: 0.08335597
Max relative difference among violations: 0.09413724
 ACTUAL: array(0.968829)
 DESIRED: array(0.885473)
FAILED tests/parity/test_regression.py::test_nns_reg_mode_noise_reduction_matches_r[5-linear-1000] - AssertionError: 
Not equal to tolerance rtol=1e-07, atol=1e-10

Mismatched elements: 1 / 1 (100%)
Max absolute difference among violations: 0.00512607
Max relative difference among violations: 0.00522405
 ACTUAL: array(0.986371)
 DESIRED: array(0.981245)
FAILED tests/parity/test_regression.py::test_nns_reg_mode_noise_reduction_matches_r[None-sin-50] - AssertionError: 
Not equal to tolerance rtol=1e-07, atol=1e-10

Mismatched elements: 1 / 1 (100%)
Max absolute difference among violations: 0.00185842
Max relative difference among violations: 0.00186852
 ACTUAL: array(0.996453)
 DESIRED: array(0.994594)
FAILED tests/parity/test_regression.py::test_nns_reg_mode_noise_reduction_matches_r[5-random-50] - AssertionError: 
Not equal to tolerance rtol=1e-07, atol=1e-10

Mismatched elements: 1 / 1 (100%)
Max absolute difference among violations: 0.00787211
Max relative difference among violations: 1.09654224
 ACTUAL: array(0.000693)
 DESIRED: array(-0.007179)
FAILED tests/parity/test_regression.py::test_nns_reg_dim_red_degenerate_equal_projection_matches_r - AssertionError: 
Not equal to tolerance rtol=1e-07, atol=1e-10

Mismatched elements: 1 / 1 (100%)
Max absolute difference among violations: 0.05113636
Max relative difference among violations: 1.
 ACTUAL: array(0.)
 DESIRED: array(-0.051136)
FAILED tests/parity/test_regression.py::test_nns_reg_mode_noise_reduction_matches_r[None-sin-200] - AssertionError: 
Not equal to tolerance rtol=1e-07, atol=1e-10

Mismatched elements: 1 / 1 (100%)
Max absolute difference among violations: 0.00183763
Max relative difference among violations: 0.00184773
 ACTUAL: array(0.996367)
 DESIRED: array(0.99453)
FAILED tests/parity/test_regression.py::test_nns_reg_mode_noise_reduction_matches_r[5-random-200] - AssertionError: 
Not equal to tolerance rtol=1e-07, atol=1e-10

Mismatched elements: 1 / 1 (100%)
Max absolute difference among violations: 0.01635709
Max relative difference among violations: 1.00021569
 ACTUAL: array(3.527373e-06)
 DESIRED: array(-0.016354)
FAILED tests/parity/test_regression.py::test_nns_reg_factor_predictor_dim_red_matches_r[equal] - AssertionError: 
Not equal to tolerance rtol=1e-07, atol=0.05

Mismatched elements: 1 / 1 (100%)
Max absolute difference among violations: 0.05593386
Max relative difference among violations: 0.18982817
 ACTUAL: array(0.350589)
 DESIRED: array(0.294655)
FAILED tests/parity/test_regression.py::test_nns_reg_factor_predictor_dim_red_matches_r[NNS.dep] - AssertionError: 
Not equal to tolerance rtol=1e-07, atol=0.05

Mismatched elements: 1 / 1 (100%)
Max absolute difference among violations: 0.15843974
Max relative difference among violations: 0.84002677
 ACTUAL: array(0.347052)
 DESIRED: array(0.188613)
FAILED tests/parity/test_regression.py::test_nns_reg_mode_noise_reduction_matches_r[None-sin-1000] - AssertionError: 
Not equal to tolerance rtol=1e-07, atol=1e-10

Mismatched elements: 1 / 1 (100%)
Max absolute difference among violations: 0.00183374
Max relative difference among violations: 0.00184386
 ACTUAL: array(0.996347)
 DESIRED: array(0.994513)
FAILED tests/parity/test_regression.py::test_nns_reg_mode_noise_reduction_matches_r[5-random-1000] - AssertionError: 
Not equal to tolerance rtol=1e-07, atol=1e-10

Mismatched elements: 1 / 1 (100%)
Max absolute difference among violations: 0.01814165
Max relative difference among violations: 1.01700082
 ACTUAL: array(0.000303)
 DESIRED: array(-0.017838)
FAILED tests/parity/test_regression.py::test_nns_reg_confidence_interval_matches_r[None-off-None-0.8-linear] - AssertionError: 
Not equal to tolerance rtol=1e-07, atol=1e-10

Mismatched elements: 1 / 1 (100%)
Max absolute difference among violations: 1.28128482e-05
Max relative difference among violations: 1.28155144e-05
 ACTUAL: array(0.999805)
 DESIRED: array(0.999792)
FAILED tests/parity/test_regression.py::test_nns_reg_mode_noise_reduction_matches_r[None-random-50] - AssertionError: 
Not equal to tolerance rtol=1e-07, atol=1e-10

Mismatched elements: 1 / 1 (100%)
Max absolute difference among violations: 0.00839697
Max relative difference among violations: 1.03033888
 ACTUAL: array(0.000247)
 DESIRED: array(-0.00815)
FAILED tests/parity/test_regression.py::test_nns_reg_mean_out_of_range_point_est_matches_r[point_est0-50] - AssertionError: 
Not equal to tolerance rtol=1e-07, atol=1e-10

Mismatched elements: 1 / 1 (100%)
Max absolute difference among violations: 0.08058727
Max relative difference among violations: 0.09244322
 ACTUAL: array(0.952336)
 DESIRED: array(0.871749)
FAILED tests/parity/test_regression.py::test_nns_reg_mean_out_of_range_point_est_matches_r[point_est0-200] - AssertionError: 
Not equal to tolerance rtol=1e-07, atol=1e-10

Mismatched elements: 1 / 1 (100%)
Max absolute difference among violations: 0.08637255
Max relative difference among violations: 0.09938543
 ACTUAL: array(0.955439)
 DESIRED: array(0.869067)
FAILED tests/parity/test_regression.py::test_nns_reg_mean_out_of_range_point_est_matches_r[point_est0-1000] - AssertionError: 
Not equal to tolerance rtol=1e-07, atol=1e-10

Mismatched elements: 1 / 1 (100%)
Max absolute difference among violations: 0.08792172
Max relative difference among violations: 0.10125293
 ACTUAL: array(0.956259)
 DESIRED: array(0.868338)
FAILED tests/parity/test_regression.py::test_nns_reg_confidence_interval_matches_r[None-off-None-0.8-quadratic] - AssertionError: 
Not equal to tolerance rtol=1e-07, atol=1e-10

Mismatched elements: 1 / 1 (100%)
Max absolute difference among violations: 0.00290371
Max relative difference among violations: 0.00295788
 ACTUAL: array(0.984587)
 DESIRED: array(0.981684)
FAILED tests/parity/test_regression.py::test_nns_reg_mode_noise_reduction_matches_r[None-random-200] - AssertionError: 
Not equal to tolerance rtol=1e-07, atol=1e-10

Mismatched elements: 1 / 1 (100%)
Max absolute difference among violations: 0.01635709
Max relative difference among violations: 1.00021569
 ACTUAL: array(3.527373e-06)
 DESIRED: array(-0.016354)
FAILED tests/parity/test_regression.py::test_nns_reg_mean_out_of_range_point_est_matches_r[point_est1-50] - AssertionError: 
Not equal to tolerance rtol=1e-07, atol=1e-10

Mismatched elements: 1 / 1 (100%)
Max absolute difference among violations: 0.08058727
Max relative difference among violations: 0.09244322
 ACTUAL: array(0.952336)
 DESIRED: array(0.871749)
FAILED tests/parity/test_regression.py::test_nns_reg_confidence_interval_matches_r[None-off-None-0.8-sin] - AssertionError: 
Not equal to tolerance rtol=1e-07, atol=1e-10

Mismatched elements: 1 / 1 (100%)
Max absolute difference among violations: 4.67837357e-05
Max relative difference among violations: 4.67905699e-05
 ACTUAL: array(0.999901)
 DESIRED: array(0.999854)
FAILED tests/parity/test_regression.py::test_nns_reg_confidence_interval_matches_r[None-off-None-0.95-linear] - AssertionError: 
Not equal to tolerance rtol=1e-07, atol=1e-10

Mismatched elements: 1 / 1 (100%)
Max absolute difference among violations: 1.28128482e-05
Max relative difference among violations: 1.28155144e-05
 ACTUAL: array(0.999805)
 DESIRED: array(0.999792)
FAILED tests/parity/test_regression.py::test_nns_reg_mode_noise_reduction_matches_r[None-random-1000] - AssertionError: 
Not equal to tolerance rtol=1e-07, atol=1e-10

Mismatched elements: 1 / 1 (100%)
Max absolute difference among violations: 0.01814165
Max relative difference among violations: 1.01700082
 ACTUAL: array(0.000303)
 DESIRED: array(-0.017838)
FAILED tests/parity/test_regression.py::test_nns_reg_mean_out_of_range_point_est_matches_r[point_est1-200] - AssertionError: 
Not equal to tolerance rtol=1e-07, atol=1e-10

Mismatched elements: 1 / 1 (100%)
Max absolute difference among violations: 0.08637255
Max relative difference among violations: 0.09938543
 ACTUAL: array(0.955439)
 DESIRED: array(0.869067)
FAILED tests/parity/test_regression.py::test_nns_reg_confidence_interval_matches_r[None-off-None-0.95-quadratic] - AssertionError: 
Not equal to tolerance rtol=1e-07, atol=1e-10

Mismatched elements: 1 / 1 (100%)
Max absolute difference among violations: 0.00290371
Max relative difference among violations: 0.00295788
 ACTUAL: array(0.984587)
 DESIRED: array(0.981684)
FAILED tests/parity/test_regression.py::test_nns_reg_mode_noise_reduction_matches_r[1-linear-50] - AssertionError: 
Not equal to tolerance rtol=1e-07, atol=1e-10

Mismatched elements: 1 / 1 (100%)
Max absolute difference among violations: 6.50050975e-05
Max relative difference among violations: 6.50292309e-05
 ACTUAL: array(0.999694)
 DESIRED: array(0.999629)
FAILED tests/parity/test_regression.py::test_nns_reg_mean_out_of_range_point_est_matches_r[point_est1-1000] - AssertionError: 
Not equal to tolerance rtol=1e-07, atol=1e-10

Mismatched elements: 1 / 1 (100%)
Max absolute difference among violations: 0.08792172
Max relative difference among violations: 0.10125293
 ACTUAL: array(0.956259)
 DESIRED: array(0.868338)
FAILED tests/parity/test_regression.py::test_nns_reg_confidence_interval_matches_r[None-off-None-0.95-sin] - AssertionError: 
Not equal to tolerance rtol=1e-07, atol=1e-10

Mismatched elements: 1 / 1 (100%)
Max absolute difference among violations: 4.67837357e-05
Max relative difference among violations: 4.67905699e-05
 ACTUAL: array(0.999901)
 DESIRED: array(0.999854)
FAILED tests/parity/test_regression.py::test_nns_reg_mode_noise_reduction_matches_r[1-linear-200] - AssertionError: 
Not equal to tolerance rtol=1e-07, atol=1e-10

Mismatched elements: 1 / 1 (100%)
Max absolute difference among violations: 0.09780891
Max relative difference among violations: 0.1121991
 ACTUAL: array(0.969553)
 DESIRED: array(0.871744)
FAILED tests/parity/test_regression.py::test_nns_reg_mean_out_of_range_point_est_matches_r[point_est2-50] - AssertionError: 
Not equal to tolerance rtol=1e-07, atol=1e-10

Mismatched elements: 1 / 1 (100%)
Max absolute difference among violations: 0.08058727
Max relative difference among violations: 0.09244322
 ACTUAL: array(0.952336)
 DESIRED: array(0.871749)
FAILED tests/parity/test_regression.py::test_nns_reg_confidence_interval_matches_r[None-off-point_est1-0.8-linear] - AssertionError: 
Not equal to tolerance rtol=1e-07, atol=1e-10

Mismatched elements: 1 / 1 (100%)
Max absolute difference among violations: 1.28128482e-05
Max relative difference among violations: 1.28155144e-05
 ACTUAL: array(0.999805)
 DESIRED: array(0.999792)
FAILED tests/parity/test_regression.py::test_nns_reg_confidence_interval_matches_r[None-off-point_est1-0.8-quadratic] - AssertionError: 
Not equal to tolerance rtol=1e-07, atol=1e-10

Mismatched elements: 1 / 1 (100%)
Max absolute difference among violations: 0.00290371
Max relative difference among violations: 0.00295788
 ACTUAL: array(0.984587)
 DESIRED: array(0.981684)
FAILED tests/parity/test_regression.py::test_nns_reg_mode_noise_reduction_matches_r[1-quadratic-50] - AssertionError: 
Not equal to tolerance rtol=1e-07, atol=1e-10

Mismatched elements: 1 / 1 (100%)
Max absolute difference among violations: 0.27752447
Max relative difference among violations: 0.42026832
 ACTUAL: array(0.937875)
 DESIRED: array(0.660351)
FAILED tests/parity/test_regression.py::test_nns_reg_mean_out_of_range_point_est_matches_r[point_est2-200] - AssertionError: 
Not equal to tolerance rtol=1e-07, atol=1e-10

Mismatched elements: 1 / 1 (100%)
Max absolute difference among violations: 0.08637255
Max relative difference among violations: 0.09938543
 ACTUAL: array(0.955439)
 DESIRED: array(0.869067)
FAILED tests/parity/test_regression.py::test_nns_reg_mode_noise_reduction_matches_r[1-quadratic-200] - AssertionError: 
Not equal to tolerance rtol=1e-07, atol=1e-10

Mismatched elements: 1 / 1 (100%)
Max absolute difference among violations: 0.30328744
Max relative difference among violations: 0.47819336
 ACTUAL: array(0.937523)
 DESIRED: array(0.634236)
FAILED tests/parity/test_regression.py::test_nns_reg_confidence_interval_matches_r[None-off-point_est1-0.8-sin] - AssertionError: 
Not equal to tolerance rtol=1e-07, atol=1e-10

Mismatched elements: 1 / 1 (100%)
Max absolute difference among violations: 4.67837357e-05
Max relative difference among violations: 4.67905699e-05
 ACTUAL: array(0.999901)
 DESIRED: array(0.999854)
FAILED tests/parity/test_regression.py::test_nns_reg_confidence_interval_matches_r[None-off-point_est1-0.95-linear] - AssertionError: 
Not equal to tolerance rtol=1e-07, atol=1e-10

Mismatched elements: 1 / 1 (100%)
Max absolute difference among violations: 1.28128482e-05
Max relative difference among violations: 1.28155144e-05
 ACTUAL: array(0.999805)
 DESIRED: array(0.999792)
FAILED tests/parity/test_regression.py::test_nns_reg_mode_noise_reduction_matches_r[1-quadratic-1000] - AssertionError: 
Not equal to tolerance rtol=1e-07, atol=1e-10

Mismatched elements: 1 / 1 (100%)
Max absolute difference among violations: 0.31063155
Max relative difference among violations: 0.49552834
 ACTUAL: array(0.937501)
 DESIRED: array(0.626869)
FAILED tests/parity/test_regression.py::test_nns_reg_confidence_interval_matches_r[None-off-point_est1-0.95-quadratic] - AssertionError: 
Not equal to tolerance rtol=1e-07, atol=1e-10

Mismatched elements: 1 / 1 (100%)
Max absolute difference among violations: 0.00290371
Max relative difference among violations: 0.00295788
 ACTUAL: array(0.984587)
 DESIRED: array(0.981684)
FAILED tests/parity/test_regression.py::test_nns_reg_mode_noise_reduction_matches_r[1-sin-50] - AssertionError: 
Not equal to tolerance rtol=1e-07, atol=1e-10

Mismatched elements: 1 / 1 (100%)
Max absolute difference among violations: 0.08058727
Max relative difference among violations: 0.09244322
 ACTUAL: array(0.952336)
 DESIRED: array(0.871749)
FAILED tests/parity/test_regression.py::test_nns_reg_mean_out_of_range_point_est_matches_r[point_est2-1000] - AssertionError: 
Not equal to tolerance rtol=1e-07, atol=1e-10

Mismatched elements: 1 / 1 (100%)
Max absolute difference among violations: 0.08792172
Max relative difference among violations: 0.10125293
 ACTUAL: array(0.956259)
 DESIRED: array(0.868338)
FAILED tests/parity/test_regression.py::test_nns_reg_mode_noise_reduction_matches_r[1-sin-200] - AssertionError: 
Not equal to tolerance rtol=1e-07, atol=1e-10

Mismatched elements: 1 / 1 (100%)
Max absolute difference among violations: 0.08637255
Max relative difference among violations: 0.09938543
 ACTUAL: array(0.955439)
 DESIRED: array(0.869067)
FAILED tests/parity/test_regression.py::test_nns_reg_dim_red_matches_r[cor] - AssertionError: 
Not equal to tolerance rtol=1e-07, atol=1e-10

Mismatched elements: 1 / 1 (100%)
Max absolute difference among violations: 0.0028508
Max relative difference among violations: 0.00286185
 ACTUAL: array(0.998987)
 DESIRED: array(0.996136)
FAILED tests/parity/test_regression.py::test_nns_reg_mode_noise_reduction_matches_r[1-sin-1000] - AssertionError: 
Not equal to tolerance rtol=1e-07, atol=1e-10

Mismatched elements: 1 / 1 (100%)
Max absolute difference among violations: 0.08792172
Max relative difference among violations: 0.10125293
 ACTUAL: array(0.956259)
 DESIRED: array(0.868338)
FAILED tests/parity/test_regression.py::test_nns_reg_dim_red_matches_r[NNS.dep] - AssertionError: 
Not equal to tolerance rtol=1e-07, atol=1e-10

Mismatched elements: 1 / 1 (100%)
Max absolute difference among violations: 0.00669086
Max relative difference among violations: 0.00684069
 ACTUAL: array(0.984789)
 DESIRED: array(0.978098)
FAILED tests/parity/test_regression.py::test_nns_reg_confidence_interval_matches_r[None-off-point_est1-0.95-sin] - AssertionError: 
Not equal to tolerance rtol=1e-07, atol=1e-10

Mismatched elements: 1 / 1 (100%)
Max absolute difference among violations: 4.67837357e-05
Max relative difference among violations: 4.67905699e-05
 ACTUAL: array(0.999901)
 DESIRED: array(0.999854)
FAILED tests/parity/test_regression.py::test_nns_reg_confidence_interval_matches_r[None-off-point_est2-0.8-linear] - AssertionError: 
Not equal to tolerance rtol=1e-07, atol=1e-10

Mismatched elements: 1 / 1 (100%)
Max absolute difference among violations: 1.28128482e-05
Max relative difference among violations: 1.28155144e-05
 ACTUAL: array(0.999805)
 DESIRED: array(0.999792)
FAILED tests/parity/test_regression.py::test_nns_reg_dim_red_matches_r[all] - AssertionError: 
Not equal to tolerance rtol=1e-07, atol=1e-10

Mismatched elements: 1 / 1 (100%)
Max absolute difference among violations: 0.00508004
Max relative difference among violations: 0.00519534
 ACTUAL: array(0.982888)
 DESIRED: array(0.977808)
FAILED tests/parity/test_regression.py::test_nns_reg_confidence_interval_matches_r[None-off-point_est2-0.8-quadratic] - AssertionError: 
Not equal to tolerance rtol=1e-07, atol=1e-10

Mismatched elements: 1 / 1 (100%)
Max absolute difference among violations: 0.00290371
Max relative difference among violations: 0.00295788
 ACTUAL: array(0.984587)
 DESIRED: array(0.981684)
FAILED tests/parity/test_regression.py::test_nns_reg_dim_red_matches_r[equal] - AssertionError: 
Not equal to tolerance rtol=1e-07, atol=1e-10

Mismatched elements: 1 / 1 (100%)
Max absolute difference among violations: 0.01077887
Max relative difference among violations: 0.01257997
 ACTUAL: array(0.867607)
 DESIRED: array(0.856828)
FAILED tests/parity/test_regression.py::test_nns_reg_mode_noise_reduction_matches_r[1-random-50] - AssertionError: 
Not equal to tolerance rtol=1e-07, atol=1e-10

Mismatched elements: 1 / 1 (100%)
Max absolute difference among violations: 0.08393077
Max relative difference among violations: 1.55376866
 ACTUAL: array(0.029913)
 DESIRED: array(-0.054018)
FAILED tests/parity/test_regression.py::test_nns_reg_confidence_interval_matches_r[None-off-point_est2-0.8-sin] - AssertionError: 
Not equal to tolerance rtol=1e-07, atol=1e-10

Mismatched elements: 1 / 1 (100%)
Max absolute difference among violations: 4.67837357e-05
Max relative difference among violations: 4.67905699e-05
 ACTUAL: array(0.999901)
 DESIRED: array(0.999854)
FAILED tests/parity/test_regression.py::test_nns_reg_dim_red_matches_r[method5] - AssertionError: 
Not equal to tolerance rtol=1e-07, atol=1e-10

Mismatched elements: 1 / 1 (100%)
Max absolute difference among violations: 0.00651398
Max relative difference among violations: 0.00657506
 ACTUAL: array(0.997225)
 DESIRED: array(0.990711)
FAILED tests/parity/test_regression.py::test_nns_reg_confidence_interval_matches_r[None-off-point_est2-0.95-linear] - AssertionError: 
Not equal to tolerance rtol=1e-07, atol=1e-10

Mismatched elements: 1 / 1 (100%)
Max absolute difference among violations: 1.28128482e-05
Max relative difference among violations: 1.28155144e-05
 ACTUAL: array(0.999805)
 DESIRED: array(0.999792)
FAILED tests/parity/test_regression.py::test_nns_reg_confidence_interval_matches_r[1-off-None-0.8-linear] - AssertionError: 
Not equal to tolerance rtol=1e-07, atol=1e-10

Mismatched elements: 1 / 1 (100%)
Max absolute difference among violations: 0.00012949
Max relative difference among violations: 0.00012955
 ACTUAL: array(0.999705)
 DESIRED: array(0.999576)
FAILED tests/parity/test_regression.py::test_nns_reg_confidence_interval_matches_r[None-off-point_est2-0.95-quadratic] - AssertionError: 
Not equal to tolerance rtol=1e-07, atol=1e-10

Mismatched elements: 1 / 1 (100%)
Max absolute difference among violations: 0.00290371
Max relative difference among violations: 0.00295788
 ACTUAL: array(0.984587)
 DESIRED: array(0.981684)
FAILED tests/parity/test_regression.py::test_nns_reg_confidence_interval_matches_r[1-off-None-0.8-quadratic] - AssertionError: 
Not equal to tolerance rtol=1e-07, atol=1e-10

Mismatched elements: 1 / 1 (100%)
Max absolute difference among violations: 0.85904781
Max relative difference among violations: 11.18024717
 ACTUAL: array(0.935884)
 DESIRED: array(0.076836)
FAILED tests/parity/test_regression.py::test_nns_reg_confidence_interval_matches_r[1-mean-point_est1-0.95-sin] - AssertionError: 
Not equal to tolerance rtol=1e-07, atol=1e-10

Mismatched elements: 1 / 1 (100%)
Max absolute difference among violations: 0.08058727
Max relative difference among violations: 0.09244322
 ACTUAL: array(0.952336)
 DESIRED: array(0.871749)
FAILED tests/parity/test_regression.py::test_nns_reg_confidence_interval_matches_r[None-off-point_est2-0.95-sin] - AssertionError: 
Not equal to tolerance rtol=1e-07, atol=1e-10

Mismatched elements: 1 / 1 (100%)
Max absolute difference among violations: 4.67837357e-05
Max relative difference among violations: 4.67905699e-05
 ACTUAL: array(0.999901)
 DESIRED: array(0.999854)
FAILED tests/parity/test_regression.py::test_nns_reg_confidence_interval_matches_r[1-off-None-0.8-sin] - AssertionError: 
Not equal to tolerance rtol=1e-07, atol=1e-10

Mismatched elements: 1 / 1 (100%)
Max absolute difference among violations: 0.0932968
Max relative difference among violations: 0.11021398
 ACTUAL: array(0.939803)
 DESIRED: array(0.846506)
FAILED tests/parity/test_regression.py::test_nns_reg_confidence_interval_matches_r[1-mean-point_est2-0.8-linear] - AssertionError: 
Not equal to tolerance rtol=1e-07, atol=1e-10

Mismatched elements: 1 / 1 (100%)
Max absolute difference among violations: 6.45397606e-05
Max relative difference among violations: 6.45637021e-05
 ACTUAL: array(0.999694)
 DESIRED: array(0.999629)
FAILED tests/parity/test_regression.py::test_nns_reg_confidence_interval_matches_r[2-off-point_est1-0.8-linear] - AssertionError: 
Not equal to tolerance rtol=1e-07, atol=1e-10

Mismatched elements: 1 / 1 (100%)
Max absolute difference among violations: 0.00014252
Max relative difference among violations: 0.00014258
 ACTUAL: array(0.999707)
 DESIRED: array(0.999565)
FAILED tests/parity/test_regression.py::test_nns_reg_confidence_interval_matches_r[1-off-None-0.95-linear] - AssertionError: 
Not equal to tolerance rtol=1e-07, atol=1e-10

Mismatched elements: 1 / 1 (100%)
Max absolute difference among violations: 0.00012949
Max relative difference among violations: 0.00012955
 ACTUAL: array(0.999705)
 DESIRED: array(0.999576)
FAILED tests/parity/test_regression.py::test_nns_reg_confidence_interval_matches_r[1-mean-point_est2-0.8-quadratic] - AssertionError: 
Not equal to tolerance rtol=1e-07, atol=1e-10

Mismatched elements: 1 / 1 (100%)
Max absolute difference among violations: 1.2758565
Max relative difference among violations: 3.77493169
 ACTUAL: array(0.937875)
 DESIRED: array(-0.337981)
FAILED tests/parity/test_regression.py::test_nns_reg_confidence_interval_matches_r[2-off-point_est1-0.8-quadratic] - AssertionError: 
Not equal to tolerance rtol=1e-07, atol=1e-10

Mismatched elements: 1 / 1 (100%)
Max absolute difference among violations: 0.08973881
Max relative difference among violations: 0.10468551
 ACTUAL: array(0.946962)
 DESIRED: array(0.857223)
FAILED tests/parity/test_regression.py::test_nns_reg_confidence_interval_matches_r[1-off-None-0.95-quadratic] - AssertionError: 
Not equal to tolerance rtol=1e-07, atol=1e-10

Mismatched elements: 1 / 1 (100%)
Max absolute difference among violations: 0.85904781
Max relative difference among violations: 11.18024717
 ACTUAL: array(0.935884)
 DESIRED: array(0.076836)
FAILED tests/parity/test_regression.py::test_nns_reg_confidence_interval_matches_r[2-off-point_est1-0.8-sin] - AssertionError: 
Not equal to tolerance rtol=1e-07, atol=1e-10

Mismatched elements: 1 / 1 (100%)
Max absolute difference among violations: 0.01141969
Max relative difference among violations: 0.01158837
 ACTUAL: array(0.996864)
 DESIRED: array(0.985444)
FAILED tests/parity/test_regression.py::test_nns_reg_confidence_interval_matches_r[1-mean-point_est2-0.8-sin] - AssertionError: 
Not equal to tolerance rtol=1e-07, atol=1e-10

Mismatched elements: 1 / 1 (100%)
Max absolute difference among violations: 0.08058727
Max relative difference among violations: 0.09244322
 ACTUAL: array(0.952336)
 DESIRED: array(0.871749)
FAILED tests/parity/test_regression.py::test_nns_reg_confidence_interval_matches_r[1-off-None-0.95-sin] - AssertionError: 
Not equal to tolerance rtol=1e-07, atol=1e-10

Mismatched elements: 1 / 1 (100%)
Max absolute difference among violations: 0.0932968
Max relative difference among violations: 0.11021398
 ACTUAL: array(0.939803)
 DESIRED: array(0.846506)
FAILED tests/parity/test_regression.py::test_nns_reg_confidence_interval_matches_r[2-off-point_est1-0.95-linear] - AssertionError: 
Not equal to tolerance rtol=1e-07, atol=1e-10

Mismatched elements: 1 / 1 (100%)
Max absolute difference among violations: 0.00014252
Max relative difference among violations: 0.00014258
 ACTUAL: array(0.999707)
 DESIRED: array(0.999565)
FAILED tests/parity/test_regression.py::test_nns_reg_confidence_interval_matches_r[1-off-point_est1-0.8-linear] - AssertionError: 
Not equal to tolerance rtol=1e-07, atol=1e-10

Mismatched elements: 1 / 1 (100%)
Max absolute difference among violations: 0.00012949
Max relative difference among violations: 0.00012955
 ACTUAL: array(0.999705)
 DESIRED: array(0.999576)
FAILED tests/parity/test_regression.py::test_nns_reg_confidence_interval_matches_r[1-off-point_est1-0.8-quadratic] - AssertionError: 
Not equal to tolerance rtol=1e-07, atol=1e-10

Mismatched elements: 1 / 1 (100%)
Max absolute difference among violations: 0.85904781
Max relative difference among violations: 11.18024717
 ACTUAL: array(0.935884)
 DESIRED: array(0.076836)
FAILED tests/parity/test_regression.py::test_nns_reg_confidence_interval_matches_r[1-mean-point_est2-0.95-linear] - AssertionError: 
Not equal to tolerance rtol=1e-07, atol=1e-10

Mismatched elements: 1 / 1 (100%)
Max absolute difference among violations: 6.45397606e-05
Max relative difference among violations: 6.45637021e-05
 ACTUAL: array(0.999694)
 DESIRED: array(0.999629)
FAILED tests/parity/test_regression.py::test_nns_reg_confidence_interval_matches_r[1-off-point_est1-0.8-sin] - AssertionError: 
Not equal to tolerance rtol=1e-07, atol=1e-10

Mismatched elements: 1 / 1 (100%)
Max absolute difference among violations: 0.0932968
Max relative difference among violations: 0.11021398
 ACTUAL: array(0.939803)
 DESIRED: array(0.846506)
FAILED tests/parity/test_regression.py::test_nns_reg_confidence_interval_matches_r[2-off-point_est1-0.95-quadratic] - AssertionError: 
Not equal to tolerance rtol=1e-07, atol=1e-10

Mismatched elements: 1 / 1 (100%)
Max absolute difference among violations: 0.08973881
Max relative difference among violations: 0.10468551
 ACTUAL: array(0.946962)
 DESIRED: array(0.857223)
FAILED tests/parity/test_regression.py::test_nns_reg_confidence_interval_matches_r[1-mean-point_est2-0.95-quadratic] - AssertionError: 
Not equal to tolerance rtol=1e-07, atol=1e-10

Mismatched elements: 1 / 1 (100%)
Max absolute difference among violations: 1.2758565
Max relative difference among violations: 3.77493169
 ACTUAL: array(0.937875)
 DESIRED: array(-0.337981)
FAILED tests/parity/test_regression.py::test_nns_reg_confidence_interval_matches_r[2-off-point_est1-0.95-sin] - AssertionError: 
Not equal to tolerance rtol=1e-07, atol=1e-10

Mismatched elements: 1 / 1 (100%)
Max absolute difference among violations: 0.01141969
Max relative difference among violations: 0.01158837
 ACTUAL: array(0.996864)
 DESIRED: array(0.985444)
FAILED tests/parity/test_regression.py::test_nns_reg_confidence_interval_matches_r[1-mean-point_est2-0.95-sin] - AssertionError: 
Not equal to tolerance rtol=1e-07, atol=1e-10

Mismatched elements: 1 / 1 (100%)
Max absolute difference among violations: 0.08058727
Max relative difference among violations: 0.09244322
 ACTUAL: array(0.952336)
 DESIRED: array(0.871749)
FAILED tests/parity/test_regression.py::test_nns_reg_confidence_interval_matches_r[1-off-point_est1-0.95-linear] - AssertionError: 
Not equal to tolerance rtol=1e-07, atol=1e-10

Mismatched elements: 1 / 1 (100%)
Max absolute difference among violations: 0.00012949
Max relative difference among violations: 0.00012955
 ACTUAL: array(0.999705)
 DESIRED: array(0.999576)
FAILED tests/parity/test_regression.py::test_nns_reg_confidence_interval_matches_r[2-off-point_est2-0.8-linear] - AssertionError: 
Not equal to tolerance rtol=1e-07, atol=1e-10

Mismatched elements: 1 / 1 (100%)
Max absolute difference among violations: 0.00014252
Max relative difference among violations: 0.00014258
 ACTUAL: array(0.999707)
 DESIRED: array(0.999565)
FAILED tests/parity/test_regression.py::test_nns_reg_confidence_interval_matches_r[None-median-None-0.8-linear] - AssertionError: 
Not equal to tolerance rtol=1e-07, atol=1e-10

Mismatched elements: 1 / 1 (100%)
Max absolute difference among violations: 3.97067093e-07
Max relative difference among violations: 3.97080372e-07
 ACTUAL: array(0.999967)
 DESIRED: array(0.999967)
FAILED tests/parity/test_regression.py::test_nns_reg_confidence_interval_matches_r[1-off-point_est1-0.95-quadratic] - AssertionError: 
Not equal to tolerance rtol=1e-07, atol=1e-10

Mismatched elements: 1 / 1 (100%)
Max absolute difference among violations: 0.85904781
Max relative difference among violations: 11.18024717
 ACTUAL: array(0.935884)
 DESIRED: array(0.076836)
FAILED tests/parity/test_regression.py::test_nns_reg_confidence_interval_matches_r[2-off-point_est2-0.8-quadratic] - AssertionError: 
Not equal to tolerance rtol=1e-07, atol=1e-10

Mismatched elements: 1 / 1 (100%)
Max absolute difference among violations: 0.08973881
Max relative difference among violations: 0.10468551
 ACTUAL: array(0.946962)
 DESIRED: array(0.857223)
FAILED tests/parity/test_regression.py::test_nns_reg_confidence_interval_matches_r[None-median-None-0.8-quadratic] - AssertionError: 
Not equal to tolerance rtol=1e-07, atol=1e-10

Mismatched elements: 1 / 1 (100%)
Max absolute difference among violations: 0.00107883
Max relative difference among violations: 0.00108027
 ACTUAL: array(0.99974)
 DESIRED: array(0.998661)
FAILED tests/parity/test_regression.py::test_nns_reg_confidence_interval_matches_r[2-off-point_est2-0.8-sin] - AssertionError: 
Not equal to tolerance rtol=1e-07, atol=1e-10

Mismatched elements: 1 / 1 (100%)
Max absolute difference among violations: 0.01141969
Max relative difference among violations: 0.01158837
 ACTUAL: array(0.996864)
 DESIRED: array(0.985444)
FAILED tests/parity/test_regression.py::test_nns_reg_confidence_interval_matches_r[1-off-point_est1-0.95-sin] - AssertionError: 
Not equal to tolerance rtol=1e-07, atol=1e-10

Mismatched elements: 1 / 1 (100%)
Max absolute difference among violations: 0.0932968
Max relative difference among violations: 0.11021398
 ACTUAL: array(0.939803)
 DESIRED: array(0.846506)
FAILED tests/parity/test_regression.py::test_nns_reg_confidence_interval_matches_r[None-median-None-0.8-sin] - AssertionError: 
Not equal to tolerance rtol=1e-07, atol=1e-10

Mismatched elements: 1 / 1 (100%)
Max absolute difference among violations: 2.07566372e-05
Max relative difference among violations: 2.07573181e-05
 ACTUAL: array(0.999988)
 DESIRED: array(0.999967)
FAILED tests/parity/test_regression.py::test_nns_reg_confidence_interval_matches_r[2-off-point_est2-0.95-linear] - AssertionError: 
Not equal to tolerance rtol=1e-07, atol=1e-10

Mismatched elements: 1 / 1 (100%)
Max absolute difference among violations: 0.00014252
Max relative difference among violations: 0.00014258
 ACTUAL: array(0.999707)
 DESIRED: array(0.999565)
FAILED tests/parity/test_regression.py::test_nns_reg_confidence_interval_matches_r[1-off-point_est2-0.8-linear] - AssertionError: 
Not equal to tolerance rtol=1e-07, atol=1e-10

Mismatched elements: 1 / 1 (100%)
Max absolute difference among violations: 0.00012949
Max relative difference among violations: 0.00012955
 ACTUAL: array(0.999705)
 DESIRED: array(0.999576)
FAILED tests/parity/test_regression.py::test_nns_reg_confidence_interval_matches_r[None-median-None-0.95-linear] - AssertionError: 
Not equal to tolerance rtol=1e-07, atol=1e-10

Mismatched elements: 1 / 1 (100%)
Max absolute difference among violations: 3.97067093e-07
Max relative difference among violations: 3.97080372e-07
 ACTUAL: array(0.999967)
 DESIRED: array(0.999967)
FAILED tests/parity/test_regression.py::test_nns_reg_confidence_interval_matches_r[2-off-point_est2-0.95-quadratic] - AssertionError: 
Not equal to tolerance rtol=1e-07, atol=1e-10

Mismatched elements: 1 / 1 (100%)
Max absolute difference among violations: 0.08973881
Max relative difference among violations: 0.10468551
 ACTUAL: array(0.946962)
 DESIRED: array(0.857223)
FAILED tests/parity/test_regression.py::test_nns_reg_confidence_interval_matches_r[1-off-point_est2-0.8-quadratic] - AssertionError: 
Not equal to tolerance rtol=1e-07, atol=1e-10

Mismatched elements: 1 / 1 (100%)
Max absolute difference among violations: 0.85904781
Max relative difference among violations: 11.18024717
 ACTUAL: array(0.935884)
 DESIRED: array(0.076836)
FAILED tests/parity/test_regression.py::test_nns_reg_confidence_interval_matches_r[None-median-None-0.95-quadratic] - AssertionError: 
Not equal to tolerance rtol=1e-07, atol=1e-10

Mismatched elements: 1 / 1 (100%)
Max absolute difference among violations: 0.00107883
Max relative difference among violations: 0.00108027
 ACTUAL: array(0.99974)
 DESIRED: array(0.998661)
FAILED tests/parity/test_regression.py::test_nns_reg_confidence_interval_matches_r[2-off-point_est2-0.95-sin] - AssertionError: 
Not equal to tolerance rtol=1e-07, atol=1e-10

Mismatched elements: 1 / 1 (100%)
Max absolute difference among violations: 0.01141969
Max relative difference among violations: 0.01158837
 ACTUAL: array(0.996864)
 DESIRED: array(0.985444)
FAILED tests/parity/test_regression.py::test_nns_reg_confidence_interval_matches_r[1-off-point_est2-0.8-sin] - AssertionError: 
Not equal to tolerance rtol=1e-07, atol=1e-10

Mismatched elements: 1 / 1 (100%)
Max absolute difference among violations: 0.0932968
Max relative difference among violations: 0.11021398
 ACTUAL: array(0.939803)
 DESIRED: array(0.846506)
FAILED tests/parity/test_regression.py::test_nns_reg_confidence_interval_matches_r[1-off-point_est2-0.95-linear] - AssertionError: 
Not equal to tolerance rtol=1e-07, atol=1e-10

Mismatched elements: 1 / 1 (100%)
Max absolute difference among violations: 0.00012949
Max relative difference among violations: 0.00012955
 ACTUAL: array(0.999705)
 DESIRED: array(0.999576)
FAILED tests/parity/test_regression.py::test_nns_reg_confidence_interval_matches_r[None-median-None-0.95-sin] - AssertionError: 
Not equal to tolerance rtol=1e-07, atol=1e-10

Mismatched elements: 1 / 1 (100%)
Max absolute difference among violations: 2.07566372e-05
Max relative difference among violations: 2.07573181e-05
 ACTUAL: array(0.999988)
 DESIRED: array(0.999967)
FAILED tests/parity/test_regression.py::test_nns_reg_confidence_interval_matches_r[1-mean-None-0.8-linear] - AssertionError: 
Not equal to tolerance rtol=1e-07, atol=1e-10

Mismatched elements: 1 / 1 (100%)
Max absolute difference among violations: 6.45397606e-05
Max relative difference among violations: 6.45637021e-05
 ACTUAL: array(0.999694)
 DESIRED: array(0.999629)
FAILED tests/parity/test_regression.py::test_nns_reg_confidence_interval_matches_r[1-off-point_est2-0.95-quadratic] - AssertionError: 
Not equal to tolerance rtol=1e-07, atol=1e-10

Mismatched elements: 1 / 1 (100%)
Max absolute difference among violations: 0.85904781
Max relative difference among violations: 11.18024717
 ACTUAL: array(0.935884)
 DESIRED: array(0.076836)
FAILED tests/parity/test_regression.py::test_nns_reg_confidence_interval_matches_r[None-median-point_est1-0.8-linear] - AssertionError: 
Not equal to tolerance rtol=1e-07, atol=1e-10

Mismatched elements: 1 / 1 (100%)
Max absolute difference among violations: 3.97067093e-07
Max relative difference among violations: 3.97080372e-07
 ACTUAL: array(0.999967)
 DESIRED: array(0.999967)
FAILED tests/parity/test_regression.py::test_nns_reg_confidence_interval_matches_r[1-mean-None-0.8-quadratic] - AssertionError: 
Not equal to tolerance rtol=1e-07, atol=1e-10

Mismatched elements: 1 / 1 (100%)
Max absolute difference among violations: 1.2758565
Max relative difference among violations: 3.77493169
 ACTUAL: array(0.937875)
 DESIRED: array(-0.337981)
FAILED tests/parity/test_regression.py::test_nns_reg_confidence_interval_matches_r[1-off-point_est2-0.95-sin] - AssertionError: 
Not equal to tolerance rtol=1e-07, atol=1e-10

Mismatched elements: 1 / 1 (100%)
Max absolute difference among violations: 0.0932968
Max relative difference among violations: 0.11021398
 ACTUAL: array(0.939803)
 DESIRED: array(0.846506)
FAILED tests/parity/test_regression.py::test_nns_reg_confidence_interval_matches_r[2-off-None-0.8-linear] - AssertionError: 
Not equal to tolerance rtol=1e-07, atol=1e-10

Mismatched elements: 1 / 1 (100%)
Max absolute difference among violations: 0.00014252
Max relative difference among violations: 0.00014258
 ACTUAL: array(0.999707)
 DESIRED: array(0.999565)
FAILED tests/parity/test_regression.py::test_nns_reg_confidence_interval_matches_r[2-off-None-0.8-quadratic] - AssertionError: 
Not equal to tolerance rtol=1e-07, atol=1e-10

Mismatched elements: 1 / 1 (100%)
Max absolute difference among violations: 0.08973881
Max relative difference among violations: 0.10468551
 ACTUAL: array(0.946962)
 DESIRED: array(0.857223)
FAILED tests/parity/test_regression.py::test_nns_reg_confidence_interval_matches_r[1-mean-None-0.8-sin] - AssertionError: 
Not equal to tolerance rtol=1e-07, atol=1e-10

Mismatched elements: 1 / 1 (100%)
Max absolute difference among violations: 0.08058727
Max relative difference among violations: 0.09244322
 ACTUAL: array(0.952336)
 DESIRED: array(0.871749)
FAILED tests/parity/test_regression.py::test_nns_reg_confidence_interval_matches_r[None-median-point_est1-0.8-quadratic] - AssertionError: 
Not equal to tolerance rtol=1e-07, atol=1e-10

Mismatched elements: 1 / 1 (100%)
Max absolute difference among violations: 0.00107883
Max relative difference among violations: 0.00108027
 ACTUAL: array(0.99974)
 DESIRED: array(0.998661)
FAILED tests/parity/test_regression.py::test_nns_reg_confidence_interval_matches_r[1-mean-None-0.95-linear] - AssertionError: 
Not equal to tolerance rtol=1e-07, atol=1e-10

Mismatched elements: 1 / 1 (100%)
Max absolute difference among violations: 6.45397606e-05
Max relative difference among violations: 6.45637021e-05
 ACTUAL: array(0.999694)
 DESIRED: array(0.999629)
FAILED tests/parity/test_regression.py::test_nns_reg_confidence_interval_matches_r[None-median-point_est1-0.8-sin] - AssertionError: 
Not equal to tolerance rtol=1e-07, atol=1e-10

Mismatched elements: 1 / 1 (100%)
Max absolute difference among violations: 2.07566372e-05
Max relative difference among violations: 2.07573181e-05
 ACTUAL: array(0.999988)
 DESIRED: array(0.999967)
FAILED tests/parity/test_regression.py::test_nns_reg_confidence_interval_matches_r[1-mean-None-0.95-quadratic] - AssertionError: 
Not equal to tolerance rtol=1e-07, atol=1e-10

Mismatched elements: 1 / 1 (100%)
Max absolute difference among violations: 1.2758565
Max relative difference among violations: 3.77493169
 ACTUAL: array(0.937875)
 DESIRED: array(-0.337981)
FAILED tests/parity/test_regression.py::test_nns_reg_confidence_interval_matches_r[2-off-None-0.8-sin] - AssertionError: 
Not equal to tolerance rtol=1e-07, atol=1e-10

Mismatched elements: 1 / 1 (100%)
Max absolute difference among violations: 0.01141969
Max relative difference among violations: 0.01158837
 ACTUAL: array(0.996864)
 DESIRED: array(0.985444)
FAILED tests/parity/test_regression.py::test_nns_reg_confidence_interval_matches_r[None-median-point_est1-0.95-linear] - AssertionError: 
Not equal to tolerance rtol=1e-07, atol=1e-10

Mismatched elements: 1 / 1 (100%)
Max absolute difference among violations: 3.97067093e-07
Max relative difference among violations: 3.97080372e-07
 ACTUAL: array(0.999967)
 DESIRED: array(0.999967)
FAILED tests/parity/test_regression.py::test_nns_reg_confidence_interval_matches_r[1-mean-None-0.95-sin] - AssertionError: 
Not equal to tolerance rtol=1e-07, atol=1e-10

Mismatched elements: 1 / 1 (100%)
Max absolute difference among violations: 0.08058727
Max relative difference among violations: 0.09244322
 ACTUAL: array(0.952336)
 DESIRED: array(0.871749)
FAILED tests/parity/test_regression.py::test_nns_reg_confidence_interval_matches_r[2-off-None-0.95-linear] - AssertionError: 
Not equal to tolerance rtol=1e-07, atol=1e-10

Mismatched elements: 1 / 1 (100%)
Max absolute difference among violations: 0.00014252
Max relative difference among violations: 0.00014258
 ACTUAL: array(0.999707)
 DESIRED: array(0.999565)
FAILED tests/parity/test_regression.py::test_nns_reg_confidence_interval_matches_r[None-median-point_est1-0.95-quadratic] - AssertionError: 
Not equal to tolerance rtol=1e-07, atol=1e-10

Mismatched elements: 1 / 1 (100%)
Max absolute difference among violations: 0.00107883
Max relative difference among violations: 0.00108027
 ACTUAL: array(0.99974)
 DESIRED: array(0.998661)
FAILED tests/parity/test_regression.py::test_nns_reg_confidence_interval_matches_r[2-off-None-0.95-quadratic] - AssertionError: 
Not equal to tolerance rtol=1e-07, atol=1e-10

Mismatched elements: 1 / 1 (100%)
Max absolute difference among violations: 0.08973881
Max relative difference among violations: 0.10468551
 ACTUAL: array(0.946962)
 DESIRED: array(0.857223)
FAILED tests/parity/test_regression.py::test_nns_reg_confidence_interval_matches_r[1-mean-point_est1-0.8-linear] - AssertionError: 
Not equal to tolerance rtol=1e-07, atol=1e-10

Mismatched elements: 1 / 1 (100%)
Max absolute difference among violations: 6.45397606e-05
Max relative difference among violations: 6.45637021e-05
 ACTUAL: array(0.999694)
 DESIRED: array(0.999629)
FAILED tests/parity/test_regression.py::test_nns_reg_confidence_interval_matches_r[None-median-point_est1-0.95-sin] - AssertionError: 
Not equal to tolerance rtol=1e-07, atol=1e-10

Mismatched elements: 1 / 1 (100%)
Max absolute difference among violations: 2.07566372e-05
Max relative difference among violations: 2.07573181e-05
 ACTUAL: array(0.999988)
 DESIRED: array(0.999967)
FAILED tests/parity/test_regression.py::test_nns_reg_confidence_interval_matches_r[1-mean-point_est1-0.8-quadratic] - AssertionError: 
Not equal to tolerance rtol=1e-07, atol=1e-10

Mismatched elements: 1 / 1 (100%)
Max absolute difference among violations: 1.2758565
Max relative difference among violations: 3.77493169
 ACTUAL: array(0.937875)
 DESIRED: array(-0.337981)
FAILED tests/parity/test_regression.py::test_nns_reg_confidence_interval_matches_r[2-off-None-0.95-sin] - AssertionError: 
Not equal to tolerance rtol=1e-07, atol=1e-10

Mismatched elements: 1 / 1 (100%)
Max absolute difference among violations: 0.01141969
Max relative difference among violations: 0.01158837
 ACTUAL: array(0.996864)
 DESIRED: array(0.985444)
FAILED tests/parity/test_regression.py::test_nns_reg_confidence_interval_matches_r[1-median-point_est2-0.95-quadratic] - AssertionError: 
Not equal to tolerance rtol=1e-07, atol=1e-10

Mismatched elements: 1 / 1 (100%)
Max absolute difference among violations: 0.95001187
Max relative difference among violations: 78.27581522
 ACTUAL: array(0.937875)
 DESIRED: array(-0.012137)
FAILED tests/parity/test_regression.py::test_nns_reg_confidence_interval_matches_r[1-mean-point_est1-0.8-sin] - AssertionError: 
Not equal to tolerance rtol=1e-07, atol=1e-10

Mismatched elements: 1 / 1 (100%)
Max absolute difference among violations: 0.08058727
Max relative difference among violations: 0.09244322
 ACTUAL: array(0.952336)
 DESIRED: array(0.871749)
FAILED tests/parity/test_regression.py::test_nns_reg_confidence_interval_matches_r[None-median-point_est2-0.8-linear] - AssertionError: 
Not equal to tolerance rtol=1e-07, atol=1e-10

Mismatched elements: 1 / 1 (100%)
Max absolute difference among violations: 3.97067093e-07
Max relative difference among violations: 3.97080372e-07
 ACTUAL: array(0.999967)
 DESIRED: array(0.999967)
FAILED tests/parity/test_regression.py::test_nns_reg_confidence_interval_matches_r[1-median-point_est2-0.95-sin] - AssertionError: 
Not equal to tolerance rtol=1e-07, atol=1e-10

Mismatched elements: 1 / 1 (100%)
Max absolute difference among violations: 0.08058727
Max relative difference among violations: 0.09244322
 ACTUAL: array(0.952336)
 DESIRED: array(0.871749)
FAILED tests/parity/test_regression.py::test_nns_reg_confidence_interval_matches_r[1-mean-point_est1-0.95-linear] - AssertionError: 
Not equal to tolerance rtol=1e-07, atol=1e-10

Mismatched elements: 1 / 1 (100%)
Max absolute difference among violations: 6.45397606e-05
Max relative difference among violations: 6.45637021e-05
 ACTUAL: array(0.999694)
 DESIRED: array(0.999629)
FAILED tests/parity/test_regression.py::test_nns_reg_confidence_interval_matches_r[None-median-point_est2-0.8-quadratic] - AssertionError: 
Not equal to tolerance rtol=1e-07, atol=1e-10

Mismatched elements: 1 / 1 (100%)
Max absolute difference among violations: 0.00107883
Max relative difference among violations: 0.00108027
 ACTUAL: array(0.99974)
 DESIRED: array(0.998661)
FAILED tests/parity/test_regression.py::test_nns_reg_confidence_interval_matches_r[1-mean-point_est1-0.95-quadratic] - AssertionError: 
Not equal to tolerance rtol=1e-07, atol=1e-10

Mismatched elements: 1 / 1 (100%)
Max absolute difference among violations: 1.2758565
Max relative difference among violations: 3.77493169
 ACTUAL: array(0.937875)
 DESIRED: array(-0.337981)
FAILED tests/parity/test_regression.py::test_nns_reg_confidence_interval_matches_r[2-median-None-0.8-linear] - AssertionError: 
Not equal to tolerance rtol=1e-07, atol=1e-10

Mismatched elements: 1 / 1 (100%)
Max absolute difference among violations: 0.00019963
Max relative difference among violations: 0.00019973
 ACTUAL: array(0.999709)
 DESIRED: array(0.999509)
FAILED tests/parity/test_regression.py::test_nns_reg_confidence_interval_matches_r[None-median-point_est2-0.8-sin] - AssertionError: 
Not equal to tolerance rtol=1e-07, atol=1e-10

Mismatched elements: 1 / 1 (100%)
Max absolute difference among violations: 2.07566372e-05
Max relative difference among violations: 2.07573181e-05
 ACTUAL: array(0.999988)
 DESIRED: array(0.999967)
FAILED tests/parity/test_regression.py::test_nns_reg_confidence_interval_matches_r[2-median-point_est2-0.95-sin] - AssertionError: 
Not equal to tolerance rtol=1e-07, atol=1e-10

Mismatched elements: 1 / 1 (100%)
Max absolute difference among violations: 0.00576354
Max relative difference among violations: 0.0058076
 ACTUAL: array(0.998178)
 DESIRED: array(0.992414)
FAILED tests/parity/test_regression.py::test_nns_reg_confidence_interval_matches_r[2-median-None-0.8-quadratic] - AssertionError: 
Not equal to tolerance rtol=1e-07, atol=1e-10

Mismatched elements: 1 / 1 (100%)
Max absolute difference among violations: 0.14579955
Max relative difference among violations: 0.18167013
 ACTUAL: array(0.948351)
 DESIRED: array(0.802551)
FAILED tests/parity/test_regression.py::test_nns_reg_confidence_interval_matches_r[None-median-point_est2-0.95-linear] - AssertionError: 
Not equal to tolerance rtol=1e-07, atol=1e-10

Mismatched elements: 1 / 1 (100%)
Max absolute difference among violations: 3.97067093e-07
Max relative difference among violations: 3.97080372e-07
 ACTUAL: array(0.999967)
 DESIRED: array(0.999967)
FAILED tests/parity/test_regression.py::test_nns_reg_confidence_interval_matches_r[2-median-None-0.8-sin] - AssertionError: 
Not equal to tolerance rtol=1e-07, atol=1e-10

Mismatched elements: 1 / 1 (100%)
Max absolute difference among violations: 0.00576354
Max relative difference among violations: 0.0058076
 ACTUAL: array(0.998178)
 DESIRED: array(0.992414)
FAILED tests/parity/test_regression.py::test_nns_reg_confidence_interval_matches_r[None-median-point_est2-0.95-quadratic] - AssertionError: 
Not equal to tolerance rtol=1e-07, atol=1e-10

Mismatched elements: 1 / 1 (100%)
Max absolute difference among violations: 0.00107883
Max relative difference among violations: 0.00108027
 ACTUAL: array(0.99974)
 DESIRED: array(0.998661)
FAILED tests/parity/test_regression.py::test_nns_reg_confidence_interval_matches_r[2-median-None-0.95-linear] - AssertionError: 
Not equal to tolerance rtol=1e-07, atol=1e-10

Mismatched elements: 1 / 1 (100%)
Max absolute difference among violations: 0.00019963
Max relative difference among violations: 0.00019973
 ACTUAL: array(0.999709)
 DESIRED: array(0.999509)
FAILED tests/parity/test_regression.py::test_nns_reg_below_range_point_est_pred_int_row_drop_matches_r - AssertionError: 
Not equal to tolerance rtol=1e-07, atol=1e-10

Mismatched elements: 1 / 1 (100%)
Max absolute difference among violations: 0.0932968
Max relative difference among violations: 0.11021398
 ACTUAL: array(0.939803)
 DESIRED: array(0.846506)
FAILED tests/parity/test_regression.py::test_nns_reg_confidence_interval_matches_r[None-median-point_est2-0.95-sin] - AssertionError: 
Not equal to tolerance rtol=1e-07, atol=1e-10

Mismatched elements: 1 / 1 (100%)
Max absolute difference among violations: 2.07566372e-05
Max relative difference among violations: 2.07573181e-05
 ACTUAL: array(0.999988)
 DESIRED: array(0.999967)
FAILED tests/parity/test_regression.py::test_nns_reg_confidence_interval_matches_r[2-median-None-0.95-quadratic] - AssertionError: 
Not equal to tolerance rtol=1e-07, atol=1e-10

Mismatched elements: 1 / 1 (100%)
Max absolute difference among violations: 0.14579955
Max relative difference among violations: 0.18167013
 ACTUAL: array(0.948351)
 DESIRED: array(0.802551)
FAILED tests/parity/test_regression.py::test_nns_reg_confidence_interval_matches_r[2-median-None-0.95-sin] - AssertionError: 
Not equal to tolerance rtol=1e-07, atol=1e-10

Mismatched elements: 1 / 1 (100%)
Max absolute difference among violations: 0.00576354
Max relative difference among violations: 0.0058076
 ACTUAL: array(0.998178)
 DESIRED: array(0.992414)
FAILED tests/parity/test_regression.py::test_nns_reg_confidence_interval_matches_r[1-median-None-0.8-linear] - AssertionError: 
Not equal to tolerance rtol=1e-07, atol=1e-10

Mismatched elements: 1 / 1 (100%)
Max absolute difference among violations: 0.00017716
Max relative difference among violations: 0.00017724
 ACTUAL: array(0.999707)
 DESIRED: array(0.999529)
FAILED tests/parity/test_regression.py::test_nns_reg_confidence_interval_matches_r[2-median-point_est1-0.8-linear] - AssertionError: 
Not equal to tolerance rtol=1e-07, atol=1e-10

Mismatched elements: 1 / 1 (100%)
Max absolute difference among violations: 0.00019963
Max relative difference among violations: 0.00019973
 ACTUAL: array(0.999709)
 DESIRED: array(0.999509)
FAILED tests/parity/test_regression.py::test_nns_reg_confidence_interval_matches_r[1-median-None-0.8-quadratic] - AssertionError: 
Not equal to tolerance rtol=1e-07, atol=1e-10

Mismatched elements: 1 / 1 (100%)
Max absolute difference among violations: 0.95001187
Max relative difference among violations: 78.27581522
 ACTUAL: array(0.937875)
 DESIRED: array(-0.012137)
FAILED tests/parity/test_regression.py::test_nns_reg_confidence_interval_matches_r[2-median-point_est1-0.8-quadratic] - AssertionError: 
Not equal to tolerance rtol=1e-07, atol=1e-10

Mismatched elements: 1 / 1 (100%)
Max absolute difference among violations: 0.14579955
Max relative difference among violations: 0.18167013
 ACTUAL: array(0.948351)
 DESIRED: array(0.802551)
FAILED tests/parity/test_regression.py::test_nns_reg_confidence_interval_matches_r[1-median-None-0.8-sin] - AssertionError: 
Not equal to tolerance rtol=1e-07, atol=1e-10

Mismatched elements: 1 / 1 (100%)
Max absolute difference among violations: 0.08058727
Max relative difference among violations: 0.09244322
 ACTUAL: array(0.952336)
 DESIRED: array(0.871749)
FAILED tests/parity/test_regression.py::test_nns_reg_confidence_interval_matches_r[1-median-None-0.95-linear] - AssertionError: 
Not equal to tolerance rtol=1e-07, atol=1e-10

Mismatched elements: 1 / 1 (100%)
Max absolute difference among violations: 0.00017716
Max relative difference among violations: 0.00017724
 ACTUAL: array(0.999707)
 DESIRED: array(0.999529)
FAILED tests/parity/test_regression.py::test_nns_reg_confidence_interval_matches_r[2-median-point_est1-0.8-sin] - AssertionError: 
Not equal to tolerance rtol=1e-07, atol=1e-10

Mismatched elements: 1 / 1 (100%)
Max absolute difference among violations: 0.00576354
Max relative difference among violations: 0.0058076
 ACTUAL: array(0.998178)
 DESIRED: array(0.992414)
FAILED tests/parity/test_regression.py::test_nns_reg_confidence_interval_matches_r[1-median-None-0.95-quadratic] - AssertionError: 
Not equal to tolerance rtol=1e-07, atol=1e-10

Mismatched elements: 1 / 1 (100%)
Max absolute difference among violations: 0.95001187
Max relative difference among violations: 78.27581522
 ACTUAL: array(0.937875)
 DESIRED: array(-0.012137)
FAILED tests/parity/test_regression.py::test_nns_reg_confidence_interval_matches_r[2-median-point_est1-0.95-linear] - AssertionError: 
Not equal to tolerance rtol=1e-07, atol=1e-10

Mismatched elements: 1 / 1 (100%)
Max absolute difference among violations: 0.00019963
Max relative difference among violations: 0.00019973
 ACTUAL: array(0.999709)
 DESIRED: array(0.999509)
FAILED tests/parity/test_regression.py::test_nns_reg_confidence_interval_matches_r[1-median-None-0.95-sin] - AssertionError: 
Not equal to tolerance rtol=1e-07, atol=1e-10

Mismatched elements: 1 / 1 (100%)
Max absolute difference among violations: 0.08058727
Max relative difference among violations: 0.09244322
 ACTUAL: array(0.952336)
 DESIRED: array(0.871749)
FAILED tests/parity/test_regression.py::test_nns_reg_confidence_interval_matches_r[1-median-point_est1-0.8-linear] - AssertionError: 
Not equal to tolerance rtol=1e-07, atol=1e-10

Mismatched elements: 1 / 1 (100%)
Max absolute difference among violations: 0.00017716
Max relative difference among violations: 0.00017724
 ACTUAL: array(0.999707)
 DESIRED: array(0.999529)
FAILED tests/parity/test_regression.py::test_nns_reg_confidence_interval_matches_r[2-median-point_est1-0.95-quadratic] - AssertionError: 
Not equal to tolerance rtol=1e-07, atol=1e-10

Mismatched elements: 1 / 1 (100%)
Max absolute difference among violations: 0.14579955
Max relative difference among violations: 0.18167013
 ACTUAL: array(0.948351)
 DESIRED: array(0.802551)
FAILED tests/parity/test_regression.py::test_nns_reg_confidence_interval_matches_r[1-median-point_est1-0.8-quadratic] - AssertionError: 
Not equal to tolerance rtol=1e-07, atol=1e-10

Mismatched elements: 1 / 1 (100%)
Max absolute difference among violations: 0.95001187
Max relative difference among violations: 78.27581522
 ACTUAL: array(0.937875)
 DESIRED: array(-0.012137)
FAILED tests/parity/test_regression.py::test_nns_reg_confidence_interval_matches_r[2-median-point_est1-0.95-sin] - AssertionError: 
Not equal to tolerance rtol=1e-07, atol=1e-10

Mismatched elements: 1 / 1 (100%)
Max absolute difference among violations: 0.00576354
Max relative difference among violations: 0.0058076
 ACTUAL: array(0.998178)
 DESIRED: array(0.992414)
FAILED tests/parity/test_regression.py::test_nns_reg_confidence_interval_matches_r[1-median-point_est1-0.8-sin] - AssertionError: 
Not equal to tolerance rtol=1e-07, atol=1e-10

Mismatched elements: 1 / 1 (100%)
Max absolute difference among violations: 0.08058727
Max relative difference among violations: 0.09244322
 ACTUAL: array(0.952336)
 DESIRED: array(0.871749)
FAILED tests/parity/test_regression.py::test_nns_reg_confidence_interval_matches_r[1-median-point_est1-0.95-linear] - AssertionError: 
Not equal to tolerance rtol=1e-07, atol=1e-10

Mismatched elements: 1 / 1 (100%)
Max absolute difference among violations: 0.00017716
Max relative difference among violations: 0.00017724
 ACTUAL: array(0.999707)
 DESIRED: array(0.999529)
FAILED tests/parity/test_regression.py::test_nns_reg_confidence_interval_matches_r[2-median-point_est2-0.8-linear] - AssertionError: 
Not equal to tolerance rtol=1e-07, atol=1e-10

Mismatched elements: 1 / 1 (100%)
Max absolute difference among violations: 0.00019963
Max relative difference among violations: 0.00019973
 ACTUAL: array(0.999709)
 DESIRED: array(0.999509)
FAILED tests/parity/test_regression.py::test_nns_reg_confidence_interval_matches_r[2-median-point_est2-0.8-quadratic] - AssertionError: 
Not equal to tolerance rtol=1e-07, atol=1e-10

Mismatched elements: 1 / 1 (100%)
Max absolute difference among violations: 0.14579955
Max relative difference among violations: 0.18167013
 ACTUAL: array(0.948351)
 DESIRED: array(0.802551)
FAILED tests/parity/test_regression.py::test_nns_reg_confidence_interval_matches_r[1-median-point_est1-0.95-quadratic] - AssertionError: 
Not equal to tolerance rtol=1e-07, atol=1e-10

Mismatched elements: 1 / 1 (100%)
Max absolute difference among violations: 0.95001187
Max relative difference among violations: 78.27581522
 ACTUAL: array(0.937875)
 DESIRED: array(-0.012137)
FAILED tests/parity/test_regression.py::test_nns_reg_confidence_interval_matches_r[1-median-point_est1-0.95-sin] - AssertionError: 
Not equal to tolerance rtol=1e-07, atol=1e-10

Mismatched elements: 1 / 1 (100%)
Max absolute difference among violations: 0.08058727
Max relative difference among violations: 0.09244322
 ACTUAL: array(0.952336)
 DESIRED: array(0.871749)
FAILED tests/parity/test_regression.py::test_nns_reg_confidence_interval_matches_r[2-median-point_est2-0.8-sin] - AssertionError: 
Not equal to tolerance rtol=1e-07, atol=1e-10

Mismatched elements: 1 / 1 (100%)
Max absolute difference among violations: 0.00576354
Max relative difference among violations: 0.0058076
 ACTUAL: array(0.998178)
 DESIRED: array(0.992414)
FAILED tests/parity/test_regression.py::test_nns_reg_confidence_interval_matches_r[1-median-point_est2-0.8-linear] - AssertionError: 
Not equal to tolerance rtol=1e-07, atol=1e-10

Mismatched elements: 1 / 1 (100%)
Max absolute difference among violations: 0.00017716
Max relative difference among violations: 0.00017724
 ACTUAL: array(0.999707)
 DESIRED: array(0.999529)
FAILED tests/parity/test_regression.py::test_nns_reg_confidence_interval_matches_r[2-median-point_est2-0.95-linear] - AssertionError: 
Not equal to tolerance rtol=1e-07, atol=1e-10

Mismatched elements: 1 / 1 (100%)
Max absolute difference among violations: 0.00019963
Max relative difference among violations: 0.00019973
 ACTUAL: array(0.999709)
 DESIRED: array(0.999509)
FAILED tests/parity/test_regression.py::test_nns_reg_confidence_interval_matches_r[1-median-point_est2-0.8-quadratic] - AssertionError: 
Not equal to tolerance rtol=1e-07, atol=1e-10

Mismatched elements: 1 / 1 (100%)
Max absolute difference among violations: 0.95001187
Max relative difference among violations: 78.27581522
 ACTUAL: array(0.937875)
 DESIRED: array(-0.012137)
FAILED tests/parity/test_regression.py::test_nns_reg_confidence_interval_matches_r[2-median-point_est2-0.95-quadratic] - AssertionError: 
Not equal to tolerance rtol=1e-07, atol=1e-10

Mismatched elements: 1 / 1 (100%)
Max absolute difference among violations: 0.14579955
Max relative difference among violations: 0.18167013
 ACTUAL: array(0.948351)
 DESIRED: array(0.802551)
FAILED tests/parity/test_regression.py::test_nns_reg_confidence_interval_matches_r[1-median-point_est2-0.8-sin] - AssertionError: 
Not equal to tolerance rtol=1e-07, atol=1e-10

Mismatched elements: 1 / 1 (100%)
Max absolute difference among violations: 0.08058727
Max relative difference among violations: 0.09244322
 ACTUAL: array(0.952336)
 DESIRED: array(0.871749)
FAILED tests/parity/test_regression.py::test_nns_reg_confidence_interval_matches_r[1-median-point_est2-0.95-linear] - AssertionError: 
Not equal to tolerance rtol=1e-07, atol=1e-10

Mismatched elements: 1 / 1 (100%)
Max absolute difference among violations: 0.00017716
Max relative difference among violations: 0.00017724
 ACTUAL: array(0.999707)
 DESIRED: array(0.999529)
241 failed, 1482 passed, 11 skipped, 22 warnings in 10.54s
